,wf_id,dieSize,lotid,labels,image,set
0,0,533.0,lot173,Near-full,wf_image_0.png,test
1,1,1376.0,lot45729,Edge-Loc,wf_image_1.png,val
2,2,515.0,lot36599,Center,wf_image_2.png,train
3,3,904.0,lot45648,Edge-Loc,wf_image_3.png,train
4,4,516.0,lot43281,Edge-Loc,wf_image_4.png,cal
5,5,2126.0,lot18380,Edge-Ring,wf_image_5.png,val
6,6,1080.0,lot24205,Random,wf_image_6.png,test
7,7,515.0,lot36926,Center,wf_image_7.png,test
8,8,533.0,lot136,Edge-Loc,wf_image_8.png,train
9,9,515.0,lot36833,Center,wf_image_9.png,train
10,10,516.0,lot43142,Random,wf_image_10.png,cal
11,11,12662.0,lot19848,Edge-Ring,wf_image_11.png,train
12,12,600.0,lot47523,Near-full,wf_image_12.png,test
13,13,904.0,lot45630,Edge-Loc,wf_image_13.png,train
14,14,1075.0,lot2489,Edge-Ring,wf_image_14.png,test
15,15,516.0,lot43536,Center,wf_image_15.png,train
16,16,533.0,lot42145,Loc,wf_image_16.png,train
17,17,904.0,lot45635,Center,wf_image_17.png,cal
18,18,516.0,lot43560,Edge-Loc,wf_image_18.png,train
19,19,2126.0,lot21560,Edge-Ring,wf_image_19.png,train
20,20,1080.0,lot21519,Random,wf_image_20.png,cal
21,21,1075.0,lot2489,Edge-Ring,wf_image_21.png,train
22,22,1109.0,lot45554,Center,wf_image_22.png,train
23,23,12662.0,lot24522,Edge-Ring,wf_image_23.png,train
24,24,845.0,lot42263,Scratch,wf_image_24.png,train
25,25,515.0,lot36597,Center,wf_image_25.png,train
26,26,1060.0,lot47432,Scratch,wf_image_26.png,test
27,27,515.0,lot36717,Center,wf_image_27.png,train
28,28,1109.0,lot45489,Loc,wf_image_28.png,cal
29,29,1075.0,lot2494,Edge-Ring,wf_image_29.png,cal
30,30,741.0,lot44191,Near-full,wf_image_30.png,cal
31,31,3036.0,lot11857,Edge-Ring,wf_image_31.png,cal
32,32,904.0,lot45632,Edge-Loc,wf_image_32.png,train
33,33,844.0,lot42249,Scratch,wf_image_33.png,train
34,34,904.0,lot45635,Scratch,wf_image_34.png,train
35,35,518.0,lot15597,Random,wf_image_35.png,cal
36,36,12662.0,lot17286,Edge-Ring,wf_image_36.png,train
37,37,733.0,lot31719,Scratch,wf_image_37.png,val
38,38,776.0,lot40778,Scratch,wf_image_38.png,test
39,39,904.0,lot45631,Center,wf_image_39.png,test
40,40,3927.0,lot9150,Edge-Ring,wf_image_40.png,train
41,41,1060.0,lot47277,Scratch,wf_image_41.png,train
42,42,3927.0,lot9156,Edge-Ring,wf_image_42.png,train
43,43,515.0,lot36717,Center,wf_image_43.png,train
44,44,3927.0,lot9157,Edge-Ring,wf_image_44.png,cal
45,45,515.0,lot36909,Center,wf_image_45.png,train
46,46,533.0,lot10586,Edge-Loc,wf_image_46.png,cal
47,47,1376.0,lot45929,Donut,wf_image_47.png,train
48,48,2126.0,lot22474,Edge-Ring,wf_image_48.png,train
49,49,518.0,lot15598,Random,wf_image_49.png,cal
50,50,1060.0,lot47432,Scratch,wf_image_50.png,cal
51,51,533.0,lot40612,Scratch,wf_image_51.png,cal
52,52,939.0,lot6082,Edge-Loc,wf_image_52.png,train
53,53,515.0,lot36719,Center,wf_image_53.png,train
54,54,562.0,lot46796,Loc,wf_image_54.png,val
55,55,1075.0,lot23102,Edge-Ring,wf_image_55.png,cal
56,56,1334.0,lot17167,Donut,wf_image_56.png,train
57,57,515.0,lot10290,Center,wf_image_57.png,train
58,58,515.0,lot36829,Center,wf_image_58.png,test
59,59,1226.0,lot22193,Center,wf_image_59.png,test
60,60,741.0,lot44206,Scratch,wf_image_60.png,test
61,61,2126.0,lot21041,Edge-Ring,wf_image_61.png,cal
62,62,1137.0,lot42776,Scratch,wf_image_62.png,train
63,63,3036.0,lot9334,Edge-Ring,wf_image_63.png,val
64,64,1334.0,lot17155,Donut,wf_image_64.png,test
65,65,518.0,lot43911,Edge-Loc,wf_image_65.png,train
66,66,1075.0,lot2501,Edge-Ring,wf_image_66.png,val
67,67,712.0,lot39163,Center,wf_image_67.png,train
68,68,515.0,lot36737,Center,wf_image_68.png,train
69,69,515.0,lot6195,Edge-Loc,wf_image_69.png,cal
70,70,939.0,lot6467,Loc,wf_image_70.png,cal
71,71,1075.0,lot12905,Edge-Ring,wf_image_71.png,train
72,72,1291.0,lot13714,Edge-Ring,wf_image_72.png,test
73,73,845.0,lot42234,Loc,wf_image_73.png,train
74,74,600.0,lot47487,Scratch,wf_image_74.png,val
75,75,846.0,lot33895,Edge-Ring,wf_image_75.png,train
76,76,1129.0,lot42614,Random,wf_image_76.png,train
77,77,741.0,lot3085,Edge-Ring,wf_image_77.png,val
78,78,3927.0,lot9147,Edge-Ring,wf_image_78.png,test
79,79,533.0,lot40376,Edge-Loc,wf_image_79.png,test
80,80,1075.0,lot2500,Edge-Ring,wf_image_80.png,train
81,81,1075.0,lot2498,Edge-Ring,wf_image_81.png,train
82,82,3927.0,lot9152,Edge-Ring,wf_image_82.png,test
83,83,533.0,lot185,Scratch,wf_image_83.png,test
84,84,1658.0,lot20569,Edge-Ring,wf_image_84.png,train
85,85,939.0,lot6022,Edge-Ring,wf_image_85.png,train
86,86,1376.0,lot19254,Loc,wf_image_86.png,train
87,87,1139.0,lot21397,Scratch,wf_image_87.png,val
88,88,516.0,lot43143,Loc,wf_image_88.png,train
89,89,1075.0,lot13962,Edge-Ring,wf_image_89.png,cal
90,90,1075.0,lot25392,Edge-Ring,wf_image_90.png,val
91,91,1075.0,lot2495,Edge-Ring,wf_image_91.png,train
92,92,841.0,lot42358,Donut,wf_image_92.png,test
93,93,1129.0,lot42709,Edge-Loc,wf_image_93.png,train
94,94,1075.0,lot12906,Edge-Ring,wf_image_94.png,train
95,95,1349.0,lot2377,Random,wf_image_95.png,train
96,96,533.0,lot40339,Random,wf_image_96.png,test
97,97,518.0,lot44935,Edge-Loc,wf_image_97.png,val
98,98,1075.0,lot2524,Edge-Ring,wf_image_98.png,train
99,99,846.0,lot5589,Edge-Ring,wf_image_99.png,train
100,100,1109.0,lot45434,Center,wf_image_100.png,train
101,101,1139.0,lot18865,Scratch,wf_image_101.png,val
102,102,1060.0,lot47417,Edge-Loc,wf_image_102.png,val
103,103,939.0,lot7848,Center,wf_image_103.png,train
104,104,3927.0,lot9155,Edge-Ring,wf_image_104.png,cal
105,105,733.0,lot39500,Center,wf_image_105.png,val
106,106,562.0,lot47054,Loc,wf_image_106.png,train
107,107,1139.0,lot42796,Loc,wf_image_107.png,test
108,108,710.0,lot39943,Loc,wf_image_108.png,train
109,109,1421.0,lot44775,Edge-Ring,wf_image_109.png,cal
110,110,1658.0,lot16605,Edge-Ring,wf_image_110.png,train
111,111,712.0,lot41290,Random,wf_image_111.png,test
112,112,846.0,lot29786,Edge-Ring,wf_image_112.png,train
113,113,515.0,lot36917,Center,wf_image_113.png,test
114,114,516.0,lot42931,Edge-Loc,wf_image_114.png,val
115,115,516.0,lot42990,Edge-Loc,wf_image_115.png,test
116,116,741.0,lot44268,Edge-Loc,wf_image_116.png,train
117,117,1109.0,lot45378,Edge-Loc,wf_image_117.png,train
118,118,1075.0,lot13967,Edge-Ring,wf_image_118.png,train
119,119,1075.0,lot25391,Edge-Ring,wf_image_119.png,val
120,120,1421.0,lot44810,Edge-Ring,wf_image_120.png,test
121,121,3036.0,lot12758,Edge-Ring,wf_image_121.png,cal
122,122,846.0,lot7363,Loc,wf_image_122.png,train
123,123,2126.0,lot21043,Edge-Ring,wf_image_123.png,train
124,124,1334.0,lot17189,Loc,wf_image_124.png,train
125,125,1999.0,lot14527,Edge-Ring,wf_image_125.png,test
126,126,2126.0,lot20133,Edge-Ring,wf_image_126.png,test
127,127,2126.0,lot21581,Edge-Ring,wf_image_127.png,cal
128,128,1349.0,lot2377,Random,wf_image_128.png,train
129,129,600.0,lot47537,Loc,wf_image_129.png,train
130,130,600.0,lot47528,Edge-Ring,wf_image_130.png,cal
131,131,1334.0,lot17184,Donut,wf_image_131.png,train
132,132,562.0,lot47132,Scratch,wf_image_132.png,train
133,133,515.0,lot36778,Edge-Loc,wf_image_133.png,train
134,134,1421.0,lot16330,Random,wf_image_134.png,val
135,135,904.0,lot45633,Scratch,wf_image_135.png,train
136,136,2126.0,lot18018,Edge-Ring,wf_image_136.png,cal
137,137,2126.0,lot20908,Edge-Ring,wf_image_137.png,cal
138,138,1060.0,lot47287,Center,wf_image_138.png,test
139,139,1060.0,lot47466,Edge-Loc,wf_image_139.png,test
140,140,1376.0,lot45803,Edge-Loc,wf_image_140.png,val
141,141,1075.0,lot25392,Edge-Ring,wf_image_141.png,train
142,142,515.0,lot36765,Center,wf_image_142.png,train
143,143,1075.0,lot23108,Edge-Ring,wf_image_143.png,test
144,144,1801.0,lot4662,Edge-Loc,wf_image_144.png,train
145,145,904.0,lot45641,Loc,wf_image_145.png,train
146,146,2126.0,lot20135,Edge-Ring,wf_image_146.png,train
147,147,2126.0,lot22490,Edge-Ring,wf_image_147.png,train
148,148,3927.0,lot9149,Edge-Ring,wf_image_148.png,val
149,149,1075.0,lot13965,Edge-Ring,wf_image_149.png,test
150,150,3927.0,lot2534,Edge-Ring,wf_image_150.png,cal
151,151,516.0,lot43509,Center,wf_image_151.png,train
152,152,515.0,lot36943,Center,wf_image_152.png,train
153,153,1080.0,lot24207,Loc,wf_image_153.png,train
154,154,2126.0,lot22479,Edge-Ring,wf_image_154.png,train
155,155,1334.0,lot17143,Donut,wf_image_155.png,train
156,156,776.0,lot40925,Edge-Loc,wf_image_156.png,cal
157,157,712.0,lot41796,Loc,wf_image_157.png,train
158,158,1129.0,lot42724,Loc,wf_image_158.png,cal
159,159,1075.0,lot2518,Edge-Ring,wf_image_159.png,val
160,160,515.0,lot36758,Center,wf_image_160.png,val
161,161,1376.0,lot45688,Loc,wf_image_161.png,test
162,162,516.0,lot43580,Edge-Loc,wf_image_162.png,cal
163,163,1349.0,lot2420,Random,wf_image_163.png,train
164,164,1334.0,lot17159,Loc,wf_image_164.png,cal
165,165,515.0,lot35922,Center,wf_image_165.png,test
166,166,515.0,lot36709,Center,wf_image_166.png,val
167,167,1060.0,lot47470,Center,wf_image_167.png,train
168,168,733.0,lot27886,Edge-Ring,wf_image_168.png,train
169,169,515.0,lot32048,Edge-Ring,wf_image_169.png,train
170,170,600.0,lot47488,Edge-Loc,wf_image_170.png,train
171,171,776.0,lot40894,Loc,wf_image_171.png,train
172,172,3036.0,lot11877,Edge-Ring,wf_image_172.png,cal
173,173,904.0,lot45642,Center,wf_image_173.png,cal
174,174,515.0,lot32990,Center,wf_image_174.png,train
175,175,1298.0,lot43599,Near-full,wf_image_175.png,val
176,176,1999.0,lot14822,Edge-Ring,wf_image_176.png,test
177,177,600.0,lot47507,Loc,wf_image_177.png,train
178,178,600.0,lot47490,Edge-Ring,wf_image_178.png,val
179,179,741.0,lot44366,Edge-Loc,wf_image_179.png,val
180,180,515.0,lot39608,Center,wf_image_180.png,train
181,181,515.0,lot36574,Center,wf_image_181.png,train
182,182,562.0,lot46806,Edge-Loc,wf_image_182.png,train
183,183,3036.0,lot11966,Edge-Ring,wf_image_183.png,test
184,184,1334.0,lot17174,Donut,wf_image_184.png,val
185,185,1075.0,lot2504,Edge-Ring,wf_image_185.png,cal
186,186,515.0,lot36967,Center,wf_image_186.png,train
187,187,904.0,lot4090,Loc,wf_image_187.png,cal
188,188,2126.0,lot21580,Edge-Ring,wf_image_188.png,test
189,189,1075.0,lot2513,Edge-Ring,wf_image_189.png,train
190,190,776.0,lot40756,Edge-Loc,wf_image_190.png,test
191,191,1109.0,lot45354,Random,wf_image_191.png,cal
192,192,1139.0,lot16909,Loc,wf_image_192.png,train
193,193,1801.0,lot4647,Edge-Loc,wf_image_193.png,train
194,194,776.0,lot44077,Scratch,wf_image_194.png,train
195,195,1075.0,lot11590,Edge-Ring,wf_image_195.png,train
196,196,1075.0,lot2496,Edge-Ring,wf_image_196.png,cal
197,197,600.0,lot47482,Loc,wf_image_197.png,test
198,198,1334.0,lot17106,Donut,wf_image_198.png,test
199,199,1060.0,lot47356,Scratch,wf_image_199.png,train
200,200,515.0,lot36929,Center,wf_image_200.png,test
201,201,1109.0,lot45332,Edge-Ring,wf_image_201.png,test
202,202,515.0,lot36608,Center,wf_image_202.png,train
203,203,1376.0,lot45929,Donut,wf_image_203.png,train
204,204,1109.0,lot45325,Edge-Loc,wf_image_204.png,train
205,205,518.0,lot43930,Center,wf_image_205.png,train
206,206,1376.0,lot45838,Edge-Loc,wf_image_206.png,train
207,207,562.0,lot46785,Edge-Loc,wf_image_207.png,train
208,208,562.0,lot46737,Loc,wf_image_208.png,cal
209,209,1075.0,lot13965,Edge-Ring,wf_image_209.png,val
210,210,1291.0,lot10049,Edge-Ring,wf_image_210.png,test
211,211,1226.0,lot23657,Loc,wf_image_211.png,test
212,212,1138.0,lot42745,Edge-Loc,wf_image_212.png,train
213,213,600.0,lot47513,Edge-Ring,wf_image_213.png,train
214,214,515.0,lot36973,Center,wf_image_214.png,test
215,215,515.0,lot10376,Random,wf_image_215.png,test
216,216,776.0,lot2992,Edge-Loc,wf_image_216.png,val
217,217,1075.0,lot23106,Edge-Ring,wf_image_217.png,test
218,218,1109.0,lot45382,Edge-Loc,wf_image_218.png,train
219,219,3927.0,lot9150,Edge-Ring,wf_image_219.png,val
220,220,904.0,lot45626,Center,wf_image_220.png,train
221,221,2126.0,lot21578,Edge-Ring,wf_image_221.png,cal
222,222,1080.0,lot18730,Center,wf_image_222.png,train
223,223,1129.0,lot42676,Edge-Loc,wf_image_223.png,train
224,224,1334.0,lot17155,Donut,wf_image_224.png,train
225,225,776.0,lot44137,Scratch,wf_image_225.png,train
226,226,2126.0,lot20731,Edge-Ring,wf_image_226.png,train
227,227,515.0,lot35934,Center,wf_image_227.png,test
228,228,1421.0,lot44783,Edge-Ring,wf_image_228.png,test
229,229,2126.0,lot18019,Edge-Ring,wf_image_229.png,test
230,230,776.0,lot40752,Scratch,wf_image_230.png,test
231,231,533.0,lot40488,Loc,wf_image_231.png,test
232,232,1139.0,lot21375,Loc,wf_image_232.png,train
233,233,1109.0,lot45512,Center,wf_image_233.png,train
234,234,845.0,lot42187,Loc,wf_image_234.png,test
235,235,1334.0,lot17116,Donut,wf_image_235.png,val
236,236,2126.0,lot22488,Edge-Ring,wf_image_236.png,val
237,237,518.0,lot43965,Edge-Ring,wf_image_237.png,train
238,238,1075.0,lot2523,Edge-Ring,wf_image_238.png,train
239,239,846.0,lot36539,Edge-Loc,wf_image_239.png,train
240,240,1801.0,lot6425,Scratch,wf_image_240.png,train
241,241,515.0,lot36901,Center,wf_image_241.png,cal
242,242,1136.0,lot42763,Scratch,wf_image_242.png,test
243,243,562.0,lot47177,Edge-Ring,wf_image_243.png,test
244,244,1334.0,lot17133,Donut,wf_image_244.png,test
245,245,904.0,lot45642,Loc,wf_image_245.png,train
246,246,741.0,lot44216,Scratch,wf_image_246.png,train
247,247,776.0,lot40801,Loc,wf_image_247.png,test
248,248,845.0,lot7243,Loc,wf_image_248.png,test
249,249,562.0,lot46883,Scratch,wf_image_249.png,val
250,250,1075.0,lot2499,Edge-Ring,wf_image_250.png,test
251,251,1060.0,lot47393,Scratch,wf_image_251.png,train
252,252,2126.0,lot20730,Edge-Ring,wf_image_252.png,train
253,253,3927.0,lot9150,Edge-Ring,wf_image_253.png,train
254,254,562.0,lot47129,Scratch,wf_image_254.png,val
255,255,515.0,lot36897,Center,wf_image_255.png,train
256,256,1129.0,lot42676,Loc,wf_image_256.png,train
257,257,600.0,lot47505,Edge-Ring,wf_image_257.png,train
258,258,515.0,lot35964,Center,wf_image_258.png,train
259,259,3036.0,lot10182,Edge-Ring,wf_image_259.png,test
260,260,1080.0,lot21655,Loc,wf_image_260.png,train
261,261,515.0,lot36829,Center,wf_image_261.png,train
262,262,3036.0,lot11843,Edge-Ring,wf_image_262.png,train
263,263,1109.0,lot45596,Donut,wf_image_263.png,train
264,264,1075.0,lot12907,Edge-Ring,wf_image_264.png,train
265,265,3036.0,lot12758,Edge-Ring,wf_image_265.png,train
266,266,3927.0,lot9147,Edge-Ring,wf_image_266.png,train
267,267,2126.0,lot20728,Edge-Ring,wf_image_267.png,train
268,268,845.0,lot42193,Donut,wf_image_268.png,test
269,269,3036.0,lot11965,Edge-Ring,wf_image_269.png,test
270,270,741.0,lot44462,Edge-Loc,wf_image_270.png,train
271,271,904.0,lot45624,Center,wf_image_271.png,cal
272,272,515.0,lot36830,Center,wf_image_272.png,train
273,273,533.0,lot193,Edge-Loc,wf_image_273.png,cal
274,274,515.0,lot36547,Center,wf_image_274.png,cal
275,275,1421.0,lot44802,Edge-Ring,wf_image_275.png,train
276,276,1226.0,lot23639,Center,wf_image_276.png,val
277,277,1421.0,lot44811,Edge-Ring,wf_image_277.png,train
278,278,1075.0,lot23101,Edge-Ring,wf_image_278.png,cal
279,279,845.0,lot7258,Center,wf_image_279.png,train
280,280,2126.0,lot20910,Edge-Ring,wf_image_280.png,train
281,281,2126.0,lot20738,Edge-Ring,wf_image_281.png,val
282,282,939.0,lot2273,Edge-Ring,wf_image_282.png,val
283,283,939.0,lot7846,Loc,wf_image_283.png,train
284,284,516.0,lot42985,Edge-Loc,wf_image_284.png,cal
285,285,515.0,lot36830,Center,wf_image_285.png,train
286,286,939.0,lot6038,Edge-Loc,wf_image_286.png,test
287,287,3927.0,lot9155,Edge-Ring,wf_image_287.png,test
288,288,3036.0,lot12750,Edge-Ring,wf_image_288.png,train
289,289,515.0,lot36944,Center,wf_image_289.png,train
290,290,516.0,lot43042,Loc,wf_image_290.png,val
291,291,515.0,lot36994,Center,wf_image_291.png,test
292,292,710.0,lot38377,Random,wf_image_292.png,test
293,293,1080.0,lot21723,Edge-Ring,wf_image_293.png,cal
294,294,1075.0,lot13960,Edge-Ring,wf_image_294.png,train
295,295,1080.0,lot18746,Edge-Ring,wf_image_295.png,test
296,296,1109.0,lot45372,Edge-Loc,wf_image_296.png,test
297,297,1080.0,lot24214,Random,wf_image_297.png,train
298,298,516.0,lot43578,Edge-Loc,wf_image_298.png,train
299,299,562.0,lot46966,Loc,wf_image_299.png,train
300,300,515.0,lot36954,Center,wf_image_300.png,train
301,301,3036.0,lot2074,Edge-Ring,wf_image_301.png,train
302,302,562.0,lot46787,Edge-Ring,wf_image_302.png,train
303,303,12662.0,lot19864,Edge-Ring,wf_image_303.png,train
304,304,1109.0,lot45363,Edge-Loc,wf_image_304.png,train
305,305,1376.0,lot45765,Edge-Loc,wf_image_305.png,train
306,306,1658.0,lot16600,Edge-Ring,wf_image_306.png,train
307,307,1075.0,lot13968,Edge-Ring,wf_image_307.png,cal
308,308,1376.0,lot45687,Random,wf_image_308.png,train
309,309,1075.0,lot2518,Edge-Ring,wf_image_309.png,cal
310,310,845.0,lot42185,Donut,wf_image_310.png,train
311,311,518.0,lot44864,Edge-Loc,wf_image_311.png,train
312,312,1349.0,lot2432,Random,wf_image_312.png,train
313,313,2126.0,lot22473,Edge-Ring,wf_image_313.png,train
314,314,776.0,lot41023,Edge-Loc,wf_image_314.png,train
315,315,846.0,lot5381,Loc,wf_image_315.png,train
316,316,1075.0,lot23099,Edge-Ring,wf_image_316.png,cal
317,317,515.0,lot36923,Center,wf_image_317.png,train
318,318,1109.0,lot45550,Loc,wf_image_318.png,cal
319,319,776.0,lot41182,Edge-Loc,wf_image_319.png,train
320,320,1376.0,lot45866,Edge-Loc,wf_image_320.png,cal
321,321,3036.0,lot11880,Edge-Ring,wf_image_321.png,test
322,322,515.0,lot33160,Center,wf_image_322.png,train
323,323,2126.0,lot22476,Edge-Ring,wf_image_323.png,cal
324,324,515.0,lot37013,Center,wf_image_324.png,train
325,325,1075.0,lot13965,Edge-Ring,wf_image_325.png,test
326,326,1376.0,lot45705,Edge-Ring,wf_image_326.png,train
327,327,1080.0,lot23173,Donut,wf_image_327.png,train
328,328,518.0,lot44021,Edge-Loc,wf_image_328.png,val
329,329,3036.0,lot11968,Edge-Ring,wf_image_329.png,train
330,330,516.0,lot43496,Loc,wf_image_330.png,train
331,331,2126.0,lot18018,Edge-Ring,wf_image_331.png,train
332,332,1075.0,lot23104,Edge-Ring,wf_image_332.png,train
333,333,518.0,lot45259,Edge-Loc,wf_image_333.png,train
334,334,3927.0,lot2153,Edge-Ring,wf_image_334.png,val
335,335,2126.0,lot20733,Edge-Ring,wf_image_335.png,test
336,336,1109.0,lot45592,Random,wf_image_336.png,train
337,337,520.0,lot1609,Edge-Loc,wf_image_337.png,cal
338,338,562.0,lot46795,Edge-Loc,wf_image_338.png,train
339,339,3927.0,lot9149,Edge-Ring,wf_image_339.png,train
340,340,1376.0,lot45894,Scratch,wf_image_340.png,train
341,341,776.0,lot40832,Scratch,wf_image_341.png,cal
342,342,515.0,lot36670,Center,wf_image_342.png,train
343,343,3927.0,lot9156,Edge-Ring,wf_image_343.png,train
344,344,1334.0,lot17161,Center,wf_image_344.png,train
345,345,1075.0,lot2508,Edge-Ring,wf_image_345.png,train
346,346,3036.0,lot10188,Edge-Ring,wf_image_346.png,train
347,347,3927.0,lot9149,Edge-Ring,wf_image_347.png,train
348,348,516.0,lot42963,Near-full,wf_image_348.png,test
349,349,533.0,lot42159,Random,wf_image_349.png,test
350,350,1109.0,lot45318,Edge-Loc,wf_image_350.png,test
351,351,3036.0,lot9337,Edge-Ring,wf_image_351.png,train
352,352,533.0,lot108,Edge-Loc,wf_image_352.png,train
353,353,3036.0,lot11970,Edge-Ring,wf_image_353.png,test
354,354,1291.0,lot11988,Edge-Ring,wf_image_354.png,train
355,355,533.0,lot210,Scratch,wf_image_355.png,train
356,356,533.0,lot40362,Edge-Loc,wf_image_356.png,val
357,357,1334.0,lot17137,Donut,wf_image_357.png,val
358,358,1060.0,lot47471,Loc,wf_image_358.png,train
359,359,3927.0,lot10008,Edge-Ring,wf_image_359.png,val
360,360,1421.0,lot44776,Edge-Ring,wf_image_360.png,train
361,361,846.0,lot5503,Edge-Loc,wf_image_361.png,train
362,362,3036.0,lot12749,Edge-Ring,wf_image_362.png,train
363,363,733.0,lot39439,Center,wf_image_363.png,train
364,364,12662.0,lot17285,Edge-Ring,wf_image_364.png,train
365,365,3036.0,lot10186,Edge-Ring,wf_image_365.png,train
366,366,1074.0,lot44162,Edge-Ring,wf_image_366.png,test
367,367,1075.0,lot2151,Edge-Ring,wf_image_367.png,train
368,368,600.0,lot47488,Scratch,wf_image_368.png,cal
369,369,1075.0,lot13966,Edge-Ring,wf_image_369.png,test
370,370,1658.0,lot16554,Edge-Ring,wf_image_370.png,cal
371,371,1334.0,lot45974,Loc,wf_image_371.png,train
372,372,562.0,lot46922,Edge-Loc,wf_image_372.png,train
373,373,515.0,lot36838,Center,wf_image_373.png,train
374,374,1080.0,lot18746,Edge-Ring,wf_image_374.png,test
375,375,1376.0,lot45768,Edge-Loc,wf_image_375.png,cal
376,376,1334.0,lot17169,Donut,wf_image_376.png,test
377,377,733.0,lot39479,Center,wf_image_377.png,train
378,378,904.0,lot45635,Loc,wf_image_378.png,train
379,379,3036.0,lot11971,Edge-Ring,wf_image_379.png,test
380,380,733.0,lot39436,Center,wf_image_380.png,val
381,381,1421.0,lot44804,Edge-Loc,wf_image_381.png,train
382,382,1129.0,lot5687,Edge-Loc,wf_image_382.png,val
383,383,1334.0,lot17189,Loc,wf_image_383.png,train
384,384,3036.0,lot10183,Edge-Ring,wf_image_384.png,test
385,385,600.0,lot47508,Edge-Ring,wf_image_385.png,train
386,386,3036.0,lot12764,Edge-Ring,wf_image_386.png,train
387,387,533.0,lot40578,Edge-Loc,wf_image_387.png,train
388,388,1376.0,lot45803,Center,wf_image_388.png,test
389,389,710.0,lot38405,Edge-Loc,wf_image_389.png,train
390,390,518.0,lot43996,Edge-Ring,wf_image_390.png,train
391,391,1075.0,lot23103,Edge-Ring,wf_image_391.png,train
392,392,518.0,lot20780,Edge-Loc,wf_image_392.png,test
393,393,1109.0,lot45447,Random,wf_image_393.png,val
394,394,842.0,lot42350,Loc,wf_image_394.png,train
395,395,1999.0,lot14760,Edge-Ring,wf_image_395.png,val
396,396,515.0,lot35965,Center,wf_image_396.png,cal
397,397,2126.0,lot20737,Edge-Ring,wf_image_397.png,test
398,398,515.0,lot36666,Center,wf_image_398.png,val
399,399,1075.0,lot2489,Edge-Ring,wf_image_399.png,cal
400,400,515.0,lot36669,Center,wf_image_400.png,train
401,401,518.0,lot43889,Random,wf_image_401.png,train
402,402,2126.0,lot20905,Edge-Ring,wf_image_402.png,train
403,403,3036.0,lot11967,Edge-Ring,wf_image_403.png,cal
404,404,1075.0,lot11590,Edge-Ring,wf_image_404.png,test
405,405,562.0,lot46794,Edge-Ring,wf_image_405.png,val
406,406,1075.0,lot23108,Edge-Ring,wf_image_406.png,test
407,407,1253.0,lot2701,Edge-Ring,wf_image_407.png,test
408,408,3927.0,lot9149,Edge-Ring,wf_image_408.png,train
409,409,2126.0,lot20730,Edge-Ring,wf_image_409.png,test
410,410,1075.0,lot23097,Edge-Ring,wf_image_410.png,train
411,411,3036.0,lot11968,Edge-Ring,wf_image_411.png,val
412,412,1075.0,lot2500,Edge-Ring,wf_image_412.png,cal
413,413,518.0,lot44994,Edge-Loc,wf_image_413.png,train
414,414,3927.0,lot11172,Edge-Ring,wf_image_414.png,cal
415,415,776.0,lot41022,Scratch,wf_image_415.png,val
416,416,516.0,lot43533,Edge-Loc,wf_image_416.png,train
417,417,533.0,lot109,Scratch,wf_image_417.png,train
418,418,1658.0,lot16554,Edge-Ring,wf_image_418.png,test
419,419,516.0,lot43158,Edge-Loc,wf_image_419.png,train
420,420,516.0,lot43098,Scratch,wf_image_420.png,train
421,421,515.0,lot6163,Edge-Loc,wf_image_421.png,train
422,422,562.0,lot46861,Edge-Loc,wf_image_422.png,train
423,423,533.0,lot40377,Edge-Loc,wf_image_423.png,train
424,424,939.0,lot6227,Loc,wf_image_424.png,train
425,425,1109.0,lot45388,Edge-Loc,wf_image_425.png,val
426,426,741.0,lot44479,Edge-Loc,wf_image_426.png,test
427,427,12662.0,lot19851,Edge-Ring,wf_image_427.png,cal
428,428,1075.0,lot2513,Edge-Ring,wf_image_428.png,train
429,429,515.0,lot36893,Center,wf_image_429.png,train
430,430,1109.0,lot45591,Loc,wf_image_430.png,test
431,431,2126.0,lot20728,Edge-Ring,wf_image_431.png,train
432,432,846.0,lot36472,Edge-Loc,wf_image_432.png,train
433,433,2126.0,lot18377,Edge-Ring,wf_image_433.png,train
434,434,776.0,lot40994,Scratch,wf_image_434.png,train
435,435,1075.0,lot2508,Edge-Ring,wf_image_435.png,train
436,436,1129.0,lot11884,Edge-Ring,wf_image_436.png,test
437,437,2126.0,lot18380,Edge-Ring,wf_image_437.png,cal
438,438,515.0,lot3707,Edge-Loc,wf_image_438.png,train
439,439,845.0,lot42284,Donut,wf_image_439.png,cal
440,440,3036.0,lot11630,Edge-Ring,wf_image_440.png,cal
441,441,2126.0,lot18019,Edge-Ring,wf_image_441.png,train
442,442,1334.0,lot17134,Donut,wf_image_442.png,test
443,443,1109.0,lot11514,Random,wf_image_443.png,train
444,444,1376.0,lot45772,Edge-Loc,wf_image_444.png,train
445,445,3036.0,lot12761,Edge-Ring,wf_image_445.png,train
446,446,776.0,lot7529,Center,wf_image_446.png,val
447,447,1658.0,lot16602,Edge-Ring,wf_image_447.png,train
448,448,2126.0,lot20729,Edge-Ring,wf_image_448.png,cal
449,449,518.0,lot43961,Edge-Ring,wf_image_449.png,train
450,450,3036.0,lot11855,Edge-Ring,wf_image_450.png,test
451,451,1109.0,lot45308,Edge-Loc,wf_image_451.png,train
452,452,1075.0,lot13963,Edge-Ring,wf_image_452.png,test
453,453,515.0,lot10369,Center,wf_image_453.png,cal
454,454,533.0,lot269,Edge-Ring,wf_image_454.png,train
455,455,1060.0,lot47278,Scratch,wf_image_455.png,cal
456,456,843.0,lot42332,Donut,wf_image_456.png,test
457,457,3927.0,lot9152,Edge-Ring,wf_image_457.png,train
458,458,1129.0,lot42656,Loc,wf_image_458.png,train
459,459,1075.0,lot13963,Edge-Ring,wf_image_459.png,train
460,460,2126.0,lot20907,Edge-Ring,wf_image_460.png,val
461,461,1075.0,lot2503,Edge-Ring,wf_image_461.png,train
462,462,515.0,lot32985,Center,wf_image_462.png,val
463,463,600.0,lot47480,Edge-Loc,wf_image_463.png,val
464,464,1291.0,lot11988,Edge-Ring,wf_image_464.png,train
465,465,515.0,lot36781,Center,wf_image_465.png,val
466,466,1129.0,lot42675,Center,wf_image_466.png,train
467,467,2126.0,lot20911,Edge-Ring,wf_image_467.png,cal
468,468,1080.0,lot21748,Random,wf_image_468.png,train
469,469,3036.0,lot12767,Edge-Ring,wf_image_469.png,train
470,470,3036.0,lot12757,Edge-Ring,wf_image_470.png,train
471,471,2126.0,lot21560,Edge-Ring,wf_image_471.png,cal
472,472,515.0,lot36674,Center,wf_image_472.png,train
473,473,515.0,lot39566,Center,wf_image_473.png,val
474,474,1291.0,lot10049,Edge-Ring,wf_image_474.png,train
475,475,516.0,lot43473,Scratch,wf_image_475.png,train
476,476,533.0,lot40520,Loc,wf_image_476.png,train
477,477,562.0,lot46858,Edge-Loc,wf_image_477.png,test
478,478,1109.0,lot45366,Edge-Loc,wf_image_478.png,train
479,479,776.0,lot40761,Edge-Loc,wf_image_479.png,train
480,480,1075.0,lot23102,Edge-Ring,wf_image_480.png,train
481,481,515.0,lot36818,Center,wf_image_481.png,train
482,482,1075.0,lot2516,Edge-Ring,wf_image_482.png,cal
483,483,515.0,lot39674,Center,wf_image_483.png,train
484,484,3927.0,lot9157,Edge-Ring,wf_image_484.png,train
485,485,1075.0,lot12907,Edge-Ring,wf_image_485.png,train
486,486,2126.0,lot20738,Edge-Ring,wf_image_486.png,test
487,487,515.0,lot36786,Center,wf_image_487.png,train
488,488,515.0,lot35906,Center,wf_image_488.png,cal
489,489,3927.0,lot9150,Edge-Ring,wf_image_489.png,test
490,490,776.0,lot41033,Loc,wf_image_490.png,test
491,491,515.0,lot36718,Center,wf_image_491.png,cal
492,492,3036.0,lot2074,Edge-Ring,wf_image_492.png,test
493,493,3927.0,lot2156,Edge-Ring,wf_image_493.png,test
494,494,2126.0,lot20735,Edge-Ring,wf_image_494.png,test
495,495,515.0,lot32781,Center,wf_image_495.png,val
496,496,562.0,lot47114,Donut,wf_image_496.png,test
497,497,1109.0,lot45355,Edge-Loc,wf_image_497.png,train
498,498,1075.0,lot25391,Edge-Ring,wf_image_498.png,train
499,499,904.0,lot45630,Center,wf_image_499.png,train
500,500,515.0,lot36764,Center,wf_image_500.png,train
501,501,1080.0,lot21653,Loc,wf_image_501.png,train
502,502,1060.0,lot47323,Loc,wf_image_502.png,train
503,503,562.0,lot47134,Scratch,wf_image_503.png,train
504,504,1075.0,lot2512,Edge-Ring,wf_image_504.png,train
505,505,516.0,lot42996,Loc,wf_image_505.png,cal
506,506,2126.0,lot22486,Edge-Ring,wf_image_506.png,train
507,507,1075.0,lot2496,Edge-Ring,wf_image_507.png,train
508,508,1075.0,lot13967,Edge-Ring,wf_image_508.png,train
509,509,2126.0,lot21042,Edge-Ring,wf_image_509.png,test
510,510,515.0,lot36989,Center,wf_image_510.png,train
511,511,904.0,lot9997,Center,wf_image_511.png,val
512,512,2126.0,lot21038,Edge-Ring,wf_image_512.png,train
513,513,776.0,lot40930,Scratch,wf_image_513.png,val
514,514,1075.0,lot13960,Edge-Ring,wf_image_514.png,test
515,515,3036.0,lot11690,Edge-Ring,wf_image_515.png,test
516,516,1376.0,lot45923,Edge-Loc,wf_image_516.png,test
517,517,846.0,lot3552,Edge-Loc,wf_image_517.png,val
518,518,515.0,lot36707,Center,wf_image_518.png,train
519,519,1999.0,lot14760,Edge-Ring,wf_image_519.png,test
520,520,2126.0,lot22480,Edge-Ring,wf_image_520.png,cal
521,521,776.0,lot41124,Scratch,wf_image_521.png,cal
522,522,846.0,lot36111,Loc,wf_image_522.png,val
523,523,515.0,lot36910,Center,wf_image_523.png,test
524,524,518.0,lot45293,Edge-Loc,wf_image_524.png,val
525,525,533.0,lot40551,Edge-Loc,wf_image_525.png,val
526,526,515.0,lot36918,Center,wf_image_526.png,cal
527,527,1075.0,lot2520,Edge-Ring,wf_image_527.png,test
528,528,843.0,lot42226,Edge-Loc,wf_image_528.png,test
529,529,1109.0,lot45431,Random,wf_image_529.png,train
530,530,1075.0,lot2495,Edge-Ring,wf_image_530.png,train
531,531,1334.0,lot17122,Donut,wf_image_531.png,train
532,532,1075.0,lot44170,Edge-Ring,wf_image_532.png,cal
533,533,1334.0,lot17141,Donut,wf_image_533.png,test
534,534,1080.0,lot24209,Loc,wf_image_534.png,train
535,535,562.0,lot46779,Edge-Loc,wf_image_535.png,val
536,536,2126.0,lot21040,Edge-Ring,wf_image_536.png,train
537,537,1334.0,lot17191,Loc,wf_image_537.png,train
538,538,939.0,lot6331,Loc,wf_image_538.png,train
539,539,741.0,lot44342,Center,wf_image_539.png,train
540,540,904.0,lot45640,Loc,wf_image_540.png,test
541,541,1129.0,lot42709,Center,wf_image_541.png,train
542,542,3036.0,lot11969,Edge-Ring,wf_image_542.png,cal
543,543,1075.0,lot15187,Edge-Ring,wf_image_543.png,val
544,544,1349.0,lot2425,Random,wf_image_544.png,cal
545,545,1376.0,lot45717,Edge-Loc,wf_image_545.png,cal
546,546,710.0,lot35240,Loc,wf_image_546.png,cal
547,547,1080.0,lot26500,Loc,wf_image_547.png,train
548,548,904.0,lot45623,Center,wf_image_548.png,test
549,549,1291.0,lot12743,Edge-Ring,wf_image_549.png,val
550,550,3927.0,lot10008,Edge-Ring,wf_image_550.png,test
551,551,2126.0,lot22479,Edge-Ring,wf_image_551.png,train
552,552,518.0,lot43887,Loc,wf_image_552.png,cal
553,553,515.0,lot36666,Center,wf_image_553.png,train
554,554,516.0,lot43584,Edge-Loc,wf_image_554.png,train
555,555,2126.0,lot20733,Edge-Ring,wf_image_555.png,train
556,556,776.0,lot40827,Edge-Loc,wf_image_556.png,train
557,557,1129.0,lot42644,Center,wf_image_557.png,train
558,558,515.0,lot36819,Center,wf_image_558.png,cal
559,559,515.0,lot37021,Center,wf_image_559.png,test
560,560,1421.0,lot44798,Edge-Loc,wf_image_560.png,test
561,561,776.0,lot4877,Edge-Loc,wf_image_561.png,cal
562,562,533.0,lot12076,Loc,wf_image_562.png,test
563,563,1080.0,lot24213,Loc,wf_image_563.png,train
564,564,515.0,lot36682,Center,wf_image_564.png,train
565,565,776.0,lot40762,Loc,wf_image_565.png,test
566,566,2126.0,lot21581,Edge-Ring,wf_image_566.png,val
567,567,515.0,lot36709,Center,wf_image_567.png,train
568,568,518.0,lot45269,Edge-Loc,wf_image_568.png,train
569,569,1109.0,lot45487,Center,wf_image_569.png,test
570,570,564.0,lot24229,Center,wf_image_570.png,train
571,571,1109.0,lot45425,Near-full,wf_image_571.png,train
572,572,712.0,lot27413,Edge-Ring,wf_image_572.png,test
573,573,562.0,lot46971,Edge-Loc,wf_image_573.png,test
574,574,1658.0,lot16604,Edge-Ring,wf_image_574.png,test
575,575,1801.0,lot4655,Edge-Loc,wf_image_575.png,val
576,576,2126.0,lot18021,Edge-Ring,wf_image_576.png,test
577,577,518.0,lot44911,Edge-Loc,wf_image_577.png,train
578,578,1334.0,lot17178,Donut,wf_image_578.png,test
579,579,515.0,lot36990,Center,wf_image_579.png,train
580,580,515.0,lot36955,Center,wf_image_580.png,train
581,581,515.0,lot36837,Center,wf_image_581.png,train
582,582,776.0,lot40943,Loc,wf_image_582.png,train
583,583,1291.0,lot7397,Edge-Ring,wf_image_583.png,cal
584,584,1080.0,lot18726,Random,wf_image_584.png,val
585,585,1658.0,lot19814,Edge-Ring,wf_image_585.png,cal
586,586,3036.0,lot10185,Edge-Ring,wf_image_586.png,train
587,587,562.0,lot46850,Loc,wf_image_587.png,train
588,588,533.0,lot38,Near-full,wf_image_588.png,train
589,589,3036.0,lot2075,Edge-Ring,wf_image_589.png,train
590,590,518.0,lot45243,Near-full,wf_image_590.png,train
591,591,528.0,lot21979,Scratch,wf_image_591.png,cal
592,592,776.0,lot40738,Scratch,wf_image_592.png,train
593,593,1075.0,lot13964,Edge-Ring,wf_image_593.png,train
594,594,1334.0,lot17145,Donut,wf_image_594.png,train
595,595,600.0,lot47519,Edge-Ring,wf_image_595.png,cal
596,596,515.0,lot36695,Center,wf_image_596.png,test
597,597,710.0,lot7703,Edge-Loc,wf_image_597.png,train
598,598,12662.0,lot19852,Edge-Ring,wf_image_598.png,train
599,599,1075.0,lot12907,Edge-Ring,wf_image_599.png,train
600,600,515.0,lot36737,Center,wf_image_600.png,cal
601,601,741.0,lot44219,Loc,wf_image_601.png,train
602,602,1349.0,lot2377,Random,wf_image_602.png,test
603,603,2126.0,lot18017,Edge-Ring,wf_image_603.png,test
604,604,3036.0,lot12747,Edge-Ring,wf_image_604.png,train
605,605,904.0,lot45644,Center,wf_image_605.png,val
606,606,3036.0,lot11965,Edge-Ring,wf_image_606.png,cal
607,607,710.0,lot38286,Loc,wf_image_607.png,cal
608,608,1376.0,lot45775,Edge-Loc,wf_image_608.png,train
609,609,2126.0,lot18023,Edge-Ring,wf_image_609.png,cal
610,610,515.0,lot33125,Center,wf_image_610.png,train
611,611,515.0,lot35964,Center,wf_image_611.png,train
612,612,1075.0,lot12909,Edge-Ring,wf_image_612.png,train
613,613,515.0,lot39511,Center,wf_image_613.png,val
614,614,562.0,lot46937,Edge-Ring,wf_image_614.png,train
615,615,939.0,lot3916,Edge-Loc,wf_image_615.png,train
616,616,1226.0,lot23633,Center,wf_image_616.png,train
617,617,1376.0,lot45760,Edge-Loc,wf_image_617.png,test
618,618,515.0,lot35964,Center,wf_image_618.png,train
619,619,1376.0,lot45691,Random,wf_image_619.png,train
620,620,3036.0,lot9334,Edge-Ring,wf_image_620.png,train
621,621,1075.0,lot2436,Edge-Ring,wf_image_621.png,train
622,622,846.0,lot36174,Loc,wf_image_622.png,train
623,623,1075.0,lot23097,Edge-Ring,wf_image_623.png,train
624,624,1075.0,lot2522,Edge-Ring,wf_image_624.png,test
625,625,1075.0,lot2496,Edge-Ring,wf_image_625.png,train
626,626,1334.0,lot17137,Donut,wf_image_626.png,train
627,627,1109.0,lot45565,Center,wf_image_627.png,train
628,628,1109.0,lot45394,Edge-Loc,wf_image_628.png,cal
629,629,741.0,lot2939,Edge-Ring,wf_image_629.png,train
630,630,1658.0,lot16598,Edge-Ring,wf_image_630.png,test
631,631,2126.0,lot18380,Edge-Ring,wf_image_631.png,train
632,632,1075.0,lot2526,Edge-Ring,wf_image_632.png,cal
633,633,1421.0,lot44817,Edge-Ring,wf_image_633.png,test
634,634,12662.0,lot20604,Edge-Ring,wf_image_634.png,train
635,635,515.0,lot6175,Loc,wf_image_635.png,test
636,636,2126.0,lot20135,Edge-Ring,wf_image_636.png,cal
637,637,12662.0,lot19852,Edge-Ring,wf_image_637.png,train
638,638,1421.0,lot44810,Edge-Ring,wf_image_638.png,val
639,639,1291.0,lot13719,Edge-Ring,wf_image_639.png,test
640,640,1376.0,lot45840,Edge-Loc,wf_image_640.png,train
641,641,516.0,lot43488,Scratch,wf_image_641.png,val
642,642,562.0,lot47053,Edge-Loc,wf_image_642.png,val
643,643,1080.0,lot21797,Loc,wf_image_643.png,cal
644,644,1075.0,lot2498,Edge-Ring,wf_image_644.png,test
645,645,2126.0,lot21043,Edge-Ring,wf_image_645.png,train
646,646,3036.0,lot11969,Edge-Ring,wf_image_646.png,train
647,647,1109.0,lot45457,Loc,wf_image_647.png,train
648,648,1075.0,lot25393,Edge-Ring,wf_image_648.png,cal
649,649,533.0,lot40493,Scratch,wf_image_649.png,test
650,650,1139.0,lot18874,Loc,wf_image_650.png,train
651,651,1800.0,lot4734,Edge-Loc,wf_image_651.png,test
652,652,3036.0,lot12772,Edge-Ring,wf_image_652.png,cal
653,653,515.0,lot36830,Center,wf_image_653.png,test
654,654,516.0,lot42998,Near-full,wf_image_654.png,train
655,655,2126.0,lot21039,Edge-Ring,wf_image_655.png,test
656,656,1376.0,lot45864,Loc,wf_image_656.png,train
657,657,1349.0,lot2425,Random,wf_image_657.png,train
658,658,904.0,lot45629,Center,wf_image_658.png,train
659,659,904.0,lot45650,Scratch,wf_image_659.png,train
660,660,1075.0,lot13960,Edge-Ring,wf_image_660.png,cal
661,661,1075.0,lot2522,Edge-Ring,wf_image_661.png,train
662,662,1349.0,lot2377,Random,wf_image_662.png,val
663,663,518.0,lot43981,Loc,wf_image_663.png,test
664,664,518.0,lot15639,Random,wf_image_664.png,test
665,665,3927.0,lot9149,Edge-Ring,wf_image_665.png,train
666,666,1291.0,lot10050,Edge-Ring,wf_image_666.png,train
667,667,516.0,lot43010,Near-full,wf_image_667.png,train
668,668,776.0,lot2992,Edge-Loc,wf_image_668.png,train
669,669,1334.0,lot17150,Donut,wf_image_669.png,train
670,670,1376.0,lot16678,Loc,wf_image_670.png,cal
671,671,516.0,lot43538,Edge-Loc,wf_image_671.png,train
672,672,1129.0,lot42618,Random,wf_image_672.png,train
673,673,1349.0,lot2423,Random,wf_image_673.png,train
674,674,1129.0,lot11885,Edge-Ring,wf_image_674.png,train
675,675,710.0,lot38104,Edge-Loc,wf_image_675.png,cal
676,676,1421.0,lot44771,Loc,wf_image_676.png,train
677,677,12662.0,lot17285,Edge-Ring,wf_image_677.png,train
678,678,600.0,lot47542,Edge-Loc,wf_image_678.png,val
679,679,1075.0,lot2437,Edge-Ring,wf_image_679.png,cal
680,680,710.0,lot40037,Loc,wf_image_680.png,train
681,681,515.0,lot33097,Center,wf_image_681.png,cal
682,682,562.0,lot46959,Center,wf_image_682.png,train
683,683,741.0,lot44440,Edge-Loc,wf_image_683.png,train
684,684,846.0,lot38756,Random,wf_image_684.png,train
685,685,1786.0,lot4734,Edge-Loc,wf_image_685.png,val
686,686,515.0,lot35954,Center,wf_image_686.png,train
687,687,1075.0,lot2523,Edge-Ring,wf_image_687.png,train
688,688,515.0,lot36839,Center,wf_image_688.png,train
689,689,1334.0,lot17184,Donut,wf_image_689.png,cal
690,690,515.0,lot33168,Center,wf_image_690.png,train
691,691,845.0,lot42249,Edge-Loc,wf_image_691.png,train
692,692,939.0,lot6262,Center,wf_image_692.png,val
693,693,515.0,lot36718,Center,wf_image_693.png,val
694,694,12662.0,lot17285,Edge-Ring,wf_image_694.png,train
695,695,516.0,lot43177,Loc,wf_image_695.png,test
696,696,2126.0,lot20729,Edge-Ring,wf_image_696.png,train
697,697,939.0,lot6254,Edge-Loc,wf_image_697.png,cal
698,698,1075.0,lot2151,Edge-Ring,wf_image_698.png,train
699,699,843.0,lot42345,Edge-Loc,wf_image_699.png,test
700,700,1129.0,lot42711,Edge-Loc,wf_image_700.png,cal
701,701,515.0,lot36738,Center,wf_image_701.png,test
702,702,1334.0,lot17131,Center,wf_image_702.png,test
703,703,1304.0,lot3298,Edge-Ring,wf_image_703.png,train
704,704,515.0,lot36808,Center,wf_image_704.png,val
705,705,600.0,lot47516,Loc,wf_image_705.png,train
706,706,516.0,lot42937,Loc,wf_image_706.png,val
707,707,1334.0,lot17102,Random,wf_image_707.png,train
708,708,515.0,lot36812,Center,wf_image_708.png,train
709,709,12662.0,lot17262,Edge-Ring,wf_image_709.png,cal
710,710,1109.0,lot45372,Edge-Loc,wf_image_710.png,test
711,711,939.0,lot3877,Edge-Loc,wf_image_711.png,train
712,712,1999.0,lot14822,Edge-Ring,wf_image_712.png,train
713,713,1334.0,lot17148,Donut,wf_image_713.png,train
714,714,1334.0,lot17189,Loc,wf_image_714.png,test
715,715,1226.0,lot23640,Center,wf_image_715.png,cal
716,716,515.0,lot36986,Center,wf_image_716.png,cal
717,717,1139.0,lot15561,Near-full,wf_image_717.png,test
718,718,516.0,lot43402,Edge-Loc,wf_image_718.png,val
719,719,533.0,lot40337,Loc,wf_image_719.png,val
720,720,776.0,lot40993,Edge-Loc,wf_image_720.png,test
721,721,776.0,lot40782,Center,wf_image_721.png,cal
722,722,1060.0,lot47407,Center,wf_image_722.png,cal
723,723,2126.0,lot18017,Edge-Ring,wf_image_723.png,train
724,724,741.0,lot44222,Scratch,wf_image_724.png,test
725,725,516.0,lot42956,Loc,wf_image_725.png,train
726,726,844.0,lot42274,Edge-Loc,wf_image_726.png,cal
727,727,1075.0,lot2495,Edge-Ring,wf_image_727.png,train
728,728,1109.0,lot45308,Edge-Loc,wf_image_728.png,train
729,729,3927.0,lot9155,Edge-Ring,wf_image_729.png,train
730,730,562.0,lot47046,Loc,wf_image_730.png,cal
731,731,515.0,lot36671,Center,wf_image_731.png,train
732,732,1060.0,lot47286,Edge-Loc,wf_image_732.png,train
733,733,2126.0,lot18019,Edge-Ring,wf_image_733.png,train
734,734,515.0,lot36742,Center,wf_image_734.png,test
735,735,3036.0,lot9335,Edge-Ring,wf_image_735.png,test
736,736,3036.0,lot12754,Edge-Ring,wf_image_736.png,cal
737,737,3036.0,lot9337,Edge-Ring,wf_image_737.png,test
738,738,1075.0,lot11590,Edge-Ring,wf_image_738.png,train
739,739,1999.0,lot14919,Edge-Ring,wf_image_739.png,train
740,740,1129.0,lot42620,Loc,wf_image_740.png,cal
741,741,1129.0,lot42732,Loc,wf_image_741.png,cal
742,742,904.0,lot45646,Center,wf_image_742.png,train
743,743,1801.0,lot8892,Center,wf_image_743.png,train
744,744,533.0,lot40543,Edge-Loc,wf_image_744.png,cal
745,745,1138.0,lot42750,Scratch,wf_image_745.png,test
746,746,12662.0,lot17285,Edge-Ring,wf_image_746.png,train
747,747,516.0,lot43539,Loc,wf_image_747.png,train
748,748,1080.0,lot18739,Loc,wf_image_748.png,train
749,749,1334.0,lot17158,Donut,wf_image_749.png,val
750,750,1109.0,lot45575,Random,wf_image_750.png,cal
751,751,1421.0,lot44793,Edge-Ring,wf_image_751.png,train
752,752,1075.0,lot25391,Edge-Ring,wf_image_752.png,train
753,753,2126.0,lot22477,Edge-Ring,wf_image_753.png,train
754,754,3036.0,lot12750,Edge-Ring,wf_image_754.png,test
755,755,776.0,lot40998,Edge-Loc,wf_image_755.png,test
756,756,776.0,lot40942,Edge-Loc,wf_image_756.png,train
757,757,516.0,lot42975,Near-full,wf_image_757.png,test
758,758,1129.0,lot11432,Random,wf_image_758.png,train
759,759,12662.0,lot19849,Edge-Ring,wf_image_759.png,train
760,760,845.0,lot42282,Loc,wf_image_760.png,train
761,761,518.0,lot45254,Scratch,wf_image_761.png,train
762,762,3036.0,lot12761,Edge-Ring,wf_image_762.png,train
763,763,1658.0,lot16600,Edge-Ring,wf_image_763.png,train
764,764,741.0,lot44447,Edge-Loc,wf_image_764.png,train
765,765,515.0,lot35938,Center,wf_image_765.png,val
766,766,1109.0,lot45466,Edge-Loc,wf_image_766.png,train
767,767,710.0,lot39941,Loc,wf_image_767.png,val
768,768,776.0,lot40781,Loc,wf_image_768.png,train
769,769,736.0,lot42847,Edge-Loc,wf_image_769.png,test
770,770,1421.0,lot44783,Edge-Ring,wf_image_770.png,train
771,771,12662.0,lot17285,Edge-Ring,wf_image_771.png,test
772,772,3036.0,lot12761,Edge-Ring,wf_image_772.png,train
773,773,533.0,lot40406,Near-full,wf_image_773.png,train
774,774,1075.0,lot2436,Edge-Ring,wf_image_774.png,cal
775,775,515.0,lot36831,Center,wf_image_775.png,test
776,776,1080.0,lot21623,Edge-Ring,wf_image_776.png,train
777,777,3927.0,lot10009,Edge-Ring,wf_image_777.png,train
778,778,3036.0,lot9334,Edge-Ring,wf_image_778.png,cal
779,779,3036.0,lot11968,Edge-Ring,wf_image_779.png,test
780,780,1129.0,lot42731,Scratch,wf_image_780.png,train
781,781,843.0,lot42218,Loc,wf_image_781.png,cal
782,782,2126.0,lot20738,Edge-Ring,wf_image_782.png,train
783,783,1109.0,lot45496,Center,wf_image_783.png,train
784,784,1999.0,lot15009,Edge-Ring,wf_image_784.png,train
785,785,1226.0,lot22260,Center,wf_image_785.png,train
786,786,562.0,lot46862,Edge-Loc,wf_image_786.png,test
787,787,1075.0,lot2436,Edge-Ring,wf_image_787.png,val
788,788,3036.0,lot11972,Edge-Ring,wf_image_788.png,test
789,789,1376.0,lot45741,Random,wf_image_789.png,train
790,790,515.0,lot36737,Center,wf_image_790.png,cal
791,791,776.0,lot40829,Loc,wf_image_791.png,train
792,792,515.0,lot36783,Center,wf_image_792.png,train
793,793,3036.0,lot12749,Edge-Ring,wf_image_793.png,train
794,794,515.0,lot36667,Center,wf_image_794.png,cal
795,795,562.0,lot47062,Loc,wf_image_795.png,cal
796,796,1129.0,lot42738,Scratch,wf_image_796.png,cal
797,797,562.0,lot47096,Scratch,wf_image_797.png,test
798,798,1291.0,lot12743,Edge-Ring,wf_image_798.png,test
799,799,1376.0,lot45720,Edge-Loc,wf_image_799.png,test
800,800,515.0,lot36741,Center,wf_image_800.png,train
801,801,2126.0,lot18382,Edge-Ring,wf_image_801.png,val
802,802,1109.0,lot45498,Loc,wf_image_802.png,train
803,803,776.0,lot2086,Edge-Loc,wf_image_803.png,cal
804,804,741.0,lot44193,Near-full,wf_image_804.png,test
805,805,1075.0,lot23106,Edge-Ring,wf_image_805.png,cal
806,806,1080.0,lot21650,Loc,wf_image_806.png,val
807,807,533.0,lot40507,Loc,wf_image_807.png,train
808,808,1075.0,lot25391,Edge-Ring,wf_image_808.png,train
809,809,533.0,lot40366,Scratch,wf_image_809.png,train
810,810,1129.0,lot42631,Loc,wf_image_810.png,test
811,811,3927.0,lot2155,Edge-Ring,wf_image_811.png,test
812,812,904.0,lot45639,Loc,wf_image_812.png,test
813,813,1075.0,lot23109,Edge-Ring,wf_image_813.png,val
814,814,846.0,lot36447,Loc,wf_image_814.png,train
815,815,1075.0,lot44168,Edge-Ring,wf_image_815.png,train
816,816,845.0,lot7309,Loc,wf_image_816.png,test
817,817,776.0,lot44054,Loc,wf_image_817.png,train
818,818,515.0,lot36603,Center,wf_image_818.png,cal
819,819,842.0,lot42347,Center,wf_image_819.png,val
820,820,2126.0,lot20736,Edge-Ring,wf_image_820.png,train
821,821,1226.0,lot23640,Center,wf_image_821.png,test
822,822,2126.0,lot22486,Edge-Ring,wf_image_822.png,train
823,823,1334.0,lot17184,Donut,wf_image_823.png,train
824,824,1139.0,lot18799,Loc,wf_image_824.png,train
825,825,1801.0,lot4734,Edge-Loc,wf_image_825.png,val
826,826,2126.0,lot21043,Edge-Ring,wf_image_826.png,train
827,827,843.0,lot42215,Loc,wf_image_827.png,cal
828,828,1075.0,lot23105,Edge-Ring,wf_image_828.png,train
829,829,12662.0,lot19857,Edge-Ring,wf_image_829.png,train
830,830,562.0,lot47109,Edge-Loc,wf_image_830.png,train
831,831,1109.0,lot45319,Edge-Loc,wf_image_831.png,test
832,832,1070.0,lot44162,Edge-Ring,wf_image_832.png,test
833,833,533.0,lot42,Edge-Loc,wf_image_833.png,train
834,834,600.0,lot47495,Scratch,wf_image_834.png,train
835,835,515.0,lot6174,Center,wf_image_835.png,train
836,836,1129.0,lot9343,Edge-Ring,wf_image_836.png,test
837,837,1999.0,lot15000,Edge-Ring,wf_image_837.png,train
838,838,3927.0,lot10008,Edge-Ring,wf_image_838.png,train
839,839,1334.0,lot17167,Loc,wf_image_839.png,test
840,840,1421.0,lot44778,Edge-Ring,wf_image_840.png,cal
841,841,1109.0,lot45331,Edge-Loc,wf_image_841.png,train
842,842,3036.0,lot12750,Edge-Ring,wf_image_842.png,train
843,843,1376.0,lot45727,Edge-Loc,wf_image_843.png,train
844,844,533.0,lot10966,Edge-Loc,wf_image_844.png,test
845,845,1075.0,lot2511,Edge-Ring,wf_image_845.png,train
846,846,776.0,lot40891,Loc,wf_image_846.png,train
847,847,1658.0,lot20569,Edge-Ring,wf_image_847.png,train
848,848,1080.0,lot21770,Edge-Loc,wf_image_848.png,train
849,849,1421.0,lot16330,Random,wf_image_849.png,val
850,850,3036.0,lot11970,Edge-Ring,wf_image_850.png,train
851,851,1334.0,lot17141,Donut,wf_image_851.png,train
852,852,1334.0,lot17141,Donut,wf_image_852.png,cal
853,853,1075.0,lot23108,Edge-Ring,wf_image_853.png,val
854,854,516.0,lot43566,Scratch,wf_image_854.png,cal
855,855,3036.0,lot9337,Edge-Ring,wf_image_855.png,train
856,856,1109.0,lot45319,Scratch,wf_image_856.png,train
857,857,1080.0,lot24198,Edge-Ring,wf_image_857.png,train
858,858,710.0,lot4497,Edge-Loc,wf_image_858.png,train
859,859,533.0,lot42159,Loc,wf_image_859.png,train
860,860,1376.0,lot45777,Scratch,wf_image_860.png,test
861,861,1075.0,lot23103,Edge-Ring,wf_image_861.png,train
862,862,1349.0,lot2375,Random,wf_image_862.png,val
863,863,515.0,lot36781,Center,wf_image_863.png,train
864,864,533.0,lot134,Edge-Loc,wf_image_864.png,val
865,865,3036.0,lot9337,Edge-Ring,wf_image_865.png,train
866,866,1075.0,lot2512,Edge-Ring,wf_image_866.png,cal
867,867,1334.0,lot17102,Random,wf_image_867.png,test
868,868,3036.0,lot10186,Edge-Ring,wf_image_868.png,train
869,869,1999.0,lot15045,Edge-Ring,wf_image_869.png,train
870,870,1080.0,lot21532,Random,wf_image_870.png,test
871,871,1075.0,lot2503,Edge-Ring,wf_image_871.png,val
872,872,776.0,lot40911,Loc,wf_image_872.png,train
873,873,1334.0,lot17175,Loc,wf_image_873.png,train
874,874,2126.0,lot20736,Edge-Ring,wf_image_874.png,test
875,875,1075.0,lot2516,Edge-Ring,wf_image_875.png,train
876,876,3036.0,lot11972,Edge-Ring,wf_image_876.png,train
877,877,776.0,lot41094,Edge-Loc,wf_image_877.png,train
878,878,1075.0,lot13962,Edge-Ring,wf_image_878.png,val
879,879,1075.0,lot2514,Edge-Ring,wf_image_879.png,train
880,880,733.0,lot39480,Center,wf_image_880.png,test
881,881,12662.0,lot16997,Random,wf_image_881.png,train
882,882,2126.0,lot18377,Edge-Ring,wf_image_882.png,train
883,883,904.0,lot45639,Center,wf_image_883.png,train
884,884,1075.0,lot2520,Edge-Ring,wf_image_884.png,train
885,885,533.0,lot40404,Loc,wf_image_885.png,val
886,886,1999.0,lot14760,Edge-Ring,wf_image_886.png,test
887,887,1139.0,lot15561,Random,wf_image_887.png,train
888,888,1075.0,lot25391,Edge-Ring,wf_image_888.png,test
889,889,515.0,lot36965,Center,wf_image_889.png,val
890,890,1060.0,lot47411,Edge-Loc,wf_image_890.png,test
891,891,1075.0,lot12910,Edge-Ring,wf_image_891.png,train
892,892,515.0,lot33239,Edge-Loc,wf_image_892.png,cal
893,893,1109.0,lot45325,Edge-Loc,wf_image_893.png,cal
894,894,3036.0,lot9337,Edge-Ring,wf_image_894.png,train
895,895,1109.0,lot45374,Loc,wf_image_895.png,test
896,896,712.0,lot41566,Random,wf_image_896.png,test
897,897,1334.0,lot17149,Donut,wf_image_897.png,test
898,898,3036.0,lot11856,Edge-Ring,wf_image_898.png,train
899,899,518.0,lot44891,Donut,wf_image_899.png,train
900,900,1075.0,lot12905,Edge-Ring,wf_image_900.png,train
901,901,533.0,lot13088,Edge-Loc,wf_image_901.png,cal
902,902,842.0,lot42329,Loc,wf_image_902.png,cal
903,903,845.0,lot42348,Edge-Loc,wf_image_903.png,train
904,904,515.0,lot6172,Center,wf_image_904.png,train
905,905,533.0,lot169,Random,wf_image_905.png,val
906,906,741.0,lot44460,Loc,wf_image_906.png,test
907,907,844.0,lot42200,Loc,wf_image_907.png,val
908,908,939.0,lot7849,Center,wf_image_908.png,test
909,909,1075.0,lot13965,Edge-Ring,wf_image_909.png,cal
910,910,533.0,lot40425,Center,wf_image_910.png,test
911,911,1334.0,lot16989,Center,wf_image_911.png,test
912,912,1376.0,lot26624,Edge-Ring,wf_image_912.png,cal
913,913,776.0,lot44113,Random,wf_image_913.png,train
914,914,1291.0,lot10942,Edge-Loc,wf_image_914.png,test
915,915,741.0,lot44373,Loc,wf_image_915.png,train
916,916,600.0,lot47519,Edge-Ring,wf_image_916.png,train
917,917,846.0,lot5439,Edge-Loc,wf_image_917.png,test
918,918,1075.0,lot2505,Edge-Ring,wf_image_918.png,train
919,919,1075.0,lot25392,Edge-Ring,wf_image_919.png,train
920,920,515.0,lot36591,Center,wf_image_920.png,train
921,921,1075.0,lot2502,Edge-Ring,wf_image_921.png,train
922,922,515.0,lot36864,Center,wf_image_922.png,train
923,923,939.0,lot3879,Edge-Loc,wf_image_923.png,val
924,924,1129.0,lot11884,Edge-Ring,wf_image_924.png,train
925,925,2126.0,lot22483,Edge-Ring,wf_image_925.png,val
926,926,1075.0,lot2508,Edge-Ring,wf_image_926.png,train
927,927,1129.0,lot5686,Edge-Loc,wf_image_927.png,train
928,928,904.0,lot45639,Loc,wf_image_928.png,test
929,929,502.0,lot45116,Loc,wf_image_929.png,train
930,930,939.0,lot3816,Edge-Loc,wf_image_930.png,train
931,931,515.0,lot35933,Center,wf_image_931.png,train
932,932,1109.0,lot45482,Center,wf_image_932.png,cal
933,933,1334.0,lot17127,Donut,wf_image_933.png,test
934,934,1376.0,lot45862,Loc,wf_image_934.png,val
935,935,904.0,lot45641,Center,wf_image_935.png,train
936,936,515.0,lot36738,Center,wf_image_936.png,cal
937,937,515.0,lot36868,Center,wf_image_937.png,train
938,938,518.0,lot43991,Center,wf_image_938.png,test
939,939,939.0,lot6230,Loc,wf_image_939.png,train
940,940,3036.0,lot12751,Edge-Ring,wf_image_940.png,cal
941,941,2126.0,lot20908,Edge-Ring,wf_image_941.png,val
942,942,1291.0,lot7397,Edge-Ring,wf_image_942.png,train
943,943,904.0,lot45647,Center,wf_image_943.png,test
944,944,1349.0,lot2432,Random,wf_image_944.png,train
945,945,741.0,lot44224,Loc,wf_image_945.png,test
946,946,600.0,lot47505,Edge-Loc,wf_image_946.png,cal
947,947,939.0,lot6221,Edge-Loc,wf_image_947.png,train
948,948,710.0,lot38313,Edge-Loc,wf_image_948.png,test
949,949,1658.0,lot20568,Edge-Ring,wf_image_949.png,val
950,950,1658.0,lot23844,Edge-Ring,wf_image_950.png,train
951,951,518.0,lot45292,Loc,wf_image_951.png,train
952,952,515.0,lot39610,Center,wf_image_952.png,train
953,953,1109.0,lot45316,Loc,wf_image_953.png,train
954,954,3036.0,lot10188,Edge-Ring,wf_image_954.png,train
955,955,12662.0,lot19849,Edge-Ring,wf_image_955.png,train
956,956,736.0,lot42843,Edge-Loc,wf_image_956.png,train
957,957,3927.0,lot2155,Edge-Ring,wf_image_957.png,train
958,958,3036.0,lot11678,Edge-Ring,wf_image_958.png,test
959,959,845.0,lot7266,Edge-Loc,wf_image_959.png,val
960,960,3927.0,lot10009,Edge-Ring,wf_image_960.png,train
961,961,1658.0,lot16605,Edge-Ring,wf_image_961.png,test
962,962,1658.0,lot16598,Edge-Ring,wf_image_962.png,train
963,963,776.0,lot40849,Loc,wf_image_963.png,train
964,964,1075.0,lot2512,Edge-Ring,wf_image_964.png,train
965,965,844.0,lot42265,Loc,wf_image_965.png,train
966,966,3036.0,lot2076,Edge-Ring,wf_image_966.png,test
967,967,2126.0,lot21560,Edge-Ring,wf_image_967.png,test
968,968,518.0,lot15682,Random,wf_image_968.png,train
969,969,515.0,lot36585,Center,wf_image_969.png,val
970,970,533.0,lot40465,Loc,wf_image_970.png,test
971,971,845.0,lot7259,Edge-Loc,wf_image_971.png,cal
972,972,1376.0,lot16678,Loc,wf_image_972.png,val
973,973,3036.0,lot12746,Edge-Ring,wf_image_973.png,train
974,974,515.0,lot36548,Center,wf_image_974.png,val
975,975,1658.0,lot16601,Edge-Ring,wf_image_975.png,test
976,976,844.0,lot42278,Edge-Loc,wf_image_976.png,train
977,977,533.0,lot40449,Edge-Loc,wf_image_977.png,test
978,978,1291.0,lot13717,Edge-Ring,wf_image_978.png,test
979,979,2126.0,lot20906,Edge-Ring,wf_image_979.png,test
980,980,1075.0,lot12908,Edge-Ring,wf_image_980.png,cal
981,981,1999.0,lot14760,Edge-Ring,wf_image_981.png,train
982,982,2126.0,lot18382,Edge-Ring,wf_image_982.png,val
983,983,3927.0,lot9149,Edge-Ring,wf_image_983.png,test
984,984,939.0,lot3874,Edge-Ring,wf_image_984.png,train
985,985,515.0,lot32772,Center,wf_image_985.png,cal
986,986,1801.0,lot6428,Edge-Loc,wf_image_986.png,train
987,987,3036.0,lot10184,Edge-Ring,wf_image_987.png,cal
988,988,533.0,lot281,Scratch,wf_image_988.png,train
989,989,776.0,lot41012,Loc,wf_image_989.png,train
990,990,2126.0,lot20738,Edge-Ring,wf_image_990.png,train
991,991,2126.0,lot22478,Edge-Ring,wf_image_991.png,val
992,992,2126.0,lot18378,Edge-Ring,wf_image_992.png,train
993,993,518.0,lot44951,Loc,wf_image_993.png,test
994,994,1075.0,lot2499,Edge-Ring,wf_image_994.png,cal
995,995,3927.0,lot9152,Edge-Ring,wf_image_995.png,train
996,996,1080.0,lot26481,Center,wf_image_996.png,test
997,997,1129.0,lot42624,Center,wf_image_997.png,cal
998,998,2126.0,lot20732,Edge-Ring,wf_image_998.png,train
999,999,712.0,lot41471,Loc,wf_image_999.png,test
1000,1000,3036.0,lot12760,Edge-Ring,wf_image_1000.png,test
1001,1001,516.0,lot43140,Loc,wf_image_1001.png,test
1002,1002,515.0,lot32875,Center,wf_image_1002.png,train
1003,1003,3036.0,lot11857,Edge-Ring,wf_image_1003.png,train
1004,1004,741.0,lot44178,Near-full,wf_image_1004.png,cal
1005,1005,515.0,lot36842,Center,wf_image_1005.png,train
1006,1006,515.0,lot36666,Center,wf_image_1006.png,val
1007,1007,1075.0,lot2515,Edge-Ring,wf_image_1007.png,val
1008,1008,939.0,lot3916,Edge-Loc,wf_image_1008.png,train
1009,1009,533.0,lot40561,Edge-Loc,wf_image_1009.png,train
1010,1010,1421.0,lot44797,Edge-Ring,wf_image_1010.png,train
1011,1011,600.0,lot47511,Edge-Loc,wf_image_1011.png,test
1012,1012,733.0,lot31960,Donut,wf_image_1012.png,cal
1013,1013,3927.0,lot9151,Edge-Ring,wf_image_1013.png,val
1014,1014,712.0,lot41694,Random,wf_image_1014.png,train
1015,1015,838.0,lot42358,Edge-Loc,wf_image_1015.png,cal
1016,1016,516.0,lot43586,Loc,wf_image_1016.png,train
1017,1017,1075.0,lot2149,Edge-Ring,wf_image_1017.png,val
1018,1018,518.0,lot15670,Edge-Loc,wf_image_1018.png,train
1019,1019,3927.0,lot11172,Edge-Ring,wf_image_1019.png,test
1020,1020,845.0,lot42291,Loc,wf_image_1020.png,test
1021,1021,516.0,lot43533,Near-full,wf_image_1021.png,val
1022,1022,515.0,lot36633,Center,wf_image_1022.png,train
1023,1023,3036.0,lot10185,Edge-Ring,wf_image_1023.png,val
1024,1024,776.0,lot44052,Loc,wf_image_1024.png,train
1025,1025,844.0,lot42365,Loc,wf_image_1025.png,cal
1026,1026,776.0,lot40923,Random,wf_image_1026.png,val
1027,1027,533.0,lot42155,Loc,wf_image_1027.png,train
1028,1028,1075.0,lot2504,Edge-Ring,wf_image_1028.png,test
1029,1029,1421.0,lot44797,Edge-Ring,wf_image_1029.png,cal
1030,1030,741.0,lot44445,Loc,wf_image_1030.png,val
1031,1031,1109.0,lot45567,Near-full,wf_image_1031.png,val
1032,1032,2126.0,lot21041,Edge-Ring,wf_image_1032.png,train
1033,1033,600.0,lot47534,Loc,wf_image_1033.png,val
1034,1034,533.0,lot42161,Edge-Loc,wf_image_1034.png,train
1035,1035,1376.0,lot45755,Edge-Loc,wf_image_1035.png,train
1036,1036,710.0,lot35304,Center,wf_image_1036.png,cal
1037,1037,515.0,lot3700,Edge-Loc,wf_image_1037.png,test
1038,1038,564.0,lot24236,Edge-Loc,wf_image_1038.png,cal
1039,1039,1334.0,lot17174,Donut,wf_image_1039.png,val
1040,1040,1075.0,lot23105,Edge-Ring,wf_image_1040.png,test
1041,1041,1421.0,lot44810,Edge-Ring,wf_image_1041.png,cal
1042,1042,845.0,lot7258,Loc,wf_image_1042.png,test
1043,1043,2126.0,lot20737,Edge-Ring,wf_image_1043.png,train
1044,1044,1075.0,lot12910,Edge-Ring,wf_image_1044.png,train
1045,1045,516.0,lot43492,Loc,wf_image_1045.png,test
1046,1046,3927.0,lot9147,Edge-Ring,wf_image_1046.png,train
1047,1047,1139.0,lot16894,Center,wf_image_1047.png,train
1048,1048,845.0,lot42234,Edge-Ring,wf_image_1048.png,train
1049,1049,845.0,lot42182,Donut,wf_image_1049.png,test
1050,1050,3036.0,lot11967,Edge-Ring,wf_image_1050.png,train
1051,1051,1291.0,lot11150,Edge-Ring,wf_image_1051.png,train
1052,1052,846.0,lot36115,Random,wf_image_1052.png,test
1053,1053,1109.0,lot45357,Center,wf_image_1053.png,cal
1054,1054,733.0,lot26954,Edge-Ring,wf_image_1054.png,test
1055,1055,1075.0,lot2510,Edge-Ring,wf_image_1055.png,train
1056,1056,515.0,lot36688,Center,wf_image_1056.png,train
1057,1057,710.0,lot35501,Edge-Loc,wf_image_1057.png,train
1058,1058,1075.0,lot12907,Edge-Ring,wf_image_1058.png,test
1059,1059,3927.0,lot2154,Edge-Ring,wf_image_1059.png,train
1060,1060,515.0,lot35962,Center,wf_image_1060.png,val
1061,1061,846.0,lot5621,Edge-Ring,wf_image_1061.png,test
1062,1062,1129.0,lot42679,Edge-Loc,wf_image_1062.png,cal
1063,1063,1304.0,lot3298,Edge-Ring,wf_image_1063.png,train
1064,1064,1334.0,lot17178,Donut,wf_image_1064.png,train
1065,1065,1304.0,lot4370,Edge-Loc,wf_image_1065.png,test
1066,1066,1109.0,lot45473,Center,wf_image_1066.png,train
1067,1067,2126.0,lot22479,Edge-Ring,wf_image_1067.png,val
1068,1068,1075.0,lot2513,Edge-Ring,wf_image_1068.png,train
1069,1069,533.0,lot40566,Loc,wf_image_1069.png,train
1070,1070,600.0,lot47517,Loc,wf_image_1070.png,train
1071,1071,1999.0,lot15045,Edge-Ring,wf_image_1071.png,train
1072,1072,3036.0,lot10187,Edge-Ring,wf_image_1072.png,test
1073,1073,1999.0,lot14768,Edge-Ring,wf_image_1073.png,test
1074,1074,733.0,lot39457,Center,wf_image_1074.png,cal
1075,1075,1129.0,lot42721,Edge-Loc,wf_image_1075.png,train
1076,1076,1376.0,lot45841,Edge-Loc,wf_image_1076.png,train
1077,1077,904.0,lot45624,Center,wf_image_1077.png,val
1078,1078,1334.0,lot45944,Scratch,wf_image_1078.png,train
1079,1079,3927.0,lot9151,Edge-Ring,wf_image_1079.png,train
1080,1080,518.0,lot43896,Edge-Loc,wf_image_1080.png,cal
1081,1081,515.0,lot35947,Center,wf_image_1081.png,train
1082,1082,1376.0,lot45717,Random,wf_image_1082.png,test
1083,1083,1075.0,lot2498,Edge-Ring,wf_image_1083.png,cal
1084,1084,516.0,lot43533,Loc,wf_image_1084.png,train
1085,1085,1139.0,lot15562,Near-full,wf_image_1085.png,train
1086,1086,1060.0,lot47472,Edge-Ring,wf_image_1086.png,cal
1087,1087,515.0,lot35922,Center,wf_image_1087.png,train
1088,1088,1139.0,lot15561,Random,wf_image_1088.png,cal
1089,1089,1129.0,lot5159,Donut,wf_image_1089.png,cal
1090,1090,562.0,lot46765,Scratch,wf_image_1090.png,cal
1091,1091,1075.0,lot2523,Edge-Ring,wf_image_1091.png,train
1092,1092,562.0,lot46910,Edge-Ring,wf_image_1092.png,train
1093,1093,515.0,lot39872,Loc,wf_image_1093.png,train
1094,1094,2126.0,lot22477,Edge-Ring,wf_image_1094.png,train
1095,1095,1334.0,lot17181,Donut,wf_image_1095.png,train
1096,1096,846.0,lot5402,Edge-Loc,wf_image_1096.png,train
1097,1097,1080.0,lot23181,Donut,wf_image_1097.png,train
1098,1098,710.0,lot26818,Edge-Ring,wf_image_1098.png,train
1099,1099,2126.0,lot20134,Edge-Ring,wf_image_1099.png,cal
1100,1100,776.0,lot40815,Loc,wf_image_1100.png,train
1101,1101,776.0,lot41033,Loc,wf_image_1101.png,train
1102,1102,939.0,lot7848,Center,wf_image_1102.png,train
1103,1103,1421.0,lot44817,Edge-Ring,wf_image_1103.png,val
1104,1104,1109.0,lot45330,Edge-Loc,wf_image_1104.png,val
1105,1105,844.0,lot42213,Loc,wf_image_1105.png,val
1106,1106,3036.0,lot12761,Edge-Ring,wf_image_1106.png,train
1107,1107,515.0,lot36575,Center,wf_image_1107.png,train
1108,1108,904.0,lot45626,Center,wf_image_1108.png,train
1109,1109,600.0,lot47534,Edge-Loc,wf_image_1109.png,train
1110,1110,1075.0,lot2437,Edge-Ring,wf_image_1110.png,cal
1111,1111,846.0,lot36510,Edge-Loc,wf_image_1111.png,val
1112,1112,1075.0,lot2517,Edge-Ring,wf_image_1112.png,test
1113,1113,515.0,lot36782,Center,wf_image_1113.png,cal
1114,1114,515.0,lot33133,Center,wf_image_1114.png,test
1115,1115,1075.0,lot2511,Edge-Ring,wf_image_1115.png,cal
1116,1116,3036.0,lot11966,Edge-Ring,wf_image_1116.png,train
1117,1117,1334.0,lot45985,Random,wf_image_1117.png,train
1118,1118,3927.0,lot2534,Edge-Ring,wf_image_1118.png,train
1119,1119,515.0,lot6191,Edge-Loc,wf_image_1119.png,train
1120,1120,515.0,lot39699,Center,wf_image_1120.png,test
1121,1121,1334.0,lot17184,Loc,wf_image_1121.png,val
1122,1122,845.0,lot42318,Edge-Loc,wf_image_1122.png,cal
1123,1123,1075.0,lot23099,Edge-Ring,wf_image_1123.png,test
1124,1124,1060.0,lot47396,Edge-Loc,wf_image_1124.png,test
1125,1125,843.0,lot42358,Edge-Loc,wf_image_1125.png,cal
1126,1126,515.0,lot36596,Center,wf_image_1126.png,train
1127,1127,846.0,lot36492,Edge-Loc,wf_image_1127.png,train
1128,1128,12662.0,lot19849,Edge-Ring,wf_image_1128.png,train
1129,1129,515.0,lot3700,Edge-Loc,wf_image_1129.png,train
1130,1130,1109.0,lot45566,Random,wf_image_1130.png,val
1131,1131,1376.0,lot45770,Edge-Loc,wf_image_1131.png,train
1132,1132,1999.0,lot14822,Edge-Ring,wf_image_1132.png,val
1133,1133,515.0,lot36923,Center,wf_image_1133.png,test
1134,1134,3927.0,lot10008,Edge-Ring,wf_image_1134.png,train
1135,1135,1226.0,lot23597,Center,wf_image_1135.png,train
1136,1136,2126.0,lot22477,Edge-Ring,wf_image_1136.png,cal
1137,1137,741.0,lot2340,Edge-Ring,wf_image_1137.png,train
1138,1138,3927.0,lot9156,Edge-Ring,wf_image_1138.png,val
1139,1139,939.0,lot3821,Edge-Loc,wf_image_1139.png,train
1140,1140,1129.0,lot9344,Edge-Ring,wf_image_1140.png,train
1141,1141,904.0,lot45634,Random,wf_image_1141.png,train
1142,1142,1349.0,lot2377,Random,wf_image_1142.png,train
1143,1143,1139.0,lot17481,Loc,wf_image_1143.png,train
1144,1144,3036.0,lot12758,Edge-Ring,wf_image_1144.png,train
1145,1145,1139.0,lot18789,Scratch,wf_image_1145.png,test
1146,1146,600.0,lot47486,Scratch,wf_image_1146.png,train
1147,1147,1376.0,lot45756,Loc,wf_image_1147.png,test
1148,1148,1291.0,lot10050,Edge-Ring,wf_image_1148.png,train
1149,1149,845.0,lot42237,Loc,wf_image_1149.png,val
1150,1150,562.0,lot46966,Edge-Loc,wf_image_1150.png,train
1151,1151,1658.0,lot16601,Edge-Ring,wf_image_1151.png,val
1152,1152,710.0,lot4185,Loc,wf_image_1152.png,train
1153,1153,533.0,lot83,Edge-Loc,wf_image_1153.png,test
1154,1154,600.0,lot47517,Edge-Loc,wf_image_1154.png,train
1155,1155,1109.0,lot45563,Loc,wf_image_1155.png,train
1156,1156,1291.0,lot7397,Edge-Ring,wf_image_1156.png,train
1157,1157,1153.0,lot26156,Edge-Loc,wf_image_1157.png,test
1158,1158,776.0,lot40885,Loc,wf_image_1158.png,train
1159,1159,904.0,lot45633,Center,wf_image_1159.png,train
1160,1160,3927.0,lot9147,Edge-Ring,wf_image_1160.png,train
1161,1161,3036.0,lot11857,Edge-Ring,wf_image_1161.png,val
1162,1162,518.0,lot44880,Loc,wf_image_1162.png,train
1163,1163,712.0,lot27513,Edge-Ring,wf_image_1163.png,train
1164,1164,515.0,lot36969,Center,wf_image_1164.png,train
1165,1165,1226.0,lot23623,Center,wf_image_1165.png,val
1166,1166,2126.0,lot22474,Edge-Ring,wf_image_1166.png,cal
1167,1167,1075.0,lot23099,Edge-Ring,wf_image_1167.png,test
1168,1168,939.0,lot2783,Edge-Loc,wf_image_1168.png,train
1169,1169,2126.0,lot22471,Edge-Ring,wf_image_1169.png,train
1170,1170,516.0,lot43551,Edge-Loc,wf_image_1170.png,train
1171,1171,1334.0,lot17154,Loc,wf_image_1171.png,cal
1172,1172,533.0,lot165,Scratch,wf_image_1172.png,test
1173,1173,1080.0,lot26490,Loc,wf_image_1173.png,test
1174,1174,600.0,lot47496,Edge-Ring,wf_image_1174.png,train
1175,1175,516.0,lot42979,Edge-Loc,wf_image_1175.png,train
1176,1176,1334.0,lot17150,Donut,wf_image_1176.png,train
1177,1177,515.0,lot36591,Center,wf_image_1177.png,cal
1178,1178,533.0,lot42156,Center,wf_image_1178.png,train
1179,1179,1334.0,lot17184,Donut,wf_image_1179.png,cal
1180,1180,1291.0,lot10050,Edge-Ring,wf_image_1180.png,val
1181,1181,3036.0,lot11878,Edge-Ring,wf_image_1181.png,test
1182,1182,1291.0,lot13712,Edge-Ring,wf_image_1182.png,test
1183,1183,845.0,lot7306,Scratch,wf_image_1183.png,train
1184,1184,845.0,lot42241,Edge-Loc,wf_image_1184.png,train
1185,1185,562.0,lot46872,Random,wf_image_1185.png,test
1186,1186,1349.0,lot2420,Random,wf_image_1186.png,train
1187,1187,518.0,lot43928,Center,wf_image_1187.png,cal
1188,1188,1129.0,lot11885,Edge-Ring,wf_image_1188.png,test
1189,1189,1109.0,lot45566,Donut,wf_image_1189.png,train
1190,1190,1421.0,lot44802,Edge-Ring,wf_image_1190.png,test
1191,1191,1291.0,lot11988,Edge-Ring,wf_image_1191.png,train
1192,1192,710.0,lot33286,Edge-Loc,wf_image_1192.png,train
1193,1193,1075.0,lot2525,Edge-Ring,wf_image_1193.png,train
1194,1194,516.0,lot43389,Edge-Loc,wf_image_1194.png,train
1195,1195,515.0,lot36557,Center,wf_image_1195.png,test
1196,1196,600.0,lot47518,Edge-Loc,wf_image_1196.png,train
1197,1197,1129.0,lot42639,Scratch,wf_image_1197.png,train
1198,1198,515.0,lot36600,Center,wf_image_1198.png,train
1199,1199,515.0,lot10237,Center,wf_image_1199.png,train
1200,1200,1075.0,lot2496,Edge-Ring,wf_image_1200.png,test
1201,1201,1060.0,lot47406,Near-full,wf_image_1201.png,train
1202,1202,710.0,lot38097,Center,wf_image_1202.png,test
1203,1203,3036.0,lot9334,Edge-Ring,wf_image_1203.png,train
1204,1204,904.0,lot45635,Random,wf_image_1204.png,test
1205,1205,1060.0,lot47359,Loc,wf_image_1205.png,train
1206,1206,3927.0,lot9157,Edge-Ring,wf_image_1206.png,train
1207,1207,1075.0,lot2505,Edge-Ring,wf_image_1207.png,train
1208,1208,1334.0,lot45985,Random,wf_image_1208.png,train
1209,1209,710.0,lot33541,Edge-Loc,wf_image_1209.png,test
1210,1210,1801.0,lot4668,Edge-Loc,wf_image_1210.png,train
1211,1211,1080.0,lot20123,Edge-Ring,wf_image_1211.png,train
1212,1212,1226.0,lot22219,Edge-Loc,wf_image_1212.png,cal
1213,1213,1075.0,lot2523,Edge-Ring,wf_image_1213.png,train
1214,1214,1291.0,lot13716,Edge-Ring,wf_image_1214.png,cal
1215,1215,515.0,lot36813,Center,wf_image_1215.png,test
1216,1216,1075.0,lot13966,Edge-Ring,wf_image_1216.png,train
1217,1217,1334.0,lot17192,Donut,wf_image_1217.png,cal
1218,1218,600.0,lot47513,Edge-Loc,wf_image_1218.png,cal
1219,1219,1109.0,lot45576,Scratch,wf_image_1219.png,test
1220,1220,515.0,lot39580,Center,wf_image_1220.png,test
1221,1221,843.0,lot42323,Loc,wf_image_1221.png,train
1222,1222,515.0,lot36829,Center,wf_image_1222.png,train
1223,1223,1334.0,lot17178,Center,wf_image_1223.png,train
1224,1224,3036.0,lot11966,Edge-Ring,wf_image_1224.png,train
1225,1225,1080.0,lot26306,Loc,wf_image_1225.png,cal
1226,1226,2126.0,lot22483,Edge-Ring,wf_image_1226.png,test
1227,1227,533.0,lot90,Near-full,wf_image_1227.png,test
1228,1228,1075.0,lot2524,Edge-Ring,wf_image_1228.png,train
1229,1229,2126.0,lot22483,Edge-Ring,wf_image_1229.png,val
1230,1230,518.0,lot43910,Random,wf_image_1230.png,train
1231,1231,600.0,lot47528,Edge-Ring,wf_image_1231.png,val
1232,1232,1075.0,lot23108,Edge-Ring,wf_image_1232.png,train
1233,1233,733.0,lot33011,Scratch,wf_image_1233.png,val
1234,1234,3036.0,lot12759,Edge-Ring,wf_image_1234.png,train
1235,1235,515.0,lot36707,Center,wf_image_1235.png,test
1236,1236,1129.0,lot42623,Loc,wf_image_1236.png,train
1237,1237,515.0,lot36993,Random,wf_image_1237.png,test
1238,1238,846.0,lot36432,Scratch,wf_image_1238.png,train
1239,1239,515.0,lot36721,Center,wf_image_1239.png,test
1240,1240,600.0,lot47535,Edge-Loc,wf_image_1240.png,train
1241,1241,1999.0,lot15045,Edge-Ring,wf_image_1241.png,train
1242,1242,1349.0,lot2377,Random,wf_image_1242.png,train
1243,1243,1075.0,lot2526,Edge-Ring,wf_image_1243.png,train
1244,1244,939.0,lot6392,Edge-Ring,wf_image_1244.png,train
1245,1245,515.0,lot36562,Center,wf_image_1245.png,test
1246,1246,1658.0,lot16604,Edge-Ring,wf_image_1246.png,cal
1247,1247,3927.0,lot9148,Edge-Ring,wf_image_1247.png,train
1248,1248,1334.0,lot17158,Donut,wf_image_1248.png,train
1249,1249,904.0,lot45627,Edge-Loc,wf_image_1249.png,train
1250,1250,1291.0,lot7397,Edge-Ring,wf_image_1250.png,cal
1251,1251,515.0,lot33071,Center,wf_image_1251.png,train
1252,1252,516.0,lot43594,Scratch,wf_image_1252.png,train
1253,1253,844.0,lot7238,Loc,wf_image_1253.png,train
1254,1254,712.0,lot41597,Loc,wf_image_1254.png,train
1255,1255,533.0,lot40560,Edge-Loc,wf_image_1255.png,val
1256,1256,3036.0,lot11631,Edge-Ring,wf_image_1256.png,val
1257,1257,776.0,lot40749,Center,wf_image_1257.png,train
1258,1258,516.0,lot43533,Random,wf_image_1258.png,train
1259,1259,2126.0,lot20905,Edge-Ring,wf_image_1259.png,val
1260,1260,1075.0,lot25393,Edge-Ring,wf_image_1260.png,train
1261,1261,515.0,lot36837,Center,wf_image_1261.png,train
1262,1262,515.0,lot36634,Center,wf_image_1262.png,val
1263,1263,515.0,lot39699,Center,wf_image_1263.png,train
1264,1264,1139.0,lot15561,Random,wf_image_1264.png,cal
1265,1265,516.0,lot43452,Edge-Loc,wf_image_1265.png,train
1266,1266,3036.0,lot9335,Edge-Ring,wf_image_1266.png,val
1267,1267,1075.0,lot2527,Edge-Ring,wf_image_1267.png,train
1268,1268,1109.0,lot45577,Random,wf_image_1268.png,cal
1269,1269,1658.0,lot16601,Edge-Ring,wf_image_1269.png,test
1270,1270,1411.0,lot15567,Edge-Ring,wf_image_1270.png,val
1271,1271,1334.0,lot17130,Donut,wf_image_1271.png,test
1272,1272,533.0,lot40599,Scratch,wf_image_1272.png,val
1273,1273,844.0,lot42198,Loc,wf_image_1273.png,train
1274,1274,846.0,lot5394,Edge-Loc,wf_image_1274.png,test
1275,1275,1421.0,lot44780,Edge-Ring,wf_image_1275.png,cal
1276,1276,1334.0,lot45985,Edge-Loc,wf_image_1276.png,cal
1277,1277,515.0,lot33167,Center,wf_image_1277.png,train
1278,1278,515.0,lot36726,Center,wf_image_1278.png,train
1279,1279,1129.0,lot42737,Scratch,wf_image_1279.png,test
1280,1280,562.0,lot46955,Edge-Loc,wf_image_1280.png,train
1281,1281,1291.0,lot11987,Edge-Ring,wf_image_1281.png,val
1282,1282,515.0,lot33072,Center,wf_image_1282.png,train
1283,1283,2126.0,lot22490,Edge-Ring,wf_image_1283.png,test
1284,1284,1658.0,lot16601,Edge-Ring,wf_image_1284.png,train
1285,1285,3036.0,lot12750,Edge-Ring,wf_image_1285.png,train
1286,1286,712.0,lot27627,Edge-Ring,wf_image_1286.png,train
1287,1287,846.0,lot33887,Edge-Ring,wf_image_1287.png,train
1288,1288,1334.0,lot45969,Loc,wf_image_1288.png,cal
1289,1289,3927.0,lot9155,Edge-Ring,wf_image_1289.png,test
1290,1290,3036.0,lot10188,Edge-Ring,wf_image_1290.png,cal
1291,1291,1658.0,lot16601,Edge-Ring,wf_image_1291.png,train
1292,1292,1334.0,lot17137,Donut,wf_image_1292.png,cal
1293,1293,1801.0,lot6435,Edge-Loc,wf_image_1293.png,cal
1294,1294,518.0,lot43899,Loc,wf_image_1294.png,test
1295,1295,1060.0,lot47468,Edge-Loc,wf_image_1295.png,train
1296,1296,776.0,lot41026,Loc,wf_image_1296.png,test
1297,1297,1075.0,lot2756,Edge-Ring,wf_image_1297.png,train
1298,1298,1226.0,lot22193,Center,wf_image_1298.png,test
1299,1299,1226.0,lot23666,Edge-Loc,wf_image_1299.png,test
1300,1300,1080.0,lot21629,Loc,wf_image_1300.png,val
1301,1301,1075.0,lot23102,Edge-Ring,wf_image_1301.png,test
1302,1302,516.0,lot43567,Loc,wf_image_1302.png,test
1303,1303,533.0,lot69,Random,wf_image_1303.png,train
1304,1304,1334.0,lot17150,Donut,wf_image_1304.png,train
1305,1305,3036.0,lot11967,Edge-Ring,wf_image_1305.png,test
1306,1306,710.0,lot9214,Edge-Loc,wf_image_1306.png,train
1307,1307,1075.0,lot2436,Edge-Ring,wf_image_1307.png,train
1308,1308,2126.0,lot18019,Edge-Ring,wf_image_1308.png,train
1309,1309,776.0,lot41167,Scratch,wf_image_1309.png,train
1310,1310,3036.0,lot2075,Edge-Ring,wf_image_1310.png,train
1311,1311,733.0,lot39457,Center,wf_image_1311.png,val
1312,1312,518.0,lot45278,Loc,wf_image_1312.png,cal
1313,1313,3036.0,lot12748,Edge-Ring,wf_image_1313.png,test
1314,1314,533.0,lot40559,Loc,wf_image_1314.png,cal
1315,1315,776.0,lot40830,Loc,wf_image_1315.png,test
1316,1316,1421.0,lot44798,Edge-Ring,wf_image_1316.png,test
1317,1317,2126.0,lot21043,Edge-Ring,wf_image_1317.png,val
1318,1318,1075.0,lot44167,Edge-Ring,wf_image_1318.png,train
1319,1319,776.0,lot41162,Center,wf_image_1319.png,cal
1320,1320,2126.0,lot21579,Edge-Ring,wf_image_1320.png,cal
1321,1321,2126.0,lot20909,Edge-Ring,wf_image_1321.png,cal
1322,1322,1291.0,lot10050,Edge-Ring,wf_image_1322.png,test
1323,1323,515.0,lot35944,Center,wf_image_1323.png,test
1324,1324,1129.0,lot9343,Edge-Ring,wf_image_1324.png,train
1325,1325,844.0,lot42196,Donut,wf_image_1325.png,train
1326,1326,533.0,lot40492,Near-full,wf_image_1326.png,test
1327,1327,710.0,lot35569,Random,wf_image_1327.png,test
1328,1328,2126.0,lot20903,Edge-Ring,wf_image_1328.png,train
1329,1329,3036.0,lot2074,Edge-Ring,wf_image_1329.png,train
1330,1330,1226.0,lot23598,Center,wf_image_1330.png,train
1331,1331,516.0,lot43357,Edge-Loc,wf_image_1331.png,train
1332,1332,1334.0,lot45952,Edge-Loc,wf_image_1332.png,val
1333,1333,533.0,lot133,Loc,wf_image_1333.png,test
1334,1334,904.0,lot45635,Center,wf_image_1334.png,cal
1335,1335,1226.0,lot23648,Center,wf_image_1335.png,train
1336,1336,515.0,lot36922,Edge-Loc,wf_image_1336.png,test
1337,1337,1376.0,lot45796,Loc,wf_image_1337.png,test
1338,1338,1075.0,lot13961,Edge-Ring,wf_image_1338.png,test
1339,1339,1080.0,lot26441,Donut,wf_image_1339.png,train
1340,1340,1075.0,lot2507,Edge-Ring,wf_image_1340.png,train
1341,1341,1999.0,lot15009,Edge-Ring,wf_image_1341.png,train
1342,1342,1069.0,lot44166,Edge-Ring,wf_image_1342.png,train
1343,1343,710.0,lot9216,Random,wf_image_1343.png,test
1344,1344,1376.0,lot45706,Edge-Loc,wf_image_1344.png,cal
1345,1345,710.0,lot35227,Loc,wf_image_1345.png,val
1346,1346,845.0,lot42370,Donut,wf_image_1346.png,test
1347,1347,1080.0,lot21678,Loc,wf_image_1347.png,train
1348,1348,2126.0,lot20737,Edge-Ring,wf_image_1348.png,val
1349,1349,3927.0,lot9156,Edge-Ring,wf_image_1349.png,val
1350,1350,710.0,lot38381,Edge-Loc,wf_image_1350.png,val
1351,1351,533.0,lot40411,Edge-Loc,wf_image_1351.png,train
1352,1352,515.0,lot37014,Center,wf_image_1352.png,train
1353,1353,1801.0,lot6454,Edge-Loc,wf_image_1353.png,train
1354,1354,1658.0,lot20569,Edge-Ring,wf_image_1354.png,train
1355,1355,12662.0,lot17286,Edge-Ring,wf_image_1355.png,train
1356,1356,1129.0,lot42736,Scratch,wf_image_1356.png,val
1357,1357,1226.0,lot23639,Center,wf_image_1357.png,train
1358,1358,1291.0,lot12743,Edge-Ring,wf_image_1358.png,test
1359,1359,3036.0,lot2076,Edge-Ring,wf_image_1359.png,test
1360,1360,1658.0,lot16600,Edge-Ring,wf_image_1360.png,train
1361,1361,2126.0,lot18380,Edge-Ring,wf_image_1361.png,train
1362,1362,3036.0,lot12765,Edge-Ring,wf_image_1362.png,test
1363,1363,1109.0,lot45301,Center,wf_image_1363.png,test
1364,1364,12662.0,lot19842,Edge-Ring,wf_image_1364.png,train
1365,1365,1349.0,lot2375,Random,wf_image_1365.png,train
1366,1366,904.0,lot45632,Edge-Loc,wf_image_1366.png,train
1367,1367,533.0,lot8338,Edge-Loc,wf_image_1367.png,train
1368,1368,1075.0,lot2520,Edge-Ring,wf_image_1368.png,cal
1369,1369,841.0,lot42338,Edge-Loc,wf_image_1369.png,train
1370,1370,2126.0,lot18376,Edge-Ring,wf_image_1370.png,train
1371,1371,1801.0,lot4641,Edge-Loc,wf_image_1371.png,train
1372,1372,3036.0,lot11969,Edge-Ring,wf_image_1372.png,test
1373,1373,1109.0,lot45540,Center,wf_image_1373.png,train
1374,1374,3036.0,lot10184,Edge-Ring,wf_image_1374.png,cal
1375,1375,518.0,lot44948,Random,wf_image_1375.png,train
1376,1376,516.0,lot43584,Loc,wf_image_1376.png,train
1377,1377,1109.0,lot45354,Edge-Loc,wf_image_1377.png,train
1378,1378,1421.0,lot44802,Edge-Ring,wf_image_1378.png,train
1379,1379,741.0,lot44513,Random,wf_image_1379.png,train
1380,1380,516.0,lot43173,Loc,wf_image_1380.png,train
1381,1381,838.0,lot42240,Donut,wf_image_1381.png,train
1382,1382,1109.0,lot45418,Edge-Loc,wf_image_1382.png,train
1383,1383,846.0,lot36168,Edge-Loc,wf_image_1383.png,train
1384,1384,1075.0,lot23100,Edge-Ring,wf_image_1384.png,train
1385,1385,515.0,lot36764,Center,wf_image_1385.png,train
1386,1386,837.0,lot42374,Donut,wf_image_1386.png,train
1387,1387,1226.0,lot23633,Center,wf_image_1387.png,train
1388,1388,842.0,lot42281,Donut,wf_image_1388.png,train
1389,1389,1075.0,lot12910,Edge-Ring,wf_image_1389.png,test
1390,1390,518.0,lot44895,Loc,wf_image_1390.png,val
1391,1391,845.0,lot42266,Scratch,wf_image_1391.png,test
1392,1392,1129.0,lot11432,Random,wf_image_1392.png,cal
1393,1393,2126.0,lot21579,Edge-Ring,wf_image_1393.png,cal
1394,1394,776.0,lot44092,Random,wf_image_1394.png,train
1395,1395,1060.0,lot47394,Edge-Loc,wf_image_1395.png,train
1396,1396,904.0,lot45634,Random,wf_image_1396.png,train
1397,1397,1080.0,lot21758,Random,wf_image_1397.png,train
1398,1398,1080.0,lot21519,Random,wf_image_1398.png,val
1399,1399,1291.0,lot10050,Edge-Ring,wf_image_1399.png,train
1400,1400,516.0,lot43365,Edge-Loc,wf_image_1400.png,train
1401,1401,1109.0,lot45424,Loc,wf_image_1401.png,val
1402,1402,1334.0,lot17188,Edge-Loc,wf_image_1402.png,train
1403,1403,2126.0,lot20134,Edge-Ring,wf_image_1403.png,test
1404,1404,1421.0,lot44807,Edge-Ring,wf_image_1404.png,train
1405,1405,1658.0,lot16536,Edge-Ring,wf_image_1405.png,cal
1406,1406,533.0,lot40547,Edge-Loc,wf_image_1406.png,test
1407,1407,1376.0,lot45705,Edge-Loc,wf_image_1407.png,train
1408,1408,515.0,lot35917,Center,wf_image_1408.png,test
1409,1409,1129.0,lot42720,Scratch,wf_image_1409.png,test
1410,1410,518.0,lot44906,Loc,wf_image_1410.png,train
1411,1411,562.0,lot47189,Scratch,wf_image_1411.png,train
1412,1412,1226.0,lot19236,Center,wf_image_1412.png,test
1413,1413,939.0,lot6002,Center,wf_image_1413.png,train
1414,1414,600.0,lot47519,Edge-Ring,wf_image_1414.png,train
1415,1415,733.0,lot39479,Center,wf_image_1415.png,train
1416,1416,1421.0,lot17370,Random,wf_image_1416.png,train
1417,1417,1658.0,lot16606,Edge-Ring,wf_image_1417.png,train
1418,1418,562.0,lot46919,Scratch,wf_image_1418.png,test
1419,1419,3036.0,lot11877,Edge-Ring,wf_image_1419.png,train
1420,1420,515.0,lot36869,Center,wf_image_1420.png,train
1421,1421,1109.0,lot45364,Edge-Loc,wf_image_1421.png,val
1422,1422,776.0,lot41169,Edge-Loc,wf_image_1422.png,train
1423,1423,1109.0,lot45313,Edge-Loc,wf_image_1423.png,val
1424,1424,516.0,lot42910,Edge-Loc,wf_image_1424.png,test
1425,1425,3036.0,lot12751,Edge-Ring,wf_image_1425.png,train
1426,1426,12662.0,lot19864,Edge-Ring,wf_image_1426.png,train
1427,1427,1334.0,lot17137,Donut,wf_image_1427.png,test
1428,1428,2126.0,lot21560,Edge-Ring,wf_image_1428.png,val
1429,1429,1334.0,lot17155,Loc,wf_image_1429.png,train
1430,1430,1349.0,lot2375,Random,wf_image_1430.png,cal
1431,1431,2126.0,lot21038,Edge-Ring,wf_image_1431.png,val
1432,1432,1075.0,lot2506,Edge-Ring,wf_image_1432.png,test
1433,1433,12662.0,lot17263,Edge-Ring,wf_image_1433.png,train
1434,1434,515.0,lot36741,Center,wf_image_1434.png,train
1435,1435,533.0,lot40390,Edge-Loc,wf_image_1435.png,test
1436,1436,846.0,lot33887,Edge-Ring,wf_image_1436.png,train
1437,1437,533.0,lot40473,Edge-Loc,wf_image_1437.png,train
1438,1438,1999.0,lot14760,Edge-Ring,wf_image_1438.png,train
1439,1439,2126.0,lot20134,Edge-Ring,wf_image_1439.png,train
1440,1440,3036.0,lot12747,Edge-Ring,wf_image_1440.png,train
1441,1441,515.0,lot39699,Center,wf_image_1441.png,train
1442,1442,515.0,lot36897,Center,wf_image_1442.png,train
1443,1443,1349.0,lot2377,Random,wf_image_1443.png,cal
1444,1444,1658.0,lot20568,Edge-Ring,wf_image_1444.png,train
1445,1445,2126.0,lot20907,Edge-Ring,wf_image_1445.png,train
1446,1446,1080.0,lot23498,Donut,wf_image_1446.png,val
1447,1447,2126.0,lot20732,Edge-Ring,wf_image_1447.png,train
1448,1448,1080.0,lot21748,Random,wf_image_1448.png,train
1449,1449,842.0,lot42295,Loc,wf_image_1449.png,train
1450,1450,733.0,lot31961,Donut,wf_image_1450.png,train
1451,1451,2126.0,lot20733,Edge-Ring,wf_image_1451.png,cal
1452,1452,845.0,lot42370,Donut,wf_image_1452.png,train
1453,1453,1139.0,lot15561,Random,wf_image_1453.png,val
1454,1454,1060.0,lot47385,Edge-Loc,wf_image_1454.png,train
1455,1455,1376.0,lot45890,Scratch,wf_image_1455.png,cal
1456,1456,562.0,lot46832,Scratch,wf_image_1456.png,val
1457,1457,3036.0,lot12750,Edge-Ring,wf_image_1457.png,train
1458,1458,3036.0,lot2076,Edge-Ring,wf_image_1458.png,train
1459,1459,733.0,lot39443,Center,wf_image_1459.png,train
1460,1460,904.0,lot45634,Random,wf_image_1460.png,train
1461,1461,741.0,lot44498,Edge-Loc,wf_image_1461.png,cal
1462,1462,12662.0,lot20610,Edge-Ring,wf_image_1462.png,cal
1463,1463,515.0,lot36890,Center,wf_image_1463.png,train
1464,1464,1129.0,lot42706,Edge-Loc,wf_image_1464.png,test
1465,1465,1080.0,lot26473,Edge-Loc,wf_image_1465.png,cal
1466,1466,1658.0,lot16554,Edge-Ring,wf_image_1466.png,train
1467,1467,776.0,lot40816,Loc,wf_image_1467.png,train
1468,1468,741.0,lot44483,Center,wf_image_1468.png,train
1469,1469,1075.0,lot13959,Edge-Ring,wf_image_1469.png,train
1470,1470,1376.0,lot45708,Edge-Loc,wf_image_1470.png,test
1471,1471,2126.0,lot20907,Edge-Ring,wf_image_1471.png,train
1472,1472,1075.0,lot2523,Edge-Ring,wf_image_1472.png,train
1473,1473,3036.0,lot9335,Edge-Ring,wf_image_1473.png,cal
1474,1474,741.0,lot2547,Scratch,wf_image_1474.png,train
1475,1475,843.0,lot42321,Edge-Loc,wf_image_1475.png,val
1476,1476,1075.0,lot2507,Edge-Ring,wf_image_1476.png,test
1477,1477,776.0,lot40953,Edge-Loc,wf_image_1477.png,test
1478,1478,904.0,lot45647,Center,wf_image_1478.png,train
1479,1479,1226.0,lot22223,Center,wf_image_1479.png,test
1480,1480,1334.0,lot23195,Loc,wf_image_1480.png,val
1481,1481,533.0,lot138,Random,wf_image_1481.png,train
1482,1482,741.0,lot44275,Scratch,wf_image_1482.png,train
1483,1483,1075.0,lot23097,Edge-Ring,wf_image_1483.png,test
1484,1484,515.0,lot36711,Center,wf_image_1484.png,train
1485,1485,1075.0,lot2519,Edge-Ring,wf_image_1485.png,train
1486,1486,710.0,lot35539,Edge-Loc,wf_image_1486.png,train
1487,1487,733.0,lot39503,Center,wf_image_1487.png,train
1488,1488,939.0,lot6318,Center,wf_image_1488.png,train
1489,1489,12662.0,lot19839,Edge-Ring,wf_image_1489.png,train
1490,1490,1075.0,lot2510,Edge-Ring,wf_image_1490.png,train
1491,1491,1129.0,lot42636,Edge-Loc,wf_image_1491.png,train
1492,1492,1109.0,lot45556,Edge-Loc,wf_image_1492.png,cal
1493,1493,712.0,lot39146,Loc,wf_image_1493.png,train
1494,1494,1334.0,lot17127,Donut,wf_image_1494.png,val
1495,1495,515.0,lot36585,Center,wf_image_1495.png,train
1496,1496,515.0,lot33095,Center,wf_image_1496.png,test
1497,1497,515.0,lot37034,Center,wf_image_1497.png,train
1498,1498,1075.0,lot23106,Edge-Ring,wf_image_1498.png,val
1499,1499,515.0,lot35924,Center,wf_image_1499.png,train
1500,1500,12662.0,lot19852,Edge-Ring,wf_image_1500.png,train
1501,1501,846.0,lot5593,Loc,wf_image_1501.png,train
1502,1502,3036.0,lot12751,Edge-Ring,wf_image_1502.png,test
1503,1503,1999.0,lot14919,Edge-Ring,wf_image_1503.png,test
1504,1504,1075.0,lot2514,Edge-Ring,wf_image_1504.png,test
1505,1505,846.0,lot36150,Loc,wf_image_1505.png,test
1506,1506,843.0,lot42227,Loc,wf_image_1506.png,val
1507,1507,939.0,lot6467,Loc,wf_image_1507.png,val
1508,1508,1075.0,lot12910,Edge-Ring,wf_image_1508.png,train
1509,1509,3927.0,lot9151,Edge-Ring,wf_image_1509.png,train
1510,1510,515.0,lot36818,Center,wf_image_1510.png,val
1511,1511,3036.0,lot9335,Edge-Ring,wf_image_1511.png,train
1512,1512,1080.0,lot24207,Center,wf_image_1512.png,train
1513,1513,1139.0,lot16915,Center,wf_image_1513.png,train
1514,1514,2126.0,lot18017,Edge-Ring,wf_image_1514.png,train
1515,1515,515.0,lot36692,Center,wf_image_1515.png,test
1516,1516,515.0,lot36665,Center,wf_image_1516.png,test
1517,1517,904.0,lot45631,Loc,wf_image_1517.png,cal
1518,1518,3036.0,lot12758,Edge-Ring,wf_image_1518.png,train
1519,1519,516.0,lot43474,Loc,wf_image_1519.png,test
1520,1520,1109.0,lot45561,Loc,wf_image_1520.png,train
1521,1521,3036.0,lot11856,Edge-Ring,wf_image_1521.png,val
1522,1522,710.0,lot38175,Edge-Loc,wf_image_1522.png,val
1523,1523,518.0,lot43975,Edge-Loc,wf_image_1523.png,train
1524,1524,1109.0,lot45312,Edge-Loc,wf_image_1524.png,val
1525,1525,600.0,lot47480,Edge-Loc,wf_image_1525.png,test
1526,1526,1075.0,lot23101,Edge-Ring,wf_image_1526.png,cal
1527,1527,1334.0,lot17174,Donut,wf_image_1527.png,train
1528,1528,518.0,lot45243,Near-full,wf_image_1528.png,test
1529,1529,562.0,lot46966,Loc,wf_image_1529.png,train
1530,1530,1075.0,lot23106,Edge-Ring,wf_image_1530.png,train
1531,1531,515.0,lot35928,Center,wf_image_1531.png,train
1532,1532,515.0,lot35926,Center,wf_image_1532.png,train
1533,1533,3036.0,lot11843,Edge-Ring,wf_image_1533.png,train
1534,1534,515.0,lot10395,Center,wf_image_1534.png,train
1535,1535,1109.0,lot45568,Near-full,wf_image_1535.png,train
1536,1536,1075.0,lot2521,Edge-Ring,wf_image_1536.png,train
1537,1537,3036.0,lot11233,Edge-Ring,wf_image_1537.png,train
1538,1538,515.0,lot39660,Center,wf_image_1538.png,train
1539,1539,1075.0,lot2515,Edge-Ring,wf_image_1539.png,train
1540,1540,515.0,lot39511,Center,wf_image_1540.png,train
1541,1541,1349.0,lot2425,Random,wf_image_1541.png,train
1542,1542,3927.0,lot9157,Edge-Ring,wf_image_1542.png,cal
1543,1543,1421.0,lot44786,Edge-Ring,wf_image_1543.png,test
1544,1544,3036.0,lot11630,Edge-Ring,wf_image_1544.png,val
1545,1545,515.0,lot36833,Center,wf_image_1545.png,train
1546,1546,600.0,lot47500,Edge-Loc,wf_image_1546.png,test
1547,1547,515.0,lot36585,Center,wf_image_1547.png,train
1548,1548,1060.0,lot47324,Edge-Loc,wf_image_1548.png,train
1549,1549,710.0,lot39960,Scratch,wf_image_1549.png,train
1550,1550,515.0,lot35905,Center,wf_image_1550.png,train
1551,1551,1109.0,lot45346,Edge-Loc,wf_image_1551.png,train
1552,1552,1060.0,lot47367,Scratch,wf_image_1552.png,test
1553,1553,516.0,lot43155,Edge-Loc,wf_image_1553.png,val
1554,1554,515.0,lot35965,Center,wf_image_1554.png,test
1555,1555,516.0,lot43319,Edge-Loc,wf_image_1555.png,val
1556,1556,845.0,lot7241,Loc,wf_image_1556.png,train
1557,1557,1080.0,lot18739,Edge-Ring,wf_image_1557.png,train
1558,1558,533.0,lot40462,Scratch,wf_image_1558.png,train
1559,1559,1129.0,lot5687,Loc,wf_image_1559.png,cal
1560,1560,1421.0,lot44803,Edge-Ring,wf_image_1560.png,train
1561,1561,1109.0,lot45334,Edge-Loc,wf_image_1561.png,train
1562,1562,2126.0,lot20730,Edge-Ring,wf_image_1562.png,train
1563,1563,1109.0,lot45414,Random,wf_image_1563.png,train
1564,1564,515.0,lot10396,Center,wf_image_1564.png,train
1565,1565,776.0,lot44081,Edge-Loc,wf_image_1565.png,train
1566,1566,1060.0,lot47383,Loc,wf_image_1566.png,val
1567,1567,515.0,lot36637,Center,wf_image_1567.png,train
1568,1568,12662.0,lot19850,Edge-Ring,wf_image_1568.png,val
1569,1569,2126.0,lot18382,Edge-Ring,wf_image_1569.png,train
1570,1570,562.0,lot46871,Edge-Loc,wf_image_1570.png,train
1571,1571,515.0,lot36766,Center,wf_image_1571.png,train
1572,1572,518.0,lot24178,Edge-Loc,wf_image_1572.png,test
1573,1573,845.0,lot42232,Loc,wf_image_1573.png,train
1574,1574,1334.0,lot17143,Donut,wf_image_1574.png,train
1575,1575,1080.0,lot23512,Edge-Loc,wf_image_1575.png,test
1576,1576,533.0,lot24,Scratch,wf_image_1576.png,cal
1577,1577,515.0,lot36930,Center,wf_image_1577.png,train
1578,1578,562.0,lot47084,Scratch,wf_image_1578.png,cal
1579,1579,533.0,lot42160,Center,wf_image_1579.png,train
1580,1580,1334.0,lot17113,Donut,wf_image_1580.png,test
1581,1581,2126.0,lot18019,Edge-Ring,wf_image_1581.png,cal
1582,1582,516.0,lot43494,Loc,wf_image_1582.png,train
1583,1583,1075.0,lot2519,Edge-Ring,wf_image_1583.png,train
1584,1584,1376.0,lot45839,Edge-Loc,wf_image_1584.png,train
1585,1585,1999.0,lot14524,Edge-Ring,wf_image_1585.png,cal
1586,1586,733.0,lot39453,Center,wf_image_1586.png,train
1587,1587,710.0,lot38235,Edge-Loc,wf_image_1587.png,train
1588,1588,12662.0,lot19849,Edge-Ring,wf_image_1588.png,train
1589,1589,3036.0,lot11232,Edge-Ring,wf_image_1589.png,train
1590,1590,939.0,lot3830,Loc,wf_image_1590.png,train
1591,1591,3036.0,lot12751,Edge-Ring,wf_image_1591.png,test
1592,1592,515.0,lot10280,Center,wf_image_1592.png,test
1593,1593,1109.0,lot45529,Edge-Loc,wf_image_1593.png,test
1594,1594,1999.0,lot14527,Edge-Ring,wf_image_1594.png,test
1595,1595,533.0,lot40591,Center,wf_image_1595.png,train
1596,1596,516.0,lot43052,Random,wf_image_1596.png,train
1597,1597,1109.0,lot45529,Center,wf_image_1597.png,train
1598,1598,533.0,lot40467,Loc,wf_image_1598.png,train
1599,1599,1129.0,lot9343,Edge-Ring,wf_image_1599.png,test
1600,1600,516.0,lot43327,Edge-Loc,wf_image_1600.png,cal
1601,1601,3036.0,lot11878,Edge-Ring,wf_image_1601.png,val
1602,1602,1109.0,lot45341,Edge-Loc,wf_image_1602.png,train
1603,1603,600.0,lot47514,Edge-Loc,wf_image_1603.png,train
1604,1604,600.0,lot47528,Edge-Ring,wf_image_1604.png,train
1605,1605,712.0,lot27673,Donut,wf_image_1605.png,val
1606,1606,1075.0,lot25391,Edge-Ring,wf_image_1606.png,train
1607,1607,1060.0,lot47473,Edge-Loc,wf_image_1607.png,train
1608,1608,776.0,lot41132,Random,wf_image_1608.png,train
1609,1609,3036.0,lot11855,Edge-Ring,wf_image_1609.png,val
1610,1610,562.0,lot46785,Edge-Loc,wf_image_1610.png,val
1611,1611,2126.0,lot20907,Edge-Ring,wf_image_1611.png,train
1612,1612,515.0,lot3664,Edge-Loc,wf_image_1612.png,cal
1613,1613,1658.0,lot16603,Edge-Ring,wf_image_1613.png,test
1614,1614,1080.0,lot23173,Loc,wf_image_1614.png,train
1615,1615,3036.0,lot10185,Edge-Ring,wf_image_1615.png,cal
1616,1616,562.0,lot46990,Scratch,wf_image_1616.png,cal
1617,1617,1060.0,lot47322,Edge-Loc,wf_image_1617.png,test
1618,1618,12662.0,lot20610,Edge-Ring,wf_image_1618.png,train
1619,1619,776.0,lot41088,Scratch,wf_image_1619.png,train
1620,1620,1109.0,lot45323,Edge-Loc,wf_image_1620.png,train
1621,1621,516.0,lot43589,Edge-Loc,wf_image_1621.png,train
1622,1622,1080.0,lot21508,Random,wf_image_1622.png,train
1623,1623,1421.0,lot44817,Edge-Loc,wf_image_1623.png,train
1624,1624,1075.0,lot23104,Edge-Ring,wf_image_1624.png,train
1625,1625,12662.0,lot19855,Edge-Ring,wf_image_1625.png,cal
1626,1626,516.0,lot43514,Loc,wf_image_1626.png,train
1627,1627,533.0,lot40438,Random,wf_image_1627.png,train
1628,1628,562.0,lot46954,Edge-Loc,wf_image_1628.png,test
1629,1629,516.0,lot43070,Near-full,wf_image_1629.png,test
1630,1630,1376.0,lot45799,Random,wf_image_1630.png,train
1631,1631,2126.0,lot20903,Edge-Ring,wf_image_1631.png,test
1632,1632,533.0,lot40511,Loc,wf_image_1632.png,test
1633,1633,710.0,lot4802,Edge-Loc,wf_image_1633.png,train
1634,1634,1421.0,lot16330,Random,wf_image_1634.png,train
1635,1635,1999.0,lot14822,Edge-Ring,wf_image_1635.png,train
1636,1636,3036.0,lot2077,Edge-Ring,wf_image_1636.png,test
1637,1637,3036.0,lot10185,Edge-Ring,wf_image_1637.png,train
1638,1638,3036.0,lot3108,Edge-Ring,wf_image_1638.png,train
1639,1639,1334.0,lot17127,Donut,wf_image_1639.png,val
1640,1640,1291.0,lot13716,Edge-Ring,wf_image_1640.png,train
1641,1641,1376.0,lot45723,Edge-Loc,wf_image_1641.png,train
1642,1642,600.0,lot47499,Loc,wf_image_1642.png,train
1643,1643,1109.0,lot45331,Edge-Loc,wf_image_1643.png,train
1644,1644,3036.0,lot12746,Edge-Ring,wf_image_1644.png,cal
1645,1645,516.0,lot42923,Edge-Loc,wf_image_1645.png,val
1646,1646,1999.0,lot15000,Edge-Ring,wf_image_1646.png,train
1647,1647,1075.0,lot2522,Edge-Ring,wf_image_1647.png,test
1648,1648,1658.0,lot16603,Edge-Ring,wf_image_1648.png,train
1649,1649,1421.0,lot44790,Edge-Ring,wf_image_1649.png,test
1650,1650,515.0,lot35961,Center,wf_image_1650.png,train
1651,1651,741.0,lot44344,Loc,wf_image_1651.png,train
1652,1652,2126.0,lot22490,Edge-Ring,wf_image_1652.png,train
1653,1653,515.0,lot39578,Center,wf_image_1653.png,train
1654,1654,1075.0,lot23104,Edge-Ring,wf_image_1654.png,val
1655,1655,1075.0,lot2503,Edge-Ring,wf_image_1655.png,train
1656,1656,2126.0,lot22473,Edge-Ring,wf_image_1656.png,test
1657,1657,1075.0,lot2151,Edge-Ring,wf_image_1657.png,cal
1658,1658,1349.0,lot2377,Random,wf_image_1658.png,val
1659,1659,1075.0,lot13965,Edge-Ring,wf_image_1659.png,train
1660,1660,1376.0,lot19259,Center,wf_image_1660.png,cal
1661,1661,600.0,lot47517,Random,wf_image_1661.png,train
1662,1662,845.0,lot42279,Edge-Loc,wf_image_1662.png,train
1663,1663,939.0,lot5999,Center,wf_image_1663.png,train
1664,1664,12662.0,lot19849,Edge-Ring,wf_image_1664.png,train
1665,1665,904.0,lot45626,Center,wf_image_1665.png,test
1666,1666,2126.0,lot21038,Edge-Ring,wf_image_1666.png,val
1667,1667,2126.0,lot21041,Edge-Ring,wf_image_1667.png,train
1668,1668,518.0,lot45271,Center,wf_image_1668.png,val
1669,1669,1999.0,lot14527,Edge-Ring,wf_image_1669.png,train
1670,1670,515.0,lot39691,Random,wf_image_1670.png,train
1671,1671,1658.0,lot23844,Edge-Ring,wf_image_1671.png,train
1672,1672,515.0,lot36656,Center,wf_image_1672.png,cal
1673,1673,3036.0,lot12745,Edge-Ring,wf_image_1673.png,train
1674,1674,3036.0,lot10187,Edge-Ring,wf_image_1674.png,train
1675,1675,776.0,lot5799,Edge-Loc,wf_image_1675.png,train
1676,1676,939.0,lot3930,Edge-Loc,wf_image_1676.png,train
1677,1677,904.0,lot45630,Center,wf_image_1677.png,test
1678,1678,1075.0,lot13964,Edge-Ring,wf_image_1678.png,train
1679,1679,518.0,lot44012,Edge-Ring,wf_image_1679.png,train
1680,1680,1080.0,lot21465,Edge-Loc,wf_image_1680.png,train
1681,1681,1060.0,lot47328,Scratch,wf_image_1681.png,train
1682,1682,3927.0,lot11171,Edge-Ring,wf_image_1682.png,test
1683,1683,1291.0,lot10049,Edge-Ring,wf_image_1683.png,test
1684,1684,600.0,lot47512,Edge-Ring,wf_image_1684.png,train
1685,1685,712.0,lot41391,Loc,wf_image_1685.png,train
1686,1686,1075.0,lot23107,Edge-Ring,wf_image_1686.png,train
1687,1687,600.0,lot47517,Edge-Ring,wf_image_1687.png,test
1688,1688,1109.0,lot45379,Edge-Loc,wf_image_1688.png,test
1689,1689,733.0,lot39452,Center,wf_image_1689.png,train
1690,1690,3036.0,lot11631,Edge-Ring,wf_image_1690.png,cal
1691,1691,1291.0,lot10050,Edge-Ring,wf_image_1691.png,train
1692,1692,515.0,lot36789,Center,wf_image_1692.png,train
1693,1693,1334.0,lot17184,Donut,wf_image_1693.png,train
1694,1694,904.0,lot45631,Center,wf_image_1694.png,train
1695,1695,12662.0,lot17263,Edge-Ring,wf_image_1695.png,train
1696,1696,776.0,lot41062,Center,wf_image_1696.png,test
1697,1697,1334.0,lot45968,Edge-Loc,wf_image_1697.png,test
1698,1698,1334.0,lot17102,Center,wf_image_1698.png,val
1699,1699,515.0,lot10396,Center,wf_image_1699.png,train
1700,1700,2126.0,lot18377,Edge-Ring,wf_image_1700.png,cal
1701,1701,1334.0,lot17145,Donut,wf_image_1701.png,train
1702,1702,904.0,lot45631,Center,wf_image_1702.png,train
1703,1703,1060.0,lot47440,Near-full,wf_image_1703.png,train
1704,1704,939.0,lot3816,Edge-Loc,wf_image_1704.png,train
1705,1705,741.0,lot44266,Loc,wf_image_1705.png,train
1706,1706,3927.0,lot10009,Edge-Ring,wf_image_1706.png,train
1707,1707,1075.0,lot11590,Edge-Ring,wf_image_1707.png,test
1708,1708,1139.0,lot42745,Edge-Loc,wf_image_1708.png,cal
1709,1709,562.0,lot47110,Scratch,wf_image_1709.png,test
1710,1710,515.0,lot36597,Center,wf_image_1710.png,cal
1711,1711,2126.0,lot22478,Edge-Ring,wf_image_1711.png,test
1712,1712,904.0,lot45639,Loc,wf_image_1712.png,train
1713,1713,518.0,lot43927,Scratch,wf_image_1713.png,val
1714,1714,1999.0,lot14919,Edge-Ring,wf_image_1714.png,test
1715,1715,1334.0,lot45985,Random,wf_image_1715.png,test
1716,1716,776.0,lot7511,Loc,wf_image_1716.png,train
1717,1717,516.0,lot43554,Scratch,wf_image_1717.png,test
1718,1718,776.0,lot40867,Loc,wf_image_1718.png,test
1719,1719,533.0,lot40366,Random,wf_image_1719.png,train
1720,1720,533.0,lot27,Edge-Loc,wf_image_1720.png,val
1721,1721,1658.0,lot19814,Edge-Ring,wf_image_1721.png,val
1722,1722,600.0,lot47529,Edge-Loc,wf_image_1722.png,val
1723,1723,1291.0,lot11987,Edge-Ring,wf_image_1723.png,train
1724,1724,533.0,lot188,Scratch,wf_image_1724.png,train
1725,1725,776.0,lot40765,Loc,wf_image_1725.png,train
1726,1726,516.0,lot43580,Center,wf_image_1726.png,test
1727,1727,1075.0,lot44171,Edge-Ring,wf_image_1727.png,test
1728,1728,2126.0,lot20910,Edge-Ring,wf_image_1728.png,test
1729,1729,845.0,lot42234,Edge-Loc,wf_image_1729.png,cal
1730,1730,846.0,lot33895,Edge-Ring,wf_image_1730.png,val
1731,1731,3036.0,lot2077,Edge-Ring,wf_image_1731.png,train
1732,1732,1075.0,lot2498,Edge-Ring,wf_image_1732.png,cal
1733,1733,600.0,lot47537,Edge-Loc,wf_image_1733.png,train
1734,1734,1376.0,lot45844,Edge-Loc,wf_image_1734.png,cal
1735,1735,1334.0,lot45943,Loc,wf_image_1735.png,train
1736,1736,1075.0,lot23101,Edge-Ring,wf_image_1736.png,train
1737,1737,1075.0,lot2436,Edge-Ring,wf_image_1737.png,train
1738,1738,1075.0,lot2522,Edge-Ring,wf_image_1738.png,train
1739,1739,1080.0,lot21508,Center,wf_image_1739.png,train
1740,1740,518.0,lot44892,Scratch,wf_image_1740.png,val
1741,1741,845.0,lot7239,Edge-Loc,wf_image_1741.png,train
1742,1742,3927.0,lot9147,Edge-Ring,wf_image_1742.png,train
1743,1743,1060.0,lot47373,Center,wf_image_1743.png,train
1744,1744,1800.0,lot4734,Edge-Loc,wf_image_1744.png,train
1745,1745,491.0,lot45072,Random,wf_image_1745.png,test
1746,1746,1999.0,lot15045,Edge-Ring,wf_image_1746.png,test
1747,1747,3036.0,lot11972,Edge-Ring,wf_image_1747.png,test
1748,1748,1421.0,lot44802,Edge-Ring,wf_image_1748.png,val
1749,1749,1334.0,lot17155,Donut,wf_image_1749.png,cal
1750,1750,843.0,lot42345,Edge-Loc,wf_image_1750.png,train
1751,1751,1421.0,lot44778,Edge-Ring,wf_image_1751.png,train
1752,1752,1075.0,lot23108,Edge-Ring,wf_image_1752.png,test
1753,1753,515.0,lot33089,Center,wf_image_1753.png,train
1754,1754,776.0,lot40805,Edge-Loc,wf_image_1754.png,train
1755,1755,516.0,lot43559,Edge-Loc,wf_image_1755.png,train
1756,1756,1421.0,lot44812,Edge-Loc,wf_image_1756.png,train
1757,1757,1075.0,lot2437,Edge-Ring,wf_image_1757.png,train
1758,1758,1080.0,lot21646,Donut,wf_image_1758.png,train
1759,1759,845.0,lot42366,Scratch,wf_image_1759.png,val
1760,1760,515.0,lot35961,Center,wf_image_1760.png,val
1761,1761,1109.0,lot45312,Edge-Loc,wf_image_1761.png,train
1762,1762,2126.0,lot18376,Edge-Ring,wf_image_1762.png,train
1763,1763,516.0,lot43527,Scratch,wf_image_1763.png,cal
1764,1764,3036.0,lot12744,Edge-Ring,wf_image_1764.png,val
1765,1765,1080.0,lot23494,Loc,wf_image_1765.png,val
1766,1766,518.0,lot44028,Loc,wf_image_1766.png,test
1767,1767,846.0,lot5621,Edge-Loc,wf_image_1767.png,train
1768,1768,1349.0,lot2426,Random,wf_image_1768.png,val
1769,1769,1226.0,lot23628,Loc,wf_image_1769.png,train
1770,1770,3036.0,lot11965,Edge-Ring,wf_image_1770.png,train
1771,1771,515.0,lot35956,Center,wf_image_1771.png,test
1772,1772,1060.0,lot47391,Edge-Loc,wf_image_1772.png,train
1773,1773,1349.0,lot2432,Random,wf_image_1773.png,cal
1774,1774,1999.0,lot15000,Edge-Ring,wf_image_1774.png,train
1775,1775,562.0,lot46943,Edge-Loc,wf_image_1775.png,train
1776,1776,12662.0,lot19864,Edge-Ring,wf_image_1776.png,val
1777,1777,845.0,lot42232,Loc,wf_image_1777.png,train
1778,1778,3927.0,lot2153,Edge-Ring,wf_image_1778.png,test
1779,1779,515.0,lot39512,Center,wf_image_1779.png,train
1780,1780,1334.0,lot45964,Scratch,wf_image_1780.png,cal
1781,1781,3036.0,lot12765,Edge-Ring,wf_image_1781.png,val
1782,1782,533.0,lot40508,Scratch,wf_image_1782.png,train
1783,1783,776.0,lot40786,Edge-Loc,wf_image_1783.png,cal
1784,1784,845.0,lot42241,Edge-Loc,wf_image_1784.png,train
1785,1785,710.0,lot9321,Center,wf_image_1785.png,test
1786,1786,2126.0,lot18382,Edge-Ring,wf_image_1786.png,test
1787,1787,2126.0,lot21563,Edge-Ring,wf_image_1787.png,val
1788,1788,710.0,lot38377,Random,wf_image_1788.png,test
1789,1789,736.0,lot42840,Edge-Loc,wf_image_1789.png,train
1790,1790,1253.0,lot2699,Edge-Ring,wf_image_1790.png,train
1791,1791,1080.0,lot23488,Center,wf_image_1791.png,train
1792,1792,776.0,lot44108,Edge-Loc,wf_image_1792.png,test
1793,1793,1075.0,lot2497,Edge-Ring,wf_image_1793.png,test
1794,1794,1080.0,lot21611,Random,wf_image_1794.png,test
1795,1795,600.0,lot47491,Edge-Ring,wf_image_1795.png,cal
1796,1796,1075.0,lot23105,Edge-Ring,wf_image_1796.png,train
1797,1797,518.0,lot45269,Loc,wf_image_1797.png,train
1798,1798,1421.0,lot44806,Loc,wf_image_1798.png,cal
1799,1799,1291.0,lot10049,Edge-Ring,wf_image_1799.png,train
1800,1800,3036.0,lot2074,Edge-Ring,wf_image_1800.png,val
1801,1801,2126.0,lot22471,Edge-Ring,wf_image_1801.png,train
1802,1802,533.0,lot40499,Near-full,wf_image_1802.png,cal
1803,1803,1075.0,lot12908,Edge-Ring,wf_image_1803.png,test
1804,1804,1080.0,lot24209,Loc,wf_image_1804.png,train
1805,1805,1421.0,lot44797,Edge-Ring,wf_image_1805.png,test
1806,1806,844.0,lot42184,Loc,wf_image_1806.png,cal
1807,1807,518.0,lot43883,Edge-Loc,wf_image_1807.png,val
1808,1808,1299.0,lot43625,Scratch,wf_image_1808.png,train
1809,1809,518.0,lot43985,Edge-Ring,wf_image_1809.png,train
1810,1810,515.0,lot35935,Center,wf_image_1810.png,train
1811,1811,518.0,lot45283,Edge-Loc,wf_image_1811.png,train
1812,1812,3036.0,lot12777,Edge-Ring,wf_image_1812.png,val
1813,1813,2126.0,lot18020,Edge-Ring,wf_image_1813.png,train
1814,1814,1658.0,lot19814,Edge-Ring,wf_image_1814.png,test
1815,1815,1376.0,lot45756,Edge-Loc,wf_image_1815.png,test
1816,1816,515.0,lot39605,Center,wf_image_1816.png,val
1817,1817,846.0,lot7361,Edge-Ring,wf_image_1817.png,cal
1818,1818,516.0,lot43525,Scratch,wf_image_1818.png,test
1819,1819,533.0,lot40400,Center,wf_image_1819.png,val
1820,1820,1801.0,lot5916,Edge-Loc,wf_image_1820.png,cal
1821,1821,1136.0,lot42739,Edge-Loc,wf_image_1821.png,train
1822,1822,1080.0,lot18737,Random,wf_image_1822.png,test
1823,1823,3927.0,lot2153,Edge-Ring,wf_image_1823.png,train
1824,1824,1075.0,lot23100,Edge-Ring,wf_image_1824.png,val
1825,1825,3927.0,lot9156,Edge-Ring,wf_image_1825.png,val
1826,1826,516.0,lot43156,Edge-Loc,wf_image_1826.png,train
1827,1827,515.0,lot36913,Center,wf_image_1827.png,train
1828,1828,2126.0,lot22473,Edge-Ring,wf_image_1828.png,test
1829,1829,1129.0,lot42613,Loc,wf_image_1829.png,train
1830,1830,939.0,lot6115,Edge-Loc,wf_image_1830.png,val
1831,1831,904.0,lot45631,Center,wf_image_1831.png,train
1832,1832,600.0,lot47480,Scratch,wf_image_1832.png,train
1833,1833,600.0,lot47537,Loc,wf_image_1833.png,train
1834,1834,562.0,lot47209,Edge-Loc,wf_image_1834.png,train
1835,1835,1291.0,lot10051,Edge-Ring,wf_image_1835.png,test
1836,1836,1658.0,lot23110,Edge-Ring,wf_image_1836.png,val
1837,1837,1109.0,lot45403,Center,wf_image_1837.png,train
1838,1838,533.0,lot155,Random,wf_image_1838.png,cal
1839,1839,3927.0,lot9157,Edge-Ring,wf_image_1839.png,val
1840,1840,1129.0,lot42695,Edge-Loc,wf_image_1840.png,train
1841,1841,1075.0,lot2520,Edge-Ring,wf_image_1841.png,cal
1842,1842,1080.0,lot20121,Edge-Ring,wf_image_1842.png,train
1843,1843,515.0,lot36665,Center,wf_image_1843.png,train
1844,1844,515.0,lot36657,Center,wf_image_1844.png,train
1845,1845,904.0,lot45642,Center,wf_image_1845.png,train
1846,1846,733.0,lot39431,Center,wf_image_1846.png,train
1847,1847,1129.0,lot9344,Edge-Ring,wf_image_1847.png,train
1848,1848,1253.0,lot2693,Edge-Ring,wf_image_1848.png,train
1849,1849,1109.0,lot45542,Scratch,wf_image_1849.png,train
1850,1850,533.0,lot40466,Random,wf_image_1850.png,train
1851,1851,904.0,lot2049,Loc,wf_image_1851.png,cal
1852,1852,518.0,lot44858,Near-full,wf_image_1852.png,train
1853,1853,515.0,lot36682,Center,wf_image_1853.png,train
1854,1854,846.0,lot5257,Edge-Loc,wf_image_1854.png,train
1855,1855,12662.0,lot19857,Edge-Ring,wf_image_1855.png,train
1856,1856,516.0,lot43050,Loc,wf_image_1856.png,train
1857,1857,733.0,lot39501,Center,wf_image_1857.png,train
1858,1858,515.0,lot36723,Edge-Loc,wf_image_1858.png,train
1859,1859,533.0,lot67,Loc,wf_image_1859.png,test
1860,1860,2126.0,lot21039,Edge-Ring,wf_image_1860.png,train
1861,1861,3036.0,lot12745,Edge-Ring,wf_image_1861.png,cal
1862,1862,533.0,lot40566,Edge-Loc,wf_image_1862.png,train
1863,1863,831.0,lot42374,Edge-Loc,wf_image_1863.png,test
1864,1864,1109.0,lot45460,Random,wf_image_1864.png,train
1865,1865,3036.0,lot2077,Edge-Ring,wf_image_1865.png,test
1866,1866,515.0,lot36674,Center,wf_image_1866.png,train
1867,1867,1080.0,lot20126,Random,wf_image_1867.png,test
1868,1868,939.0,lot7864,Loc,wf_image_1868.png,train
1869,1869,845.0,lot41970,Edge-Loc,wf_image_1869.png,train
1870,1870,712.0,lot39260,Loc,wf_image_1870.png,train
1871,1871,845.0,lot42226,Donut,wf_image_1871.png,train
1872,1872,562.0,lot46796,Edge-Loc,wf_image_1872.png,train
1873,1873,515.0,lot36638,Center,wf_image_1873.png,train
1874,1874,939.0,lot3868,Loc,wf_image_1874.png,test
1875,1875,515.0,lot39698,Center,wf_image_1875.png,train
1876,1876,1109.0,lot45336,Center,wf_image_1876.png,train
1877,1877,515.0,lot10241,Center,wf_image_1877.png,train
1878,1878,939.0,lot2640,Edge-Loc,wf_image_1878.png,train
1879,1879,515.0,lot36710,Center,wf_image_1879.png,train
1880,1880,533.0,lot40378,Loc,wf_image_1880.png,train
1881,1881,776.0,lot40937,Loc,wf_image_1881.png,train
1882,1882,776.0,lot41072,Loc,wf_image_1882.png,test
1883,1883,1376.0,lot16540,Loc,wf_image_1883.png,test
1884,1884,515.0,lot35944,Center,wf_image_1884.png,test
1885,1885,1075.0,lot12909,Edge-Ring,wf_image_1885.png,train
1886,1886,710.0,lot4449,Edge-Loc,wf_image_1886.png,train
1887,1887,515.0,lot36908,Center,wf_image_1887.png,train
1888,1888,562.0,lot46826,Loc,wf_image_1888.png,test
1889,1889,1421.0,lot44800,Edge-Ring,wf_image_1889.png,train
1890,1890,1075.0,lot12908,Edge-Ring,wf_image_1890.png,cal
1891,1891,533.0,lot40404,Loc,wf_image_1891.png,val
1892,1892,1075.0,lot44171,Edge-Ring,wf_image_1892.png,val
1893,1893,843.0,lot42335,Edge-Loc,wf_image_1893.png,val
1894,1894,2126.0,lot21580,Edge-Ring,wf_image_1894.png,train
1895,1895,1109.0,lot45366,Edge-Ring,wf_image_1895.png,cal
1896,1896,2126.0,lot20135,Edge-Ring,wf_image_1896.png,train
1897,1897,1075.0,lot23108,Edge-Ring,wf_image_1897.png,train
1898,1898,1658.0,lot16606,Edge-Ring,wf_image_1898.png,train
1899,1899,776.0,lot44134,Scratch,wf_image_1899.png,val
1900,1900,515.0,lot37036,Center,wf_image_1900.png,test
1901,1901,515.0,lot39697,Center,wf_image_1901.png,cal
1902,1902,1075.0,lot2149,Edge-Ring,wf_image_1902.png,val
1903,1903,562.0,lot47115,Loc,wf_image_1903.png,test
1904,1904,515.0,lot36687,Center,wf_image_1904.png,train
1905,1905,741.0,lot44343,Scratch,wf_image_1905.png,train
1906,1906,776.0,lot41048,Edge-Loc,wf_image_1906.png,train
1907,1907,1421.0,lot44772,Edge-Ring,wf_image_1907.png,train
1908,1908,844.0,lot42338,Edge-Loc,wf_image_1908.png,train
1909,1909,2126.0,lot21043,Edge-Ring,wf_image_1909.png,val
1910,1910,1139.0,lot42780,Edge-Loc,wf_image_1910.png,test
1911,1911,1060.0,lot47310,Center,wf_image_1911.png,cal
1912,1912,3036.0,lot12764,Edge-Ring,wf_image_1912.png,train
1913,1913,1658.0,lot23844,Edge-Ring,wf_image_1913.png,train
1914,1914,1075.0,lot25392,Edge-Ring,wf_image_1914.png,train
1915,1915,776.0,lot4139,Edge-Loc,wf_image_1915.png,train
1916,1916,1129.0,lot42659,Edge-Loc,wf_image_1916.png,cal
1917,1917,741.0,lot44384,Scratch,wf_image_1917.png,val
1918,1918,562.0,lot46876,Center,wf_image_1918.png,val
1919,1919,2126.0,lot21579,Edge-Ring,wf_image_1919.png,train
1920,1920,515.0,lot33090,Center,wf_image_1920.png,train
1921,1921,1226.0,lot23648,Center,wf_image_1921.png,train
1922,1922,1129.0,lot5686,Edge-Loc,wf_image_1922.png,train
1923,1923,533.0,lot12049,Random,wf_image_1923.png,train
1924,1924,3036.0,lot12766,Edge-Ring,wf_image_1924.png,test
1925,1925,515.0,lot32161,Scratch,wf_image_1925.png,train
1926,1926,1075.0,lot2500,Edge-Ring,wf_image_1926.png,test
1927,1927,515.0,lot36757,Center,wf_image_1927.png,train
1928,1928,1421.0,lot44792,Random,wf_image_1928.png,train
1929,1929,2126.0,lot21044,Edge-Ring,wf_image_1929.png,train
1930,1930,1376.0,lot26624,Edge-Ring,wf_image_1930.png,test
1931,1931,710.0,lot38206,Random,wf_image_1931.png,cal
1932,1932,1075.0,lot13963,Edge-Ring,wf_image_1932.png,train
1933,1933,845.0,lot42192,Donut,wf_image_1933.png,train
1934,1934,515.0,lot10377,Random,wf_image_1934.png,test
1935,1935,518.0,lot43994,Edge-Loc,wf_image_1935.png,val
1936,1936,2126.0,lot21044,Edge-Ring,wf_image_1936.png,train
1937,1937,2126.0,lot20732,Edge-Ring,wf_image_1937.png,train
1938,1938,904.0,lot1959,Scratch,wf_image_1938.png,train
1939,1939,2126.0,lot21042,Edge-Ring,wf_image_1939.png,train
1940,1940,1109.0,lot45458,Edge-Loc,wf_image_1940.png,train
1941,1941,516.0,lot42882,Loc,wf_image_1941.png,train
1942,1942,1060.0,lot47267,Scratch,wf_image_1942.png,val
1943,1943,562.0,lot46912,Scratch,wf_image_1943.png,train
1944,1944,776.0,lot40869,Near-full,wf_image_1944.png,train
1945,1945,3036.0,lot12765,Edge-Ring,wf_image_1945.png,test
1946,1946,1075.0,lot2501,Edge-Ring,wf_image_1946.png,train
1947,1947,1080.0,lot21642,Loc,wf_image_1947.png,train
1948,1948,3927.0,lot2154,Edge-Ring,wf_image_1948.png,train
1949,1949,1376.0,lot45901,Loc,wf_image_1949.png,train
1950,1950,1291.0,lot13714,Edge-Ring,wf_image_1950.png,train
1951,1951,1658.0,lot16598,Edge-Ring,wf_image_1951.png,train
1952,1952,515.0,lot10268,Random,wf_image_1952.png,train
1953,1953,3036.0,lot11844,Edge-Ring,wf_image_1953.png,cal
1954,1954,516.0,lot43446,Loc,wf_image_1954.png,train
1955,1955,939.0,lot6224,Loc,wf_image_1955.png,train
1956,1956,3036.0,lot11877,Edge-Ring,wf_image_1956.png,test
1957,1957,1334.0,lot17181,Donut,wf_image_1957.png,train
1958,1958,844.0,lot42197,Random,wf_image_1958.png,train
1959,1959,1075.0,lot13966,Edge-Ring,wf_image_1959.png,train
1960,1960,515.0,lot36931,Center,wf_image_1960.png,train
1961,1961,1075.0,lot12910,Edge-Ring,wf_image_1961.png,train
1962,1962,600.0,lot47485,Edge-Loc,wf_image_1962.png,val
1963,1963,518.0,lot45255,Loc,wf_image_1963.png,val
1964,1964,2126.0,lot18376,Edge-Ring,wf_image_1964.png,cal
1965,1965,1129.0,lot5711,Edge-Loc,wf_image_1965.png,test
1966,1966,776.0,lot41164,Loc,wf_image_1966.png,cal
1967,1967,533.0,lot40380,Edge-Loc,wf_image_1967.png,val
1968,1968,518.0,lot45257,Loc,wf_image_1968.png,train
1969,1969,939.0,lot8006,Loc,wf_image_1969.png,train
1970,1970,1334.0,lot17148,Donut,wf_image_1970.png,train
1971,1971,1075.0,lot12907,Edge-Ring,wf_image_1971.png,train
1972,1972,3036.0,lot9335,Edge-Ring,wf_image_1972.png,train
1973,1973,741.0,lot2233,Scratch,wf_image_1973.png,test
1974,1974,1075.0,lot13961,Edge-Ring,wf_image_1974.png,train
1975,1975,1999.0,lot14524,Edge-Ring,wf_image_1975.png,train
1976,1976,939.0,lot6002,Center,wf_image_1976.png,train
1977,1977,1075.0,lot12906,Edge-Ring,wf_image_1977.png,val
1978,1978,515.0,lot32779,Center,wf_image_1978.png,train
1979,1979,1334.0,lot17154,Donut,wf_image_1979.png,train
1980,1980,533.0,lot40328,Loc,wf_image_1980.png,train
1981,1981,845.0,lot42229,Edge-Loc,wf_image_1981.png,test
1982,1982,3036.0,lot12754,Edge-Ring,wf_image_1982.png,train
1983,1983,1334.0,lot17149,Donut,wf_image_1983.png,cal
1984,1984,3927.0,lot10009,Edge-Ring,wf_image_1984.png,test
1985,1985,1075.0,lot2524,Edge-Ring,wf_image_1985.png,val
1986,1986,710.0,lot4568,Edge-Loc,wf_image_1986.png,cal
1987,1987,776.0,lot41041,Edge-Loc,wf_image_1987.png,train
1988,1988,1075.0,lot12908,Edge-Ring,wf_image_1988.png,train
1989,1989,518.0,lot43898,Center,wf_image_1989.png,train
1990,1990,1075.0,lot13969,Edge-Ring,wf_image_1990.png,test
1991,1991,846.0,lot38810,Random,wf_image_1991.png,test
1992,1992,562.0,lot46884,Edge-Loc,wf_image_1992.png,test
1993,1993,516.0,lot43379,Scratch,wf_image_1993.png,train
1994,1994,2126.0,lot18382,Edge-Ring,wf_image_1994.png,test
1995,1995,3036.0,lot12745,Edge-Ring,wf_image_1995.png,train
1996,1996,1334.0,lot17127,Donut,wf_image_1996.png,train
1997,1997,1334.0,lot17137,Donut,wf_image_1997.png,train
1998,1998,2126.0,lot21563,Edge-Ring,wf_image_1998.png,train
1999,1999,515.0,lot36787,Center,wf_image_1999.png,train
2000,2000,1109.0,lot45319,Loc,wf_image_2000.png,train
2001,2001,600.0,lot47490,Edge-Loc,wf_image_2001.png,test
2002,2002,1080.0,lot21718,Edge-Loc,wf_image_2002.png,train
2003,2003,1334.0,lot17113,Edge-Loc,wf_image_2003.png,val
2004,2004,562.0,lot47157,Edge-Loc,wf_image_2004.png,test
2005,2005,515.0,lot36810,Center,wf_image_2005.png,test
2006,2006,741.0,lot44268,Loc,wf_image_2006.png,train
2007,2007,515.0,lot33064,Center,wf_image_2007.png,val
2008,2008,12662.0,lot19850,Edge-Ring,wf_image_2008.png,train
2009,2009,2126.0,lot18382,Edge-Ring,wf_image_2009.png,train
2010,2010,776.0,lot40744,Loc,wf_image_2010.png,cal
2011,2011,533.0,lot40425,Loc,wf_image_2011.png,train
2012,2012,1075.0,lot11590,Edge-Ring,wf_image_2012.png,train
2013,2013,515.0,lot36812,Center,wf_image_2013.png,cal
2014,2014,518.0,lot15458,Near-full,wf_image_2014.png,cal
2015,2015,904.0,lot45635,Random,wf_image_2015.png,val
2016,2016,1291.0,lot7397,Edge-Ring,wf_image_2016.png,train
2017,2017,1075.0,lot25391,Edge-Ring,wf_image_2017.png,cal
2018,2018,1109.0,lot45526,Edge-Loc,wf_image_2018.png,cal
2019,2019,1109.0,lot45316,Edge-Loc,wf_image_2019.png,cal
2020,2020,1129.0,lot42632,Loc,wf_image_2020.png,test
2021,2021,846.0,lot36240,Edge-Loc,wf_image_2021.png,test
2022,2022,515.0,lot36825,Center,wf_image_2022.png,train
2023,2023,2126.0,lot20729,Edge-Ring,wf_image_2023.png,train
2024,2024,3927.0,lot2156,Edge-Ring,wf_image_2024.png,train
2025,2025,515.0,lot33240,Loc,wf_image_2025.png,val
2026,2026,1291.0,lot13719,Edge-Ring,wf_image_2026.png,train
2027,2027,2126.0,lot22471,Edge-Ring,wf_image_2027.png,train
2028,2028,1109.0,lot45479,Loc,wf_image_2028.png,test
2029,2029,939.0,lot7879,Random,wf_image_2029.png,val
2030,2030,2126.0,lot21039,Edge-Ring,wf_image_2030.png,test
2031,2031,562.0,lot46922,Edge-Ring,wf_image_2031.png,test
2032,2032,1060.0,lot47468,Edge-Loc,wf_image_2032.png,train
2033,2033,1334.0,lot17150,Donut,wf_image_2033.png,train
2034,2034,1060.0,lot47328,Edge-Loc,wf_image_2034.png,test
2035,2035,515.0,lot32896,Center,wf_image_2035.png,train
2036,2036,1075.0,lot12907,Edge-Ring,wf_image_2036.png,test
2037,2037,515.0,lot10395,Center,wf_image_2037.png,train
2038,2038,1075.0,lot44165,Edge-Ring,wf_image_2038.png,val
2039,2039,904.0,lot45648,Scratch,wf_image_2039.png,test
2040,2040,1376.0,lot45873,Edge-Loc,wf_image_2040.png,test
2041,2041,1075.0,lot2501,Edge-Ring,wf_image_2041.png,train
2042,2042,562.0,lot47190,Scratch,wf_image_2042.png,cal
2043,2043,1334.0,lot17158,Donut,wf_image_2043.png,test
2044,2044,1999.0,lot14527,Edge-Ring,wf_image_2044.png,train
2045,2045,1075.0,lot44171,Edge-Ring,wf_image_2045.png,cal
2046,2046,1075.0,lot2437,Edge-Ring,wf_image_2046.png,train
2047,2047,3036.0,lot10186,Edge-Ring,wf_image_2047.png,train
2048,2048,1075.0,lot2524,Edge-Ring,wf_image_2048.png,train
2049,2049,939.0,lot6120,Edge-Loc,wf_image_2049.png,train
2050,2050,1334.0,lot17168,Donut,wf_image_2050.png,cal
2051,2051,1075.0,lot2523,Edge-Ring,wf_image_2051.png,train
2052,2052,844.0,lot42370,Loc,wf_image_2052.png,train
2053,2053,1334.0,lot17108,Edge-Loc,wf_image_2053.png,train
2054,2054,1075.0,lot2525,Edge-Ring,wf_image_2054.png,test
2055,2055,845.0,lot42267,Edge-Loc,wf_image_2055.png,cal
2056,2056,1334.0,lot17154,Donut,wf_image_2056.png,test
2057,2057,3036.0,lot11972,Edge-Ring,wf_image_2057.png,train
2058,2058,2126.0,lot21044,Edge-Ring,wf_image_2058.png,val
2059,2059,1075.0,lot23104,Edge-Ring,wf_image_2059.png,cal
2060,2060,1075.0,lot12910,Edge-Ring,wf_image_2060.png,train
2061,2061,1334.0,lot17155,Donut,wf_image_2061.png,cal
2062,2062,3036.0,lot12761,Edge-Ring,wf_image_2062.png,train
2063,2063,2126.0,lot21580,Edge-Ring,wf_image_2063.png,val
2064,2064,712.0,lot27513,Edge-Ring,wf_image_2064.png,cal
2065,2065,1075.0,lot2515,Edge-Ring,wf_image_2065.png,train
2066,2066,3036.0,lot12750,Edge-Ring,wf_image_2066.png,test
2067,2067,1291.0,lot13716,Edge-Ring,wf_image_2067.png,train
2068,2068,1139.0,lot18808,Edge-Loc,wf_image_2068.png,train
2069,2069,2126.0,lot20134,Edge-Ring,wf_image_2069.png,val
2070,2070,518.0,lot44861,Scratch,wf_image_2070.png,train
2071,2071,1658.0,lot16603,Edge-Ring,wf_image_2071.png,train
2072,2072,1999.0,lot15000,Edge-Ring,wf_image_2072.png,cal
2073,2073,515.0,lot36766,Center,wf_image_2073.png,val
2074,2074,1376.0,lot26624,Edge-Ring,wf_image_2074.png,train
2075,2075,12662.0,lot19858,Edge-Ring,wf_image_2075.png,train
2076,2076,562.0,lot46813,Scratch,wf_image_2076.png,test
2077,2077,1129.0,lot5687,Edge-Loc,wf_image_2077.png,train
2078,2078,1334.0,lot17122,Loc,wf_image_2078.png,test
2079,2079,515.0,lot39699,Center,wf_image_2079.png,test
2080,2080,1109.0,lot45573,Near-full,wf_image_2080.png,test
2081,2081,3927.0,lot9150,Edge-Ring,wf_image_2081.png,train
2082,2082,845.0,lot42260,Donut,wf_image_2082.png,train
2083,2083,1080.0,lot26473,Donut,wf_image_2083.png,test
2084,2084,1291.0,lot10050,Edge-Ring,wf_image_2084.png,train
2085,2085,904.0,lot45631,Center,wf_image_2085.png,cal
2086,2086,1075.0,lot2500,Edge-Ring,wf_image_2086.png,train
2087,2087,3927.0,lot10009,Edge-Ring,wf_image_2087.png,train
2088,2088,515.0,lot32989,Center,wf_image_2088.png,train
2089,2089,1075.0,lot2503,Edge-Ring,wf_image_2089.png,cal
2090,2090,1080.0,lot25451,Center,wf_image_2090.png,train
2091,2091,1376.0,lot45803,Edge-Loc,wf_image_2091.png,train
2092,2092,1376.0,lot45714,Edge-Loc,wf_image_2092.png,cal
2093,2093,1075.0,lot13968,Edge-Ring,wf_image_2093.png,train
2094,2094,1421.0,lot44778,Edge-Ring,wf_image_2094.png,test
2095,2095,2126.0,lot18023,Edge-Ring,wf_image_2095.png,train
2096,2096,1075.0,lot23098,Edge-Ring,wf_image_2096.png,cal
2097,2097,1226.0,lot19242,Scratch,wf_image_2097.png,cal
2098,2098,1376.0,lot45885,Scratch,wf_image_2098.png,train
2099,2099,1109.0,lot45531,Center,wf_image_2099.png,cal
2100,2100,1801.0,lot5910,Edge-Loc,wf_image_2100.png,train
2101,2101,515.0,lot36604,Center,wf_image_2101.png,train
2102,2102,3036.0,lot11232,Edge-Ring,wf_image_2102.png,val
2103,2103,2126.0,lot21039,Edge-Ring,wf_image_2103.png,val
2104,2104,3036.0,lot12747,Edge-Ring,wf_image_2104.png,cal
2105,2105,3036.0,lot11855,Edge-Ring,wf_image_2105.png,train
2106,2106,2126.0,lot20134,Edge-Ring,wf_image_2106.png,val
2107,2107,1421.0,lot44778,Edge-Ring,wf_image_2107.png,train
2108,2108,12662.0,lot17286,Edge-Ring,wf_image_2108.png,train
2109,2109,1075.0,lot11590,Edge-Ring,wf_image_2109.png,cal
2110,2110,1075.0,lot2509,Edge-Ring,wf_image_2110.png,test
2111,2111,515.0,lot32896,Center,wf_image_2111.png,test
2112,2112,1139.0,lot15561,Random,wf_image_2112.png,train
2113,2113,1797.0,lot5911,Edge-Loc,wf_image_2113.png,test
2114,2114,3927.0,lot2156,Edge-Ring,wf_image_2114.png,test
2115,2115,1658.0,lot16605,Edge-Ring,wf_image_2115.png,test
2116,2116,776.0,lot2735,Edge-Loc,wf_image_2116.png,test
2117,2117,733.0,lot39435,Center,wf_image_2117.png,train
2118,2118,3036.0,lot11631,Edge-Ring,wf_image_2118.png,train
2119,2119,741.0,lot44402,Scratch,wf_image_2119.png,train
2120,2120,3036.0,lot2077,Edge-Ring,wf_image_2120.png,train
2121,2121,1129.0,lot9344,Edge-Ring,wf_image_2121.png,val
2122,2122,1129.0,lot5687,Edge-Loc,wf_image_2122.png,train
2123,2123,1109.0,lot45486,Center,wf_image_2123.png,test
2124,2124,1109.0,lot45328,Edge-Loc,wf_image_2124.png,train
2125,2125,1658.0,lot16554,Edge-Ring,wf_image_2125.png,train
2126,2126,1291.0,lot13716,Edge-Ring,wf_image_2126.png,val
2127,2127,600.0,lot47481,Center,wf_image_2127.png,train
2128,2128,515.0,lot36946,Center,wf_image_2128.png,train
2129,2129,1075.0,lot2495,Edge-Ring,wf_image_2129.png,train
2130,2130,3036.0,lot11969,Edge-Ring,wf_image_2130.png,cal
2131,2131,1291.0,lot13719,Edge-Ring,wf_image_2131.png,train
2132,2132,1376.0,lot45785,Loc,wf_image_2132.png,train
2133,2133,1075.0,lot2488,Edge-Ring,wf_image_2133.png,val
2134,2134,3036.0,lot12758,Edge-Ring,wf_image_2134.png,train
2135,2135,736.0,lot42836,Edge-Loc,wf_image_2135.png,test
2136,2136,533.0,lot40608,Scratch,wf_image_2136.png,test
2137,2137,518.0,lot43980,Edge-Ring,wf_image_2137.png,train
2138,2138,1253.0,lot2699,Edge-Ring,wf_image_2138.png,train
2139,2139,839.0,lot42339,Edge-Loc,wf_image_2139.png,cal
2140,2140,1075.0,lot2520,Edge-Ring,wf_image_2140.png,test
2141,2141,1075.0,lot2496,Edge-Ring,wf_image_2141.png,train
2142,2142,741.0,lot44492,Edge-Loc,wf_image_2142.png,test
2143,2143,1075.0,lot2502,Edge-Ring,wf_image_2143.png,train
2144,2144,1075.0,lot2513,Edge-Ring,wf_image_2144.png,train
2145,2145,562.0,lot47203,Loc,wf_image_2145.png,train
2146,2146,1349.0,lot2428,Random,wf_image_2146.png,train
2147,2147,1226.0,lot19237,Center,wf_image_2147.png,cal
2148,2148,3927.0,lot2160,Edge-Ring,wf_image_2148.png,test
2149,2149,1109.0,lot45570,Random,wf_image_2149.png,val
2150,2150,1801.0,lot4729,Edge-Loc,wf_image_2150.png,train
2151,2151,515.0,lot36898,Center,wf_image_2151.png,train
2152,2152,1080.0,lot26471,Edge-Loc,wf_image_2152.png,test
2153,2153,3036.0,lot12759,Edge-Ring,wf_image_2153.png,test
2154,2154,1075.0,lot2514,Edge-Ring,wf_image_2154.png,test
2155,2155,3036.0,lot12769,Edge-Ring,wf_image_2155.png,val
2156,2156,2126.0,lot20729,Edge-Ring,wf_image_2156.png,train
2157,2157,515.0,lot10362,Center,wf_image_2157.png,train
2158,2158,515.0,lot36982,Center,wf_image_2158.png,cal
2159,2159,515.0,lot36993,Center,wf_image_2159.png,train
2160,2160,904.0,lot45628,Center,wf_image_2160.png,train
2161,2161,515.0,lot36549,Center,wf_image_2161.png,cal
2162,2162,904.0,lot45637,Loc,wf_image_2162.png,train
2163,2163,1376.0,lot45822,Scratch,wf_image_2163.png,val
2164,2164,3927.0,lot2156,Edge-Ring,wf_image_2164.png,train
2165,2165,1060.0,lot47468,Edge-Loc,wf_image_2165.png,train
2166,2166,515.0,lot32773,Center,wf_image_2166.png,train
2167,2167,515.0,lot36825,Center,wf_image_2167.png,train
2168,2168,1658.0,lot16604,Edge-Ring,wf_image_2168.png,train
2169,2169,904.0,lot45642,Center,wf_image_2169.png,val
2170,2170,1080.0,lot20121,Random,wf_image_2170.png,test
2171,2171,1075.0,lot2526,Edge-Ring,wf_image_2171.png,train
2172,2172,1071.0,lot44166,Edge-Ring,wf_image_2172.png,train
2173,2173,1334.0,lot17131,Donut,wf_image_2173.png,train
2174,2174,741.0,lot44453,Loc,wf_image_2174.png,train
2175,2175,533.0,lot139,Edge-Loc,wf_image_2175.png,test
2176,2176,733.0,lot39504,Center,wf_image_2176.png,train
2177,2177,844.0,lot42365,Center,wf_image_2177.png,cal
2178,2178,776.0,lot40782,Edge-Loc,wf_image_2178.png,cal
2179,2179,3036.0,lot12768,Edge-Ring,wf_image_2179.png,train
2180,2180,12662.0,lot17000,Edge-Ring,wf_image_2180.png,train
2181,2181,1801.0,lot4671,Edge-Loc,wf_image_2181.png,val
2182,2182,2126.0,lot18020,Edge-Ring,wf_image_2182.png,test
2183,2183,518.0,lot43958,Edge-Ring,wf_image_2183.png,train
2184,2184,1291.0,lot13703,Edge-Ring,wf_image_2184.png,train
2185,2185,518.0,lot44012,Center,wf_image_2185.png,train
2186,2186,1801.0,lot5917,Edge-Loc,wf_image_2186.png,cal
2187,2187,776.0,lot40767,Loc,wf_image_2187.png,test
2188,2188,515.0,lot35960,Center,wf_image_2188.png,train
2189,2189,1334.0,lot17134,Donut,wf_image_2189.png,train
2190,2190,516.0,lot42975,Edge-Loc,wf_image_2190.png,test
2191,2191,562.0,lot46972,Scratch,wf_image_2191.png,train
2192,2192,2126.0,lot18380,Edge-Ring,wf_image_2192.png,train
2193,2193,1421.0,lot44810,Edge-Ring,wf_image_2193.png,train
2194,2194,1139.0,lot16915,Center,wf_image_2194.png,val
2195,2195,562.0,lot46862,Loc,wf_image_2195.png,val
2196,2196,1291.0,lot10051,Edge-Ring,wf_image_2196.png,cal
2197,2197,533.0,lot40571,Edge-Ring,wf_image_2197.png,test
2198,2198,1080.0,lot21535,Center,wf_image_2198.png,train
2199,2199,515.0,lot33169,Center,wf_image_2199.png,train
2200,2200,515.0,lot36634,Center,wf_image_2200.png,train
2201,2201,12662.0,lot17000,Edge-Ring,wf_image_2201.png,train
2202,2202,776.0,lot41052,Edge-Loc,wf_image_2202.png,train
2203,2203,12662.0,lot17000,Edge-Ring,wf_image_2203.png,test
2204,2204,1075.0,lot23101,Edge-Ring,wf_image_2204.png,train
2205,2205,515.0,lot36695,Edge-Loc,wf_image_2205.png,train
2206,2206,562.0,lot46782,Scratch,wf_image_2206.png,train
2207,2207,2126.0,lot20909,Edge-Ring,wf_image_2207.png,test
2208,2208,1109.0,lot45329,Scratch,wf_image_2208.png,test
2209,2209,1226.0,lot19240,Center,wf_image_2209.png,cal
2210,2210,2126.0,lot18382,Edge-Ring,wf_image_2210.png,train
2211,2211,1109.0,lot45425,Scratch,wf_image_2211.png,test
2212,2212,533.0,lot40553,Random,wf_image_2212.png,train
2213,2213,12662.0,lot19851,Edge-Ring,wf_image_2213.png,train
2214,2214,1075.0,lot2500,Edge-Ring,wf_image_2214.png,val
2215,2215,1421.0,lot44804,Edge-Ring,wf_image_2215.png,val
2216,2216,533.0,lot40341,Loc,wf_image_2216.png,train
2217,2217,1109.0,lot45414,Center,wf_image_2217.png,train
2218,2218,1060.0,lot47323,Scratch,wf_image_2218.png,test
2219,2219,1060.0,lot47415,Loc,wf_image_2219.png,train
2220,2220,12662.0,lot17286,Edge-Ring,wf_image_2220.png,train
2221,2221,1075.0,lot2508,Edge-Ring,wf_image_2221.png,train
2222,2222,1291.0,lot7397,Edge-Ring,wf_image_2222.png,val
2223,2223,1421.0,lot44801,Edge-Ring,wf_image_2223.png,train
2224,2224,1658.0,lot16602,Edge-Ring,wf_image_2224.png,test
2225,2225,515.0,lot37022,Center,wf_image_2225.png,train
2226,2226,1060.0,lot47322,Edge-Ring,wf_image_2226.png,val
2227,2227,1109.0,lot45531,Center,wf_image_2227.png,train
2228,2228,1075.0,lot2508,Edge-Ring,wf_image_2228.png,val
2229,2229,515.0,lot36927,Center,wf_image_2229.png,train
2230,2230,904.0,lot45622,Center,wf_image_2230.png,val
2231,2231,1075.0,lot23103,Edge-Ring,wf_image_2231.png,train
2232,2232,904.0,lot45641,Center,wf_image_2232.png,train
2233,2233,3927.0,lot2153,Edge-Ring,wf_image_2233.png,train
2234,2234,533.0,lot101,Edge-Loc,wf_image_2234.png,train
2235,2235,1080.0,lot21715,Loc,wf_image_2235.png,train
2236,2236,776.0,lot40740,Loc,wf_image_2236.png,train
2237,2237,845.0,lot42289,Donut,wf_image_2237.png,train
2238,2238,1376.0,lot45705,Edge-Loc,wf_image_2238.png,test
2239,2239,515.0,lot35919,Center,wf_image_2239.png,train
2240,2240,1109.0,lot7169,Edge-Loc,wf_image_2240.png,train
2241,2241,1376.0,lot45899,Scratch,wf_image_2241.png,cal
2242,2242,1334.0,lot17149,Donut,wf_image_2242.png,val
2243,2243,710.0,lot38377,Random,wf_image_2243.png,train
2244,2244,533.0,lot7559,Random,wf_image_2244.png,train
2245,2245,1109.0,lot45311,Edge-Loc,wf_image_2245.png,cal
2246,2246,3036.0,lot12760,Edge-Ring,wf_image_2246.png,test
2247,2247,1075.0,lot13491,Edge-Ring,wf_image_2247.png,train
2248,2248,1080.0,lot21535,Random,wf_image_2248.png,val
2249,2249,2126.0,lot18023,Edge-Ring,wf_image_2249.png,test
2250,2250,776.0,lot2993,Edge-Loc,wf_image_2250.png,test
2251,2251,1291.0,lot12743,Edge-Ring,wf_image_2251.png,train
2252,2252,515.0,lot36666,Center,wf_image_2252.png,train
2253,2253,1109.0,lot45399,Loc,wf_image_2253.png,val
2254,2254,1658.0,lot16536,Edge-Ring,wf_image_2254.png,test
2255,2255,1999.0,lot15009,Edge-Ring,wf_image_2255.png,train
2256,2256,12662.0,lot19849,Edge-Ring,wf_image_2256.png,train
2257,2257,1999.0,lot14768,Edge-Ring,wf_image_2257.png,train
2258,2258,1334.0,lot17113,Donut,wf_image_2258.png,train
2259,2259,1334.0,lot17148,Donut,wf_image_2259.png,test
2260,2260,1080.0,lot25453,Center,wf_image_2260.png,train
2261,2261,1109.0,lot8554,Random,wf_image_2261.png,train
2262,2262,1075.0,lot13966,Edge-Ring,wf_image_2262.png,val
2263,2263,1421.0,lot44778,Edge-Ring,wf_image_2263.png,val
2264,2264,1658.0,lot16599,Edge-Ring,wf_image_2264.png,val
2265,2265,3036.0,lot12747,Edge-Ring,wf_image_2265.png,train
2266,2266,518.0,lot43999,Edge-Loc,wf_image_2266.png,test
2267,2267,1080.0,lot23182,Loc,wf_image_2267.png,cal
2268,2268,845.0,lot42259,Donut,wf_image_2268.png,cal
2269,2269,1129.0,lot42657,Edge-Ring,wf_image_2269.png,train
2270,2270,1801.0,lot4646,Edge-Loc,wf_image_2270.png,train
2271,2271,600.0,lot47499,Near-full,wf_image_2271.png,train
2272,2272,1075.0,lot44171,Edge-Ring,wf_image_2272.png,train
2273,2273,515.0,lot36783,Center,wf_image_2273.png,val
2274,2274,733.0,lot39472,Center,wf_image_2274.png,train
2275,2275,1129.0,lot42699,Scratch,wf_image_2275.png,cal
2276,2276,515.0,lot36869,Center,wf_image_2276.png,test
2277,2277,846.0,lot5447,Loc,wf_image_2277.png,train
2278,2278,1075.0,lot25392,Edge-Ring,wf_image_2278.png,test
2279,2279,1129.0,lot42720,Loc,wf_image_2279.png,test
2280,2280,1421.0,lot44798,Edge-Ring,wf_image_2280.png,train
2281,2281,1376.0,lot45864,Loc,wf_image_2281.png,test
2282,2282,1334.0,lot45943,Loc,wf_image_2282.png,train
2283,2283,1376.0,lot45718,Loc,wf_image_2283.png,train
2284,2284,741.0,lot44178,Edge-Loc,wf_image_2284.png,val
2285,2285,1109.0,lot45562,Center,wf_image_2285.png,test
2286,2286,564.0,lot24234,Center,wf_image_2286.png,train
2287,2287,776.0,lot40976,Loc,wf_image_2287.png,train
2288,2288,1109.0,lot45359,Edge-Loc,wf_image_2288.png,train
2289,2289,844.0,lot42277,Donut,wf_image_2289.png,cal
2290,2290,1075.0,lot23097,Edge-Ring,wf_image_2290.png,train
2291,2291,1075.0,lot2520,Edge-Ring,wf_image_2291.png,cal
2292,2292,1421.0,lot44780,Edge-Ring,wf_image_2292.png,train
2293,2293,2126.0,lot22483,Edge-Ring,wf_image_2293.png,test
2294,2294,776.0,lot41069,Scratch,wf_image_2294.png,train
2295,2295,904.0,lot45627,Edge-Loc,wf_image_2295.png,test
2296,2296,939.0,lot6105,Edge-Loc,wf_image_2296.png,train
2297,2297,518.0,lot43912,Loc,wf_image_2297.png,train
2298,2298,776.0,lot41093,Edge-Loc,wf_image_2298.png,train
2299,2299,741.0,lot44287,Loc,wf_image_2299.png,train
2300,2300,3927.0,lot9146,Edge-Ring,wf_image_2300.png,train
2301,2301,846.0,lot36134,Center,wf_image_2301.png,train
2302,2302,3927.0,lot9149,Edge-Ring,wf_image_2302.png,train
2303,2303,533.0,lot40427,Loc,wf_image_2303.png,train
2304,2304,515.0,lot33240,Edge-Loc,wf_image_2304.png,train
2305,2305,939.0,lot2783,Edge-Loc,wf_image_2305.png,test
2306,2306,1999.0,lot15000,Edge-Ring,wf_image_2306.png,train
2307,2307,2126.0,lot21563,Edge-Ring,wf_image_2307.png,train
2308,2308,562.0,lot46936,Edge-Ring,wf_image_2308.png,train
2309,2309,520.0,lot1625,Edge-Loc,wf_image_2309.png,cal
2310,2310,846.0,lot5503,Edge-Loc,wf_image_2310.png,train
2311,2311,1376.0,lot45704,Edge-Loc,wf_image_2311.png,test
2312,2312,2126.0,lot20728,Edge-Ring,wf_image_2312.png,cal
2313,2313,3036.0,lot12765,Edge-Ring,wf_image_2313.png,train
2314,2314,1376.0,lot45901,Scratch,wf_image_2314.png,train
2315,2315,1376.0,lot45832,Edge-Loc,wf_image_2315.png,train
2316,2316,1334.0,lot17109,Donut,wf_image_2316.png,test
2317,2317,776.0,lot44058,Scratch,wf_image_2317.png,train
2318,2318,1334.0,lot17146,Edge-Loc,wf_image_2318.png,test
2319,2319,515.0,lot12886,Center,wf_image_2319.png,train
2320,2320,1376.0,lot45732,Edge-Loc,wf_image_2320.png,cal
2321,2321,3036.0,lot12754,Edge-Ring,wf_image_2321.png,test
2322,2322,1075.0,lot2504,Edge-Ring,wf_image_2322.png,train
2323,2323,1080.0,lot21717,Edge-Loc,wf_image_2323.png,test
2324,2324,515.0,lot36635,Center,wf_image_2324.png,train
2325,2325,845.0,lot42273,Donut,wf_image_2325.png,train
2326,2326,1080.0,lot21797,Loc,wf_image_2326.png,train
2327,2327,846.0,lot5431,Edge-Loc,wf_image_2327.png,val
2328,2328,776.0,lot40908,Edge-Loc,wf_image_2328.png,test
2329,2329,3036.0,lot11631,Edge-Ring,wf_image_2329.png,train
2330,2330,1075.0,lot2149,Edge-Ring,wf_image_2330.png,train
2331,2331,533.0,lot40361,Scratch,wf_image_2331.png,train
2332,2332,1109.0,lot45488,Edge-Loc,wf_image_2332.png,test
2333,2333,515.0,lot39655,Center,wf_image_2333.png,test
2334,2334,515.0,lot33167,Center,wf_image_2334.png,test
2335,2335,518.0,lot43923,Donut,wf_image_2335.png,val
2336,2336,1376.0,lot45854,Loc,wf_image_2336.png,test
2337,2337,741.0,lot3081,Edge-Ring,wf_image_2337.png,train
2338,2338,515.0,lot32780,Center,wf_image_2338.png,train
2339,2339,1075.0,lot23102,Edge-Ring,wf_image_2339.png,test
2340,2340,1376.0,lot45761,Edge-Loc,wf_image_2340.png,train
2341,2341,1376.0,lot45929,Random,wf_image_2341.png,cal
2342,2342,1334.0,lot17159,Donut,wf_image_2342.png,cal
2343,2343,1226.0,lot23634,Center,wf_image_2343.png,test
2344,2344,1421.0,lot44786,Edge-Ring,wf_image_2344.png,train
2345,2345,562.0,lot47103,Edge-Ring,wf_image_2345.png,cal
2346,2346,939.0,lot6092,Edge-Ring,wf_image_2346.png,test
2347,2347,533.0,lot40587,Center,wf_image_2347.png,train
2348,2348,515.0,lot39579,Center,wf_image_2348.png,cal
2349,2349,741.0,lot44175,Scratch,wf_image_2349.png,train
2350,2350,1376.0,lot45725,Edge-Loc,wf_image_2350.png,train
2351,2351,1075.0,lot44165,Edge-Ring,wf_image_2351.png,cal
2352,2352,1801.0,lot4084,Edge-Loc,wf_image_2352.png,train
2353,2353,733.0,lot31720,Scratch,wf_image_2353.png,train
2354,2354,1080.0,lot26508,Edge-Loc,wf_image_2354.png,val
2355,2355,518.0,lot45276,Loc,wf_image_2355.png,val
2356,2356,1253.0,lot2614,Edge-Ring,wf_image_2356.png,test
2357,2357,2126.0,lot21039,Edge-Ring,wf_image_2357.png,val
2358,2358,3036.0,lot11970,Edge-Ring,wf_image_2358.png,val
2359,2359,518.0,lot45252,Random,wf_image_2359.png,test
2360,2360,733.0,lot31721,Scratch,wf_image_2360.png,train
2361,2361,518.0,lot45241,Loc,wf_image_2361.png,train
2362,2362,1376.0,lot45738,Edge-Ring,wf_image_2362.png,train
2363,2363,1075.0,lot12906,Edge-Ring,wf_image_2363.png,train
2364,2364,515.0,lot36808,Center,wf_image_2364.png,train
2365,2365,515.0,lot36858,Center,wf_image_2365.png,test
2366,2366,904.0,lot45634,Random,wf_image_2366.png,train
2367,2367,845.0,lot42314,Edge-Loc,wf_image_2367.png,test
2368,2368,12662.0,lot19851,Edge-Ring,wf_image_2368.png,test
2369,2369,1075.0,lot13967,Edge-Ring,wf_image_2369.png,test
2370,2370,3036.0,lot12747,Edge-Ring,wf_image_2370.png,train
2371,2371,3036.0,lot12744,Edge-Ring,wf_image_2371.png,cal
2372,2372,2126.0,lot20735,Edge-Ring,wf_image_2372.png,test
2373,2373,600.0,lot47513,Edge-Loc,wf_image_2373.png,test
2374,2374,1060.0,lot47283,Loc,wf_image_2374.png,test
2375,2375,741.0,lot44422,Edge-Ring,wf_image_2375.png,cal
2376,2376,600.0,lot47481,Scratch,wf_image_2376.png,train
2377,2377,562.0,lot47106,Scratch,wf_image_2377.png,train
2378,2378,1129.0,lot5684,Scratch,wf_image_2378.png,train
2379,2379,1075.0,lot13964,Edge-Ring,wf_image_2379.png,val
2380,2380,3036.0,lot12757,Edge-Ring,wf_image_2380.png,train
2381,2381,1421.0,lot16330,Random,wf_image_2381.png,test
2382,2382,533.0,lot40553,Loc,wf_image_2382.png,train
2383,2383,1129.0,lot42665,Scratch,wf_image_2383.png,train
2384,2384,1334.0,lot17148,Center,wf_image_2384.png,test
2385,2385,518.0,lot45022,Near-full,wf_image_2385.png,train
2386,2386,1334.0,lot17102,Random,wf_image_2386.png,test
2387,2387,1075.0,lot2510,Edge-Ring,wf_image_2387.png,train
2388,2388,562.0,lot46856,Scratch,wf_image_2388.png,train
2389,2389,1291.0,lot13715,Edge-Ring,wf_image_2389.png,train
2390,2390,533.0,lot40484,Scratch,wf_image_2390.png,test
2391,2391,515.0,lot8218,Random,wf_image_2391.png,train
2392,2392,1376.0,lot45778,Edge-Loc,wf_image_2392.png,val
2393,2393,1801.0,lot4733,Edge-Loc,wf_image_2393.png,test
2394,2394,1080.0,lot26473,Edge-Loc,wf_image_2394.png,train
2395,2395,533.0,lot40494,Loc,wf_image_2395.png,train
2396,2396,515.0,lot36909,Center,wf_image_2396.png,train
2397,2397,1376.0,lot45872,Edge-Loc,wf_image_2397.png,val
2398,2398,515.0,lot32971,Center,wf_image_2398.png,val
2399,2399,1075.0,lot2498,Edge-Ring,wf_image_2399.png,cal
2400,2400,2126.0,lot21560,Edge-Ring,wf_image_2400.png,train
2401,2401,533.0,lot40388,Center,wf_image_2401.png,cal
2402,2402,1999.0,lot14524,Edge-Ring,wf_image_2402.png,cal
2403,2403,3927.0,lot9147,Edge-Ring,wf_image_2403.png,train
2404,2404,3036.0,lot11968,Edge-Ring,wf_image_2404.png,train
2405,2405,776.0,lot40865,Scratch,wf_image_2405.png,cal
2406,2406,741.0,lot44180,Near-full,wf_image_2406.png,train
2407,2407,562.0,lot46887,Scratch,wf_image_2407.png,test
2408,2408,515.0,lot39534,Center,wf_image_2408.png,train
2409,2409,1075.0,lot2151,Edge-Ring,wf_image_2409.png,cal
2410,2410,1999.0,lot14928,Edge-Ring,wf_image_2410.png,cal
2411,2411,1075.0,lot2494,Edge-Ring,wf_image_2411.png,train
2412,2412,1074.0,lot44164,Edge-Ring,wf_image_2412.png,val
2413,2413,518.0,lot43920,Scratch,wf_image_2413.png,cal
2414,2414,3036.0,lot12757,Edge-Ring,wf_image_2414.png,train
2415,2415,600.0,lot47513,Scratch,wf_image_2415.png,train
2416,2416,600.0,lot47476,Edge-Loc,wf_image_2416.png,val
2417,2417,710.0,lot4548,Edge-Loc,wf_image_2417.png,train
2418,2418,1109.0,lot45340,Loc,wf_image_2418.png,val
2419,2419,1376.0,lot45692,Random,wf_image_2419.png,val
2420,2420,1075.0,lot2519,Edge-Ring,wf_image_2420.png,val
2421,2421,515.0,lot36837,Center,wf_image_2421.png,test
2422,2422,1109.0,lot45309,Edge-Loc,wf_image_2422.png,train
2423,2423,2126.0,lot20730,Edge-Ring,wf_image_2423.png,train
2424,2424,515.0,lot39691,Center,wf_image_2424.png,train
2425,2425,1658.0,lot16607,Edge-Ring,wf_image_2425.png,train
2426,2426,1075.0,lot23103,Edge-Ring,wf_image_2426.png,train
2427,2427,533.0,lot40417,Edge-Loc,wf_image_2427.png,test
2428,2428,776.0,lot2084,Loc,wf_image_2428.png,train
2429,2429,533.0,lot40528,Edge-Ring,wf_image_2429.png,train
2430,2430,1075.0,lot2507,Edge-Ring,wf_image_2430.png,test
2431,2431,515.0,lot36926,Center,wf_image_2431.png,train
2432,2432,1658.0,lot16600,Edge-Ring,wf_image_2432.png,val
2433,2433,939.0,lot7846,Loc,wf_image_2433.png,test
2434,2434,3927.0,lot9147,Edge-Ring,wf_image_2434.png,test
2435,2435,1075.0,lot2513,Edge-Ring,wf_image_2435.png,cal
2436,2436,710.0,lot35294,Center,wf_image_2436.png,test
2437,2437,515.0,lot36918,Center,wf_image_2437.png,test
2438,2438,516.0,lot43138,Center,wf_image_2438.png,test
2439,2439,1080.0,lot21482,Random,wf_image_2439.png,train
2440,2440,1226.0,lot23658,Center,wf_image_2440.png,test
2441,2441,562.0,lot46981,Edge-Loc,wf_image_2441.png,train
2442,2442,939.0,lot7973,Edge-Loc,wf_image_2442.png,train
2443,2443,533.0,lot40450,Loc,wf_image_2443.png,train
2444,2444,518.0,lot45282,Loc,wf_image_2444.png,train
2445,2445,710.0,lot38380,Random,wf_image_2445.png,val
2446,2446,1658.0,lot16536,Edge-Ring,wf_image_2446.png,train
2447,2447,1075.0,lot44162,Edge-Ring,wf_image_2447.png,train
2448,2448,1060.0,lot47271,Edge-Loc,wf_image_2448.png,val
2449,2449,844.0,lot42203,Edge-Loc,wf_image_2449.png,train
2450,2450,1376.0,lot45766,Edge-Loc,wf_image_2450.png,train
2451,2451,533.0,lot40613,Loc,wf_image_2451.png,train
2452,2452,741.0,lot44552,Scratch,wf_image_2452.png,train
2453,2453,1075.0,lot2507,Edge-Ring,wf_image_2453.png,cal
2454,2454,2126.0,lot20904,Edge-Ring,wf_image_2454.png,cal
2455,2455,1075.0,lot2496,Edge-Ring,wf_image_2455.png,train
2456,2456,776.0,lot44105,Center,wf_image_2456.png,val
2457,2457,776.0,lot40903,Edge-Loc,wf_image_2457.png,test
2458,2458,1075.0,lot2522,Edge-Ring,wf_image_2458.png,val
2459,2459,562.0,lot46841,Edge-Loc,wf_image_2459.png,train
2460,2460,516.0,lot43438,Loc,wf_image_2460.png,train
2461,2461,741.0,lot44366,Scratch,wf_image_2461.png,cal
2462,2462,939.0,lot7846,Loc,wf_image_2462.png,train
2463,2463,710.0,lot9330,Loc,wf_image_2463.png,cal
2464,2464,1421.0,lot44804,Edge-Ring,wf_image_2464.png,cal
2465,2465,562.0,lot47160,Edge-Loc,wf_image_2465.png,test
2466,2466,1999.0,lot14822,Edge-Ring,wf_image_2466.png,train
2467,2467,846.0,lot36113,Center,wf_image_2467.png,train
2468,2468,1801.0,lot4728,Edge-Loc,wf_image_2468.png,train
2469,2469,1376.0,lot45707,Edge-Loc,wf_image_2469.png,train
2470,2470,1080.0,lot21748,Random,wf_image_2470.png,test
2471,2471,515.0,lot36642,Center,wf_image_2471.png,test
2472,2472,1075.0,lot2516,Edge-Ring,wf_image_2472.png,train
2473,2473,939.0,lot3919,Edge-Loc,wf_image_2473.png,test
2474,2474,1291.0,lot10050,Edge-Ring,wf_image_2474.png,cal
2475,2475,3927.0,lot2153,Edge-Ring,wf_image_2475.png,cal
2476,2476,515.0,lot39511,Center,wf_image_2476.png,train
2477,2477,1109.0,lot45360,Edge-Loc,wf_image_2477.png,cal
2478,2478,846.0,lot5503,Edge-Loc,wf_image_2478.png,train
2479,2479,733.0,lot26836,Edge-Ring,wf_image_2479.png,train
2480,2480,1080.0,lot21455,Random,wf_image_2480.png,test
2481,2481,904.0,lot45624,Center,wf_image_2481.png,train
2482,2482,600.0,lot47505,Edge-Ring,wf_image_2482.png,val
2483,2483,3036.0,lot12758,Edge-Ring,wf_image_2483.png,train
2484,2484,533.0,lot42153,Loc,wf_image_2484.png,test
2485,2485,516.0,lot43039,Edge-Loc,wf_image_2485.png,val
2486,2486,1334.0,lot17168,Donut,wf_image_2486.png,cal
2487,2487,904.0,lot45631,Center,wf_image_2487.png,cal
2488,2488,1075.0,lot13959,Edge-Ring,wf_image_2488.png,train
2489,2489,1376.0,lot45846,Edge-Loc,wf_image_2489.png,train
2490,2490,515.0,lot36870,Center,wf_image_2490.png,train
2491,2491,515.0,lot36634,Center,wf_image_2491.png,train
2492,2492,3036.0,lot12745,Edge-Ring,wf_image_2492.png,train
2493,2493,515.0,lot36930,Center,wf_image_2493.png,train
2494,2494,1801.0,lot4642,Edge-Loc,wf_image_2494.png,cal
2495,2495,846.0,lot36340,Edge-Loc,wf_image_2495.png,train
2496,2496,2126.0,lot22480,Edge-Ring,wf_image_2496.png,cal
2497,2497,518.0,lot20767,Loc,wf_image_2497.png,val
2498,2498,1075.0,lot2503,Edge-Ring,wf_image_2498.png,test
2499,2499,515.0,lot39556,Center,wf_image_2499.png,cal
2500,2500,515.0,lot10395,Center,wf_image_2500.png,train
2501,2501,1109.0,lot45581,Center,wf_image_2501.png,train
2502,2502,1129.0,lot42618,Loc,wf_image_2502.png,train
2503,2503,1658.0,lot16604,Edge-Ring,wf_image_2503.png,train
2504,2504,3036.0,lot11878,Edge-Ring,wf_image_2504.png,test
2505,2505,1129.0,lot42731,Scratch,wf_image_2505.png,test
2506,2506,1129.0,lot5178,Edge-Loc,wf_image_2506.png,val
2507,2507,710.0,lot9323,Edge-Loc,wf_image_2507.png,train
2508,2508,845.0,lot42280,Donut,wf_image_2508.png,cal
2509,2509,533.0,lot142,Near-full,wf_image_2509.png,test
2510,2510,516.0,lot43131,Center,wf_image_2510.png,cal
2511,2511,776.0,lot2992,Edge-Loc,wf_image_2511.png,train
2512,2512,12662.0,lot16999,Edge-Ring,wf_image_2512.png,train
2513,2513,741.0,lot3048,Edge-Ring,wf_image_2513.png,train
2514,2514,712.0,lot41566,Random,wf_image_2514.png,train
2515,2515,3036.0,lot10187,Edge-Ring,wf_image_2515.png,cal
2516,2516,2126.0,lot22486,Edge-Ring,wf_image_2516.png,test
2517,2517,1334.0,lot17131,Random,wf_image_2517.png,cal
2518,2518,515.0,lot36655,Center,wf_image_2518.png,cal
2519,2519,1060.0,lot47464,Scratch,wf_image_2519.png,val
2520,2520,2126.0,lot20133,Edge-Ring,wf_image_2520.png,cal
2521,2521,1334.0,lot17184,Donut,wf_image_2521.png,train
2522,2522,1129.0,lot42690,Edge-Loc,wf_image_2522.png,val
2523,2523,516.0,lot43210,Random,wf_image_2523.png,train
2524,2524,776.0,lot41110,Loc,wf_image_2524.png,train
2525,2525,1075.0,lot23098,Edge-Ring,wf_image_2525.png,val
2526,2526,3927.0,lot9149,Edge-Ring,wf_image_2526.png,train
2527,2527,1376.0,lot45764,Scratch,wf_image_2527.png,train
2528,2528,533.0,lot40626,Random,wf_image_2528.png,train
2529,2529,12662.0,lot19864,Edge-Ring,wf_image_2529.png,train
2530,2530,1349.0,lot2375,Random,wf_image_2530.png,train
2531,2531,533.0,lot40566,Loc,wf_image_2531.png,test
2532,2532,904.0,lot45645,Center,wf_image_2532.png,test
2533,2533,1075.0,lot25392,Edge-Ring,wf_image_2533.png,test
2534,2534,515.0,lot39611,Center,wf_image_2534.png,train
2535,2535,710.0,lot38577,Edge-Loc,wf_image_2535.png,test
2536,2536,515.0,lot36921,Center,wf_image_2536.png,val
2537,2537,1801.0,lot4637,Edge-Loc,wf_image_2537.png,train
2538,2538,1075.0,lot2510,Edge-Ring,wf_image_2538.png,train
2539,2539,1080.0,lot21669,Edge-Loc,wf_image_2539.png,cal
2540,2540,3036.0,lot12764,Edge-Ring,wf_image_2540.png,test
2541,2541,2126.0,lot18019,Edge-Ring,wf_image_2541.png,train
2542,2542,1334.0,lot17137,Donut,wf_image_2542.png,train
2543,2543,741.0,lot44432,Loc,wf_image_2543.png,cal
2544,2544,1080.0,lot26424,Edge-Loc,wf_image_2544.png,val
2545,2545,1075.0,lot2150,Edge-Ring,wf_image_2545.png,train
2546,2546,515.0,lot36991,Center,wf_image_2546.png,train
2547,2547,1658.0,lot18375,Edge-Ring,wf_image_2547.png,cal
2548,2548,515.0,lot36565,Center,wf_image_2548.png,val
2549,2549,1075.0,lot2151,Edge-Ring,wf_image_2549.png,train
2550,2550,3927.0,lot11171,Edge-Ring,wf_image_2550.png,test
2551,2551,533.0,lot267,Edge-Loc,wf_image_2551.png,train
2552,2552,845.0,lot7244,Edge-Loc,wf_image_2552.png,train
2553,2553,1376.0,lot45762,Edge-Loc,wf_image_2553.png,test
2554,2554,3927.0,lot9148,Edge-Ring,wf_image_2554.png,train
2555,2555,3036.0,lot11970,Edge-Ring,wf_image_2555.png,test
2556,2556,939.0,lot6232,Loc,wf_image_2556.png,test
2557,2557,1999.0,lot15009,Edge-Ring,wf_image_2557.png,train
2558,2558,515.0,lot36687,Center,wf_image_2558.png,train
2559,2559,515.0,lot36929,Center,wf_image_2559.png,train
2560,2560,515.0,lot35938,Center,wf_image_2560.png,train
2561,2561,846.0,lot5503,Edge-Loc,wf_image_2561.png,train
2562,2562,1421.0,lot44816,Edge-Loc,wf_image_2562.png,train
2563,2563,2126.0,lot20911,Edge-Ring,wf_image_2563.png,train
2564,2564,1291.0,lot13717,Edge-Ring,wf_image_2564.png,val
2565,2565,1075.0,lot2508,Edge-Ring,wf_image_2565.png,train
2566,2566,3036.0,lot12754,Edge-Ring,wf_image_2566.png,train
2567,2567,2126.0,lot22483,Edge-Ring,wf_image_2567.png,train
2568,2568,776.0,lot40880,Center,wf_image_2568.png,cal
2569,2569,1060.0,lot47416,Scratch,wf_image_2569.png,test
2570,2570,843.0,lot42289,Scratch,wf_image_2570.png,train
2571,2571,1999.0,lot14524,Edge-Ring,wf_image_2571.png,train
2572,2572,515.0,lot36809,Center,wf_image_2572.png,val
2573,2573,3036.0,lot11856,Edge-Ring,wf_image_2573.png,train
2574,2574,1421.0,lot44797,Edge-Ring,wf_image_2574.png,train
2575,2575,515.0,lot35944,Center,wf_image_2575.png,val
2576,2576,533.0,lot40369,Scratch,wf_image_2576.png,train
2577,2577,1421.0,lot44792,Edge-Ring,wf_image_2577.png,test
2578,2578,516.0,lot42974,Near-full,wf_image_2578.png,train
2579,2579,3036.0,lot10182,Edge-Ring,wf_image_2579.png,test
2580,2580,1226.0,lot20982,Center,wf_image_2580.png,train
2581,2581,2126.0,lot22473,Edge-Ring,wf_image_2581.png,cal
2582,2582,3036.0,lot11843,Edge-Ring,wf_image_2582.png,test
2583,2583,1139.0,lot17478,Loc,wf_image_2583.png,train
2584,2584,562.0,lot46879,Edge-Loc,wf_image_2584.png,train
2585,2585,533.0,lot40647,Loc,wf_image_2585.png,val
2586,2586,3036.0,lot11966,Edge-Ring,wf_image_2586.png,train
2587,2587,1801.0,lot4722,Edge-Ring,wf_image_2587.png,cal
2588,2588,1291.0,lot10049,Edge-Ring,wf_image_2588.png,train
2589,2589,1658.0,lot19814,Edge-Ring,wf_image_2589.png,train
2590,2590,533.0,lot40578,Scratch,wf_image_2590.png,train
2591,2591,741.0,lot44522,Edge-Loc,wf_image_2591.png,test
2592,2592,562.0,lot47149,Scratch,wf_image_2592.png,cal
2593,2593,600.0,lot47509,Edge-Loc,wf_image_2593.png,test
2594,2594,515.0,lot39534,Center,wf_image_2594.png,train
2595,2595,515.0,lot36857,Center,wf_image_2595.png,train
2596,2596,2126.0,lot21580,Edge-Ring,wf_image_2596.png,val
2597,2597,1080.0,lot23506,Edge-Loc,wf_image_2597.png,train
2598,2598,1291.0,lot13709,Edge-Ring,wf_image_2598.png,train
2599,2599,1658.0,lot16602,Edge-Ring,wf_image_2599.png,train
2600,2600,846.0,lot5503,Edge-Ring,wf_image_2600.png,train
2601,2601,3036.0,lot11879,Edge-Ring,wf_image_2601.png,cal
2602,2602,1075.0,lot2511,Edge-Ring,wf_image_2602.png,train
2603,2603,528.0,lot21977,Loc,wf_image_2603.png,train
2604,2604,904.0,lot4090,Loc,wf_image_2604.png,train
2605,2605,741.0,lot44269,Scratch,wf_image_2605.png,cal
2606,2606,846.0,lot5503,Edge-Loc,wf_image_2606.png,test
2607,2607,1139.0,lot18810,Scratch,wf_image_2607.png,train
2608,2608,533.0,lot7558,Random,wf_image_2608.png,train
2609,2609,845.0,lot42212,Loc,wf_image_2609.png,train
2610,2610,515.0,lot36722,Center,wf_image_2610.png,cal
2611,2611,1421.0,lot44810,Edge-Ring,wf_image_2611.png,train
2612,2612,776.0,lot40789,Scratch,wf_image_2612.png,test
2613,2613,1075.0,lot2496,Edge-Ring,wf_image_2613.png,train
2614,2614,515.0,lot36934,Center,wf_image_2614.png,train
2615,2615,2126.0,lot21563,Edge-Ring,wf_image_2615.png,train
2616,2616,533.0,lot40622,Scratch,wf_image_2616.png,test
2617,2617,562.0,lot46871,Edge-Ring,wf_image_2617.png,test
2618,2618,3036.0,lot11971,Edge-Ring,wf_image_2618.png,train
2619,2619,515.0,lot36681,Center,wf_image_2619.png,train
2620,2620,515.0,lot36895,Center,wf_image_2620.png,cal
2621,2621,844.0,lot42229,Donut,wf_image_2621.png,train
2622,2622,844.0,lot42358,Edge-Loc,wf_image_2622.png,train
2623,2623,1376.0,lot45873,Scratch,wf_image_2623.png,cal
2624,2624,2126.0,lot22488,Edge-Ring,wf_image_2624.png,test
2625,2625,515.0,lot36566,Center,wf_image_2625.png,train
2626,2626,515.0,lot36717,Center,wf_image_2626.png,test
2627,2627,3036.0,lot12766,Edge-Ring,wf_image_2627.png,cal
2628,2628,562.0,lot46869,Edge-Loc,wf_image_2628.png,cal
2629,2629,741.0,lot44312,Loc,wf_image_2629.png,cal
2630,2630,600.0,lot47490,Edge-Loc,wf_image_2630.png,cal
2631,2631,1129.0,lot42620,Edge-Loc,wf_image_2631.png,test
2632,2632,2126.0,lot21040,Edge-Ring,wf_image_2632.png,cal
2633,2633,515.0,lot36764,Center,wf_image_2633.png,train
2634,2634,1291.0,lot10942,Edge-Loc,wf_image_2634.png,val
2635,2635,515.0,lot39565,Center,wf_image_2635.png,train
2636,2636,3036.0,lot12766,Edge-Ring,wf_image_2636.png,train
2637,2637,2126.0,lot20738,Edge-Ring,wf_image_2637.png,val
2638,2638,1658.0,lot16607,Edge-Ring,wf_image_2638.png,train
2639,2639,1226.0,lot23658,Center,wf_image_2639.png,cal
2640,2640,1334.0,lot17134,Donut,wf_image_2640.png,test
2641,2641,845.0,lot42370,Loc,wf_image_2641.png,train
2642,2642,3036.0,lot10182,Edge-Ring,wf_image_2642.png,train
2643,2643,1075.0,lot2509,Edge-Ring,wf_image_2643.png,test
2644,2644,842.0,lot42293,Edge-Loc,wf_image_2644.png,test
2645,2645,516.0,lot42909,Loc,wf_image_2645.png,val
2646,2646,1376.0,lot45851,Edge-Loc,wf_image_2646.png,test
2647,2647,1075.0,lot23107,Edge-Ring,wf_image_2647.png,cal
2648,2648,1349.0,lot2375,Random,wf_image_2648.png,val
2649,2649,515.0,lot35924,Center,wf_image_2649.png,test
2650,2650,1109.0,lot45335,Edge-Loc,wf_image_2650.png,test
2651,2651,1999.0,lot14768,Edge-Ring,wf_image_2651.png,test
2652,2652,3036.0,lot11856,Edge-Ring,wf_image_2652.png,train
2653,2653,741.0,lot44496,Scratch,wf_image_2653.png,train
2654,2654,2126.0,lot22473,Edge-Ring,wf_image_2654.png,train
2655,2655,3927.0,lot9155,Edge-Ring,wf_image_2655.png,val
2656,2656,741.0,lot44531,Loc,wf_image_2656.png,val
2657,2657,12662.0,lot24524,Edge-Ring,wf_image_2657.png,train
2658,2658,1376.0,lot45861,Scratch,wf_image_2658.png,cal
2659,2659,845.0,lot42249,Scratch,wf_image_2659.png,cal
2660,2660,12662.0,lot19851,Edge-Ring,wf_image_2660.png,test
2661,2661,562.0,lot46853,Scratch,wf_image_2661.png,train
2662,2662,1109.0,lot45527,Loc,wf_image_2662.png,train
2663,2663,2126.0,lot22483,Edge-Ring,wf_image_2663.png,test
2664,2664,516.0,lot43027,Edge-Loc,wf_image_2664.png,train
2665,2665,1080.0,lot21748,Random,wf_image_2665.png,test
2666,2666,776.0,lot40894,Scratch,wf_image_2666.png,val
2667,2667,733.0,lot26844,Edge-Ring,wf_image_2667.png,train
2668,2668,3036.0,lot12748,Edge-Ring,wf_image_2668.png,train
2669,2669,2126.0,lot18022,Edge-Ring,wf_image_2669.png,train
2670,2670,562.0,lot46913,Scratch,wf_image_2670.png,test
2671,2671,1334.0,lot17181,Donut,wf_image_2671.png,val
2672,2672,515.0,lot36718,Center,wf_image_2672.png,val
2673,2673,1299.0,lot8368,Center,wf_image_2673.png,train
2674,2674,12662.0,lot17263,Edge-Ring,wf_image_2674.png,val
2675,2675,844.0,lot42369,Edge-Loc,wf_image_2675.png,train
2676,2676,846.0,lot5471,Donut,wf_image_2676.png,train
2677,2677,1075.0,lot2506,Edge-Ring,wf_image_2677.png,cal
2678,2678,776.0,lot40785,Edge-Loc,wf_image_2678.png,test
2679,2679,515.0,lot35897,Center,wf_image_2679.png,val
2680,2680,3927.0,lot11171,Edge-Ring,wf_image_2680.png,val
2681,2681,1074.0,lot44164,Edge-Ring,wf_image_2681.png,test
2682,2682,1109.0,lot45569,Donut,wf_image_2682.png,val
2683,2683,1999.0,lot14527,Edge-Ring,wf_image_2683.png,train
2684,2684,515.0,lot6153,Edge-Loc,wf_image_2684.png,train
2685,2685,2126.0,lot20910,Edge-Ring,wf_image_2685.png,train
2686,2686,1080.0,lot24207,Donut,wf_image_2686.png,train
2687,2687,515.0,lot36557,Center,wf_image_2687.png,cal
2688,2688,1075.0,lot2488,Edge-Ring,wf_image_2688.png,train
2689,2689,904.0,lot45639,Loc,wf_image_2689.png,train
2690,2690,1291.0,lot10049,Edge-Ring,wf_image_2690.png,train
2691,2691,741.0,lot44369,Scratch,wf_image_2691.png,test
2692,2692,1075.0,lot23108,Edge-Ring,wf_image_2692.png,train
2693,2693,1075.0,lot2506,Edge-Ring,wf_image_2693.png,cal
2694,2694,1075.0,lot2499,Edge-Ring,wf_image_2694.png,train
2695,2695,533.0,lot92,Random,wf_image_2695.png,cal
2696,2696,710.0,lot4489,Edge-Loc,wf_image_2696.png,train
2697,2697,533.0,lot40466,Edge-Loc,wf_image_2697.png,test
2698,2698,1421.0,lot44809,Random,wf_image_2698.png,train
2699,2699,515.0,lot36583,Center,wf_image_2699.png,train
2700,2700,1334.0,lot17148,Donut,wf_image_2700.png,val
2701,2701,1075.0,lot2508,Edge-Ring,wf_image_2701.png,train
2702,2702,1075.0,lot2524,Edge-Ring,wf_image_2702.png,test
2703,2703,562.0,lot46741,Edge-Loc,wf_image_2703.png,train
2704,2704,515.0,lot35954,Center,wf_image_2704.png,train
2705,2705,939.0,lot2783,Edge-Loc,wf_image_2705.png,test
2706,2706,533.0,lot190,Scratch,wf_image_2706.png,train
2707,2707,845.0,lot42287,Donut,wf_image_2707.png,val
2708,2708,939.0,lot6227,Loc,wf_image_2708.png,test
2709,2709,845.0,lot41971,Donut,wf_image_2709.png,train
2710,2710,2126.0,lot18017,Edge-Ring,wf_image_2710.png,train
2711,2711,1075.0,lot23103,Edge-Ring,wf_image_2711.png,train
2712,2712,741.0,lot44384,Loc,wf_image_2712.png,train
2713,2713,1334.0,lot17178,Donut,wf_image_2713.png,train
2714,2714,1075.0,lot2502,Edge-Ring,wf_image_2714.png,val
2715,2715,1801.0,lot4667,Edge-Ring,wf_image_2715.png,train
2716,2716,1109.0,lot45411,Scratch,wf_image_2716.png,test
2717,2717,3036.0,lot11967,Edge-Ring,wf_image_2717.png,cal
2718,2718,2126.0,lot21042,Edge-Ring,wf_image_2718.png,test
2719,2719,1075.0,lot13961,Edge-Ring,wf_image_2719.png,test
2720,2720,843.0,lot42353,Center,wf_image_2720.png,cal
2721,2721,710.0,lot33335,Edge-Loc,wf_image_2721.png,cal
2722,2722,3036.0,lot3108,Edge-Ring,wf_image_2722.png,train
2723,2723,515.0,lot36707,Center,wf_image_2723.png,train
2724,2724,1421.0,lot44802,Edge-Ring,wf_image_2724.png,train
2725,2725,600.0,lot47490,Loc,wf_image_2725.png,test
2726,2726,1376.0,lot45872,Edge-Loc,wf_image_2726.png,test
2727,2727,12662.0,lot19858,Edge-Ring,wf_image_2727.png,train
2728,2728,904.0,lot45622,Center,wf_image_2728.png,val
2729,2729,515.0,lot33138,Center,wf_image_2729.png,train
2730,2730,1129.0,lot42724,Scratch,wf_image_2730.png,train
2731,2731,741.0,lot44275,Edge-Loc,wf_image_2731.png,train
2732,2732,518.0,lot45277,Loc,wf_image_2732.png,cal
2733,2733,3036.0,lot12763,Edge-Ring,wf_image_2733.png,cal
2734,2734,533.0,lot40491,Edge-Loc,wf_image_2734.png,train
2735,2735,776.0,lot2994,Edge-Loc,wf_image_2735.png,train
2736,2736,1060.0,lot47471,Donut,wf_image_2736.png,cal
2737,2737,3036.0,lot11880,Edge-Ring,wf_image_2737.png,test
2738,2738,1075.0,lot2437,Edge-Ring,wf_image_2738.png,val
2739,2739,776.0,lot41012,Scratch,wf_image_2739.png,test
2740,2740,1376.0,lot45740,Edge-Loc,wf_image_2740.png,train
2741,2741,515.0,lot36912,Center,wf_image_2741.png,test
2742,2742,939.0,lot3868,Loc,wf_image_2742.png,train
2743,2743,3036.0,lot11630,Edge-Ring,wf_image_2743.png,train
2744,2744,1658.0,lot16607,Edge-Ring,wf_image_2744.png,train
2745,2745,3036.0,lot12746,Edge-Ring,wf_image_2745.png,cal
2746,2746,1376.0,lot45891,Scratch,wf_image_2746.png,train
2747,2747,2126.0,lot21560,Edge-Ring,wf_image_2747.png,train
2748,2748,904.0,lot45639,Loc,wf_image_2748.png,cal
2749,2749,710.0,lot4413,Edge-Loc,wf_image_2749.png,cal
2750,2750,3927.0,lot9147,Edge-Ring,wf_image_2750.png,train
2751,2751,3036.0,lot11969,Edge-Ring,wf_image_2751.png,val
2752,2752,562.0,lot47089,Center,wf_image_2752.png,train
2753,2753,1134.0,lot42788,Loc,wf_image_2753.png,train
2754,2754,904.0,lot4090,Loc,wf_image_2754.png,train
2755,2755,3927.0,lot9152,Edge-Ring,wf_image_2755.png,train
2756,2756,2126.0,lot18018,Edge-Ring,wf_image_2756.png,train
2757,2757,1060.0,lot47383,Center,wf_image_2757.png,cal
2758,2758,515.0,lot36943,Center,wf_image_2758.png,test
2759,2759,2126.0,lot20903,Edge-Ring,wf_image_2759.png,train
2760,2760,1109.0,lot45529,Center,wf_image_2760.png,train
2761,2761,509.0,lot45046,Edge-Loc,wf_image_2761.png,train
2762,2762,1080.0,lot23488,Loc,wf_image_2762.png,cal
2763,2763,1074.0,lot44164,Edge-Ring,wf_image_2763.png,train
2764,2764,533.0,lot40594,Random,wf_image_2764.png,train
2765,2765,939.0,lot3830,Loc,wf_image_2765.png,test
2766,2766,564.0,lot24229,Center,wf_image_2766.png,train
2767,2767,845.0,lot42182,Center,wf_image_2767.png,train
2768,2768,1080.0,lot24199,Edge-Loc,wf_image_2768.png,train
2769,2769,1129.0,lot42650,Loc,wf_image_2769.png,train
2770,2770,1075.0,lot2756,Edge-Ring,wf_image_2770.png,val
2771,2771,939.0,lot7864,Loc,wf_image_2771.png,train
2772,2772,600.0,lot47486,Near-full,wf_image_2772.png,train
2773,2773,1075.0,lot12910,Edge-Ring,wf_image_2773.png,train
2774,2774,1074.0,lot44169,Edge-Ring,wf_image_2774.png,val
2775,2775,515.0,lot36812,Center,wf_image_2775.png,test
2776,2776,776.0,lot4900,Edge-Loc,wf_image_2776.png,train
2777,2777,845.0,lot7242,Loc,wf_image_2777.png,test
2778,2778,515.0,lot36584,Center,wf_image_2778.png,val
2779,2779,515.0,lot36901,Center,wf_image_2779.png,train
2780,2780,741.0,lot2340,Edge-Ring,wf_image_2780.png,cal
2781,2781,712.0,lot41473,Random,wf_image_2781.png,train
2782,2782,1060.0,lot47328,Edge-Loc,wf_image_2782.png,val
2783,2783,516.0,lot43548,Random,wf_image_2783.png,train
2784,2784,562.0,lot46955,Loc,wf_image_2784.png,train
2785,2785,2126.0,lot18019,Edge-Ring,wf_image_2785.png,cal
2786,2786,562.0,lot46912,Edge-Loc,wf_image_2786.png,train
2787,2787,1109.0,lot45560,Scratch,wf_image_2787.png,train
2788,2788,533.0,lot42132,Edge-Loc,wf_image_2788.png,val
2789,2789,845.0,lot42256,Edge-Loc,wf_image_2789.png,cal
2790,2790,516.0,lot43046,Near-full,wf_image_2790.png,cal
2791,2791,1075.0,lot2506,Edge-Ring,wf_image_2791.png,train
2792,2792,2126.0,lot22476,Edge-Ring,wf_image_2792.png,train
2793,2793,1421.0,lot44813,Edge-Ring,wf_image_2793.png,train
2794,2794,3927.0,lot2534,Edge-Ring,wf_image_2794.png,cal
2795,2795,515.0,lot3693,Edge-Loc,wf_image_2795.png,cal
2796,2796,1109.0,lot45466,Edge-Loc,wf_image_2796.png,test
2797,2797,845.0,lot42191,Scratch,wf_image_2797.png,train
2798,2798,1376.0,lot24564,Loc,wf_image_2798.png,cal
2799,2799,2126.0,lot21042,Edge-Ring,wf_image_2799.png,cal
2800,2800,844.0,lot7293,Edge-Loc,wf_image_2800.png,test
2801,2801,3927.0,lot2155,Edge-Ring,wf_image_2801.png,cal
2802,2802,3036.0,lot2074,Edge-Ring,wf_image_2802.png,train
2803,2803,1421.0,lot44794,Edge-Ring,wf_image_2803.png,train
2804,2804,904.0,lot45634,Random,wf_image_2804.png,train
2805,2805,1999.0,lot14928,Edge-Ring,wf_image_2805.png,train
2806,2806,1139.0,lot16827,Edge-Loc,wf_image_2806.png,test
2807,2807,1074.0,lot44164,Edge-Ring,wf_image_2807.png,train
2808,2808,518.0,lot43902,Edge-Loc,wf_image_2808.png,train
2809,2809,1109.0,lot45539,Scratch,wf_image_2809.png,train
2810,2810,1075.0,lot2527,Edge-Ring,wf_image_2810.png,train
2811,2811,3036.0,lot11857,Edge-Ring,wf_image_2811.png,train
2812,2812,518.0,lot44905,Center,wf_image_2812.png,train
2813,2813,2126.0,lot20730,Edge-Ring,wf_image_2813.png,test
2814,2814,3927.0,lot9151,Edge-Ring,wf_image_2814.png,train
2815,2815,939.0,lot6060,Center,wf_image_2815.png,test
2816,2816,1060.0,lot47434,Edge-Loc,wf_image_2816.png,train
2817,2817,845.0,lot42335,Scratch,wf_image_2817.png,train
2818,2818,1801.0,lot4646,Edge-Loc,wf_image_2818.png,train
2819,2819,3036.0,lot11968,Edge-Ring,wf_image_2819.png,train
2820,2820,1658.0,lot16605,Edge-Ring,wf_image_2820.png,train
2821,2821,776.0,lot40845,Center,wf_image_2821.png,train
2822,2822,518.0,lot43984,Edge-Ring,wf_image_2822.png,test
2823,2823,515.0,lot36885,Center,wf_image_2823.png,train
2824,2824,1376.0,lot45830,Scratch,wf_image_2824.png,test
2825,2825,3927.0,lot9147,Edge-Ring,wf_image_2825.png,train
2826,2826,1800.0,lot4642,Edge-Loc,wf_image_2826.png,train
2827,2827,2126.0,lot20731,Edge-Ring,wf_image_2827.png,test
2828,2828,515.0,lot36695,Center,wf_image_2828.png,test
2829,2829,733.0,lot35140,Random,wf_image_2829.png,train
2830,2830,939.0,lot6020,Edge-Loc,wf_image_2830.png,test
2831,2831,1075.0,lot2507,Edge-Ring,wf_image_2831.png,test
2832,2832,515.0,lot39558,Center,wf_image_2832.png,train
2833,2833,1139.0,lot42799,Donut,wf_image_2833.png,train
2834,2834,515.0,lot36764,Center,wf_image_2834.png,train
2835,2835,490.0,lot45065,Edge-Loc,wf_image_2835.png,train
2836,2836,741.0,lot2861,Edge-Ring,wf_image_2836.png,train
2837,2837,1334.0,lot45976,Scratch,wf_image_2837.png,train
2838,2838,1075.0,lot2149,Edge-Ring,wf_image_2838.png,train
2839,2839,1658.0,lot16607,Edge-Ring,wf_image_2839.png,train
2840,2840,1801.0,lot4705,Edge-Loc,wf_image_2840.png,test
2841,2841,1376.0,lot45888,Scratch,wf_image_2841.png,train
2842,2842,1080.0,lot18746,Edge-Ring,wf_image_2842.png,train
2843,2843,1075.0,lot12908,Edge-Ring,wf_image_2843.png,train
2844,2844,1801.0,lot8861,Edge-Ring,wf_image_2844.png,train
2845,2845,562.0,lot47100,Edge-Loc,wf_image_2845.png,train
2846,2846,1801.0,lot5911,Edge-Loc,wf_image_2846.png,cal
2847,2847,533.0,lot40589,Edge-Loc,wf_image_2847.png,test
2848,2848,564.0,lot24229,Center,wf_image_2848.png,test
2849,2849,2126.0,lot20738,Edge-Ring,wf_image_2849.png,train
2850,2850,2126.0,lot20733,Edge-Ring,wf_image_2850.png,train
2851,2851,12662.0,lot19856,Edge-Ring,wf_image_2851.png,train
2852,2852,1421.0,lot44772,Edge-Ring,wf_image_2852.png,train
2853,2853,846.0,lot5648,Edge-Loc,wf_image_2853.png,train
2854,2854,1421.0,lot44810,Edge-Ring,wf_image_2854.png,test
2855,2855,516.0,lot43080,Center,wf_image_2855.png,val
2856,2856,1253.0,lot2691,Edge-Ring,wf_image_2856.png,train
2857,2857,515.0,lot36908,Center,wf_image_2857.png,cal
2858,2858,1999.0,lot14768,Edge-Ring,wf_image_2858.png,cal
2859,2859,2126.0,lot18022,Edge-Ring,wf_image_2859.png,test
2860,2860,1109.0,lot45352,Random,wf_image_2860.png,train
2861,2861,939.0,lot6220,Edge-Loc,wf_image_2861.png,train
2862,2862,846.0,lot38810,Random,wf_image_2862.png,train
2863,2863,12662.0,lot19855,Edge-Ring,wf_image_2863.png,cal
2864,2864,533.0,lot163,Loc,wf_image_2864.png,cal
2865,2865,1129.0,lot11885,Edge-Ring,wf_image_2865.png,train
2866,2866,515.0,lot36951,Center,wf_image_2866.png,test
2867,2867,1658.0,lot18375,Edge-Ring,wf_image_2867.png,test
2868,2868,533.0,lot127,Near-full,wf_image_2868.png,cal
2869,2869,600.0,lot47539,Scratch,wf_image_2869.png,train
2870,2870,2126.0,lot21040,Edge-Ring,wf_image_2870.png,train
2871,2871,3036.0,lot11877,Edge-Ring,wf_image_2871.png,val
2872,2872,560.0,lot47048,Scratch,wf_image_2872.png,train
2873,2873,1334.0,lot17116,Center,wf_image_2873.png,train
2874,2874,1075.0,lot2505,Edge-Ring,wf_image_2874.png,test
2875,2875,3036.0,lot10182,Edge-Ring,wf_image_2875.png,train
2876,2876,1349.0,lot2425,Random,wf_image_2876.png,train
2877,2877,939.0,lot6059,Center,wf_image_2877.png,test
2878,2878,1075.0,lot23106,Edge-Ring,wf_image_2878.png,test
2879,2879,939.0,lot3894,Edge-Loc,wf_image_2879.png,train
2880,2880,1075.0,lot2150,Edge-Ring,wf_image_2880.png,train
2881,2881,518.0,lot44001,Center,wf_image_2881.png,train
2882,2882,1129.0,lot42660,Scratch,wf_image_2882.png,val
2883,2883,3036.0,lot11970,Edge-Ring,wf_image_2883.png,train
2884,2884,2126.0,lot22476,Edge-Ring,wf_image_2884.png,test
2885,2885,1334.0,lot17174,Donut,wf_image_2885.png,cal
2886,2886,1075.0,lot2516,Edge-Ring,wf_image_2886.png,train
2887,2887,600.0,lot47487,Edge-Ring,wf_image_2887.png,train
2888,2888,2126.0,lot22474,Edge-Ring,wf_image_2888.png,test
2889,2889,1349.0,lot2432,Random,wf_image_2889.png,train
2890,2890,516.0,lot43578,Edge-Loc,wf_image_2890.png,test
2891,2891,733.0,lot26836,Edge-Ring,wf_image_2891.png,val
2892,2892,3036.0,lot10183,Edge-Ring,wf_image_2892.png,train
2893,2893,1075.0,lot2516,Edge-Ring,wf_image_2893.png,train
2894,2894,1376.0,lot24564,Donut,wf_image_2894.png,test
2895,2895,2126.0,lot21581,Edge-Ring,wf_image_2895.png,val
2896,2896,518.0,lot43959,Edge-Ring,wf_image_2896.png,test
2897,2897,1421.0,lot44775,Edge-Ring,wf_image_2897.png,train
2898,2898,1075.0,lot23099,Edge-Ring,wf_image_2898.png,cal
2899,2899,1421.0,lot44783,Edge-Ring,wf_image_2899.png,test
2900,2900,515.0,lot10290,Center,wf_image_2900.png,train
2901,2901,1080.0,lot26468,Edge-Loc,wf_image_2901.png,train
2902,2902,3036.0,lot11965,Edge-Ring,wf_image_2902.png,train
2903,2903,1801.0,lot5901,Edge-Loc,wf_image_2903.png,test
2904,2904,533.0,lot40395,Near-full,wf_image_2904.png,train
2905,2905,741.0,lot44279,Random,wf_image_2905.png,train
2906,2906,1109.0,lot45385,Center,wf_image_2906.png,train
2907,2907,518.0,lot44894,Random,wf_image_2907.png,train
2908,2908,515.0,lot36864,Center,wf_image_2908.png,cal
2909,2909,533.0,lot40602,Loc,wf_image_2909.png,train
2910,2910,741.0,lot44229,Scratch,wf_image_2910.png,train
2911,2911,1075.0,lot13965,Edge-Ring,wf_image_2911.png,train
2912,2912,741.0,lot44492,Edge-Loc,wf_image_2912.png,train
2913,2913,1334.0,lot23199,Center,wf_image_2913.png,val
2914,2914,564.0,lot24232,Center,wf_image_2914.png,train
2915,2915,1376.0,lot45747,Edge-Loc,wf_image_2915.png,train
2916,2916,1658.0,lot16607,Edge-Ring,wf_image_2916.png,train
2917,2917,1080.0,lot21661,Loc,wf_image_2917.png,test
2918,2918,2126.0,lot20906,Edge-Ring,wf_image_2918.png,train
2919,2919,1658.0,lot16536,Edge-Ring,wf_image_2919.png,train
2920,2920,3036.0,lot10185,Edge-Ring,wf_image_2920.png,val
2921,2921,741.0,lot44404,Edge-Ring,wf_image_2921.png,test
2922,2922,1658.0,lot23844,Edge-Ring,wf_image_2922.png,train
2923,2923,845.0,lot42242,Loc,wf_image_2923.png,test
2924,2924,939.0,lot3850,Edge-Loc,wf_image_2924.png,train
2925,2925,515.0,lot36549,Center,wf_image_2925.png,train
2926,2926,516.0,lot43059,Edge-Loc,wf_image_2926.png,cal
2927,2927,1376.0,lot45729,Edge-Ring,wf_image_2927.png,train
2928,2928,1334.0,lot17148,Donut,wf_image_2928.png,train
2929,2929,1129.0,lot9344,Edge-Ring,wf_image_2929.png,cal
2930,2930,741.0,lot44315,Edge-Loc,wf_image_2930.png,val
2931,2931,515.0,lot35944,Center,wf_image_2931.png,train
2932,2932,1075.0,lot2511,Edge-Ring,wf_image_2932.png,val
2933,2933,2126.0,lot22478,Edge-Ring,wf_image_2933.png,train
2934,2934,515.0,lot37012,Center,wf_image_2934.png,train
2935,2935,533.0,lot40553,Random,wf_image_2935.png,train
2936,2936,741.0,lot44459,Edge-Loc,wf_image_2936.png,train
2937,2937,904.0,lot45638,Center,wf_image_2937.png,test
2938,2938,733.0,lot39452,Center,wf_image_2938.png,train
2939,2939,3036.0,lot11966,Edge-Ring,wf_image_2939.png,train
2940,2940,562.0,lot46801,Edge-Ring,wf_image_2940.png,train
2941,2941,1109.0,lot45393,Loc,wf_image_2941.png,train
2942,2942,846.0,lot5298,Edge-Loc,wf_image_2942.png,cal
2943,2943,904.0,lot45632,Center,wf_image_2943.png,val
2944,2944,904.0,lot45629,Scratch,wf_image_2944.png,train
2945,2945,2126.0,lot22479,Edge-Ring,wf_image_2945.png,val
2946,2946,2126.0,lot20133,Edge-Ring,wf_image_2946.png,train
2947,2947,1075.0,lot2498,Edge-Ring,wf_image_2947.png,train
2948,2948,1080.0,lot23498,Donut,wf_image_2948.png,test
2949,2949,776.0,lot40895,Loc,wf_image_2949.png,train
2950,2950,710.0,lot27231,Edge-Ring,wf_image_2950.png,train
2951,2951,1075.0,lot13969,Edge-Ring,wf_image_2951.png,test
2952,2952,1658.0,lot23844,Edge-Ring,wf_image_2952.png,train
2953,2953,1349.0,lot2375,Random,wf_image_2953.png,test
2954,2954,1075.0,lot23101,Edge-Ring,wf_image_2954.png,val
2955,2955,1075.0,lot2508,Edge-Ring,wf_image_2955.png,train
2956,2956,1658.0,lot16600,Edge-Ring,wf_image_2956.png,val
2957,2957,12662.0,lot17000,Edge-Ring,wf_image_2957.png,train
2958,2958,2126.0,lot20736,Edge-Ring,wf_image_2958.png,cal
2959,2959,533.0,lot276,Scratch,wf_image_2959.png,train
2960,2960,533.0,lot167,Random,wf_image_2960.png,cal
2961,2961,515.0,lot36901,Center,wf_image_2961.png,train
2962,2962,600.0,lot47537,Edge-Loc,wf_image_2962.png,train
2963,2963,844.0,lot42367,Loc,wf_image_2963.png,train
2964,2964,1109.0,lot45590,Scratch,wf_image_2964.png,val
2965,2965,562.0,lot47118,Scratch,wf_image_2965.png,train
2966,2966,1109.0,lot45453,Random,wf_image_2966.png,test
2967,2967,2126.0,lot18017,Edge-Ring,wf_image_2967.png,train
2968,2968,1075.0,lot13966,Edge-Ring,wf_image_2968.png,test
2969,2969,2126.0,lot21041,Edge-Ring,wf_image_2969.png,train
2970,2970,600.0,lot47489,Edge-Loc,wf_image_2970.png,train
2971,2971,1291.0,lot11987,Edge-Ring,wf_image_2971.png,cal
2972,2972,3927.0,lot9147,Edge-Ring,wf_image_2972.png,train
2973,2973,515.0,lot32865,Center,wf_image_2973.png,test
2974,2974,3927.0,lot9148,Edge-Ring,wf_image_2974.png,train
2975,2975,1334.0,lot17143,Donut,wf_image_2975.png,train
2976,2976,515.0,lot37003,Center,wf_image_2976.png,train
2977,2977,3036.0,lot11970,Edge-Ring,wf_image_2977.png,train
2978,2978,1334.0,lot17130,Donut,wf_image_2978.png,train
2979,2979,1421.0,lot44781,Edge-Ring,wf_image_2979.png,val
2980,2980,515.0,lot36947,Edge-Loc,wf_image_2980.png,test
2981,2981,515.0,lot10354,Center,wf_image_2981.png,train
2982,2982,3036.0,lot9334,Edge-Ring,wf_image_2982.png,train
2983,2983,1334.0,lot17154,Donut,wf_image_2983.png,test
2984,2984,515.0,lot35918,Center,wf_image_2984.png,val
2985,2985,1075.0,lot2502,Edge-Ring,wf_image_2985.png,val
2986,2986,562.0,lot46786,Loc,wf_image_2986.png,test
2987,2987,515.0,lot39611,Center,wf_image_2987.png,test
2988,2988,518.0,lot44976,Center,wf_image_2988.png,train
2989,2989,1421.0,lot17372,Random,wf_image_2989.png,train
2990,2990,842.0,lot42332,Donut,wf_image_2990.png,train
2991,2991,2126.0,lot20910,Edge-Ring,wf_image_2991.png,train
2992,2992,1109.0,lot45520,Edge-Loc,wf_image_2992.png,test
2993,2993,1075.0,lot23097,Edge-Ring,wf_image_2993.png,train
2994,2994,518.0,lot43960,Edge-Ring,wf_image_2994.png,val
2995,2995,600.0,lot47541,Edge-Loc,wf_image_2995.png,val
2996,2996,710.0,lot38199,Edge-Loc,wf_image_2996.png,train
2997,2997,1226.0,lot23658,Center,wf_image_2997.png,cal
2998,2998,533.0,lot40553,Random,wf_image_2998.png,test
2999,2999,1801.0,lot6705,Edge-Loc,wf_image_2999.png,train
3000,3000,3036.0,lot2074,Edge-Ring,wf_image_3000.png,train
3001,3001,3036.0,lot12761,Edge-Ring,wf_image_3001.png,train
3002,3002,1421.0,lot44803,Edge-Ring,wf_image_3002.png,cal
3003,3003,533.0,lot42159,Loc,wf_image_3003.png,train
3004,3004,846.0,lot5391,Edge-Loc,wf_image_3004.png,train
3005,3005,1349.0,lot2420,Random,wf_image_3005.png,train
3006,3006,845.0,lot42296,Edge-Loc,wf_image_3006.png,test
3007,3007,1080.0,lot21636,Loc,wf_image_3007.png,test
3008,3008,1075.0,lot13967,Edge-Ring,wf_image_3008.png,val
3009,3009,1075.0,lot13959,Edge-Ring,wf_image_3009.png,train
3010,3010,600.0,lot47487,Scratch,wf_image_3010.png,test
3011,3011,2126.0,lot22471,Edge-Ring,wf_image_3011.png,test
3012,3012,1109.0,lot45575,Near-full,wf_image_3012.png,cal
3013,3013,12662.0,lot20604,Edge-Ring,wf_image_3013.png,test
3014,3014,1421.0,lot16330,Random,wf_image_3014.png,train
3015,3015,1658.0,lot16600,Edge-Ring,wf_image_3015.png,train
3016,3016,515.0,lot39699,Center,wf_image_3016.png,train
3017,3017,1999.0,lot15009,Edge-Ring,wf_image_3017.png,train
3018,3018,3036.0,lot12750,Edge-Ring,wf_image_3018.png,train
3019,3019,516.0,lot43361,Edge-Loc,wf_image_3019.png,train
3020,3020,845.0,lot42269,Loc,wf_image_3020.png,train
3021,3021,1999.0,lot14524,Edge-Ring,wf_image_3021.png,train
3022,3022,564.0,lot24235,Center,wf_image_3022.png,train
3023,3023,12662.0,lot24524,Edge-Ring,wf_image_3023.png,test
3024,3024,12662.0,lot19858,Edge-Ring,wf_image_3024.png,train
3025,3025,518.0,lot45259,Edge-Loc,wf_image_3025.png,train
3026,3026,939.0,lot6119,Edge-Loc,wf_image_3026.png,val
3027,3027,844.0,lot42253,Center,wf_image_3027.png,val
3028,3028,1421.0,lot44811,Edge-Ring,wf_image_3028.png,test
3029,3029,515.0,lot36766,Center,wf_image_3029.png,train
3030,3030,600.0,lot47537,Loc,wf_image_3030.png,cal
3031,3031,2126.0,lot21038,Edge-Ring,wf_image_3031.png,cal
3032,3032,1421.0,lot44789,Edge-Loc,wf_image_3032.png,test
3033,3033,843.0,lot42310,Near-full,wf_image_3033.png,train
3034,3034,516.0,lot43545,Edge-Loc,wf_image_3034.png,test
3035,3035,515.0,lot36783,Center,wf_image_3035.png,cal
3036,3036,1658.0,lot16598,Edge-Loc,wf_image_3036.png,cal
3037,3037,1349.0,lot2377,Random,wf_image_3037.png,test
3038,3038,1129.0,lot42675,Edge-Loc,wf_image_3038.png,test
3039,3039,1109.0,lot45576,Donut,wf_image_3039.png,cal
3040,3040,1334.0,lot17116,Donut,wf_image_3040.png,test
3041,3041,533.0,lot40556,Random,wf_image_3041.png,train
3042,3042,1129.0,lot42647,Scratch,wf_image_3042.png,test
3043,3043,712.0,lot27513,Edge-Ring,wf_image_3043.png,train
3044,3044,1376.0,lot45887,Loc,wf_image_3044.png,train
3045,3045,562.0,lot46793,Edge-Loc,wf_image_3045.png,test
3046,3046,845.0,lot42215,Loc,wf_image_3046.png,train
3047,3047,533.0,lot287,Loc,wf_image_3047.png,train
3048,3048,904.0,lot45622,Center,wf_image_3048.png,train
3049,3049,776.0,lot40883,Edge-Loc,wf_image_3049.png,train
3050,3050,1109.0,lot45450,Random,wf_image_3050.png,cal
3051,3051,1334.0,lot17178,Donut,wf_image_3051.png,cal
3052,3052,1376.0,lot45838,Edge-Loc,wf_image_3052.png,train
3053,3053,904.0,lot45632,Center,wf_image_3053.png,train
3054,3054,516.0,lot42988,Random,wf_image_3054.png,train
3055,3055,1075.0,lot12907,Edge-Ring,wf_image_3055.png,test
3056,3056,712.0,lot39212,Random,wf_image_3056.png,val
3057,3057,3036.0,lot12766,Edge-Ring,wf_image_3057.png,val
3058,3058,843.0,lot42316,Loc,wf_image_3058.png,train
3059,3059,1080.0,lot23180,Edge-Loc,wf_image_3059.png,train
3060,3060,515.0,lot36913,Center,wf_image_3060.png,test
3061,3061,2126.0,lot20905,Edge-Ring,wf_image_3061.png,test
3062,3062,2126.0,lot20908,Edge-Ring,wf_image_3062.png,train
3063,3063,776.0,lot40917,Loc,wf_image_3063.png,cal
3064,3064,1075.0,lot23104,Edge-Ring,wf_image_3064.png,train
3065,3065,733.0,lot39480,Center,wf_image_3065.png,train
3066,3066,518.0,lot44959,Edge-Loc,wf_image_3066.png,train
3067,3067,3036.0,lot12768,Edge-Ring,wf_image_3067.png,test
3068,3068,1421.0,lot44797,Edge-Ring,wf_image_3068.png,train
3069,3069,1658.0,lot16607,Edge-Ring,wf_image_3069.png,train
3070,3070,3036.0,lot9334,Edge-Ring,wf_image_3070.png,train
3071,3071,1075.0,lot44170,Edge-Ring,wf_image_3071.png,train
3072,3072,939.0,lot5945,Center,wf_image_3072.png,train
3073,3073,3036.0,lot12769,Edge-Ring,wf_image_3073.png,cal
3074,3074,515.0,lot36786,Center,wf_image_3074.png,val
3075,3075,741.0,lot2173,Edge-Loc,wf_image_3075.png,val
3076,3076,3927.0,lot2534,Edge-Ring,wf_image_3076.png,cal
3077,3077,3036.0,lot2075,Edge-Ring,wf_image_3077.png,train
3078,3078,1334.0,lot45950,Edge-Loc,wf_image_3078.png,train
3079,3079,12662.0,lot19862,Random,wf_image_3079.png,train
3080,3080,3927.0,lot10009,Edge-Ring,wf_image_3080.png,train
3081,3081,845.0,lot42370,Loc,wf_image_3081.png,train
3082,3082,1421.0,lot44798,Edge-Ring,wf_image_3082.png,train
3083,3083,515.0,lot36829,Center,wf_image_3083.png,train
3084,3084,1999.0,lot15045,Edge-Ring,wf_image_3084.png,test
3085,3085,12662.0,lot19839,Edge-Ring,wf_image_3085.png,val
3086,3086,1075.0,lot2499,Edge-Ring,wf_image_3086.png,train
3087,3087,845.0,lot42288,Donut,wf_image_3087.png,test
3088,3088,712.0,lot41678,Loc,wf_image_3088.png,cal
3089,3089,1376.0,lot45884,Scratch,wf_image_3089.png,val
3090,3090,1075.0,lot2502,Edge-Ring,wf_image_3090.png,train
3091,3091,904.0,lot45634,Random,wf_image_3091.png,train
3092,3092,712.0,lot35879,Center,wf_image_3092.png,val
3093,3093,1349.0,lot2434,Random,wf_image_3093.png,test
3094,3094,904.0,lot45625,Loc,wf_image_3094.png,cal
3095,3095,733.0,lot31744,Edge-Ring,wf_image_3095.png,cal
3096,3096,1075.0,lot12907,Edge-Ring,wf_image_3096.png,train
3097,3097,1060.0,lot47304,Scratch,wf_image_3097.png,test
3098,3098,518.0,lot45278,Donut,wf_image_3098.png,val
3099,3099,2126.0,lot20737,Edge-Ring,wf_image_3099.png,train
3100,3100,2126.0,lot20737,Edge-Ring,wf_image_3100.png,test
3101,3101,1109.0,lot45362,Scratch,wf_image_3101.png,train
3102,3102,515.0,lot35947,Center,wf_image_3102.png,test
3103,3103,1080.0,lot21485,Random,wf_image_3103.png,cal
3104,3104,1075.0,lot13959,Edge-Ring,wf_image_3104.png,train
3105,3105,562.0,lot46741,Loc,wf_image_3105.png,train
3106,3106,559.0,lot46782,Scratch,wf_image_3106.png,train
3107,3107,533.0,lot234,Edge-Loc,wf_image_3107.png,train
3108,3108,776.0,lot40937,Edge-Loc,wf_image_3108.png,train
3109,3109,562.0,lot46870,Random,wf_image_3109.png,train
3110,3110,1376.0,lot45728,Edge-Loc,wf_image_3110.png,train
3111,3111,1334.0,lot17143,Donut,wf_image_3111.png,train
3112,3112,845.0,lot42232,Loc,wf_image_3112.png,train
3113,3113,2126.0,lot18017,Edge-Ring,wf_image_3113.png,train
3114,3114,3927.0,lot2155,Edge-Ring,wf_image_3114.png,test
3115,3115,776.0,lot41023,Loc,wf_image_3115.png,cal
3116,3116,1080.0,lot23181,Edge-Loc,wf_image_3116.png,cal
3117,3117,846.0,lot7340,Center,wf_image_3117.png,test
3118,3118,515.0,lot35921,Center,wf_image_3118.png,test
3119,3119,1421.0,lot44775,Edge-Ring,wf_image_3119.png,train
3120,3120,515.0,lot33095,Center,wf_image_3120.png,train
3121,3121,562.0,lot47201,Edge-Loc,wf_image_3121.png,train
3122,3122,3036.0,lot12750,Edge-Ring,wf_image_3122.png,test
3123,3123,1421.0,lot44810,Edge-Loc,wf_image_3123.png,train
3124,3124,515.0,lot36673,Center,wf_image_3124.png,val
3125,3125,562.0,lot46993,Loc,wf_image_3125.png,val
3126,3126,3036.0,lot11966,Edge-Ring,wf_image_3126.png,train
3127,3127,515.0,lot36951,Center,wf_image_3127.png,train
3128,3128,1109.0,lot45399,Edge-Loc,wf_image_3128.png,val
3129,3129,776.0,lot41061,Edge-Loc,wf_image_3129.png,test
3130,3130,1109.0,lot45314,Edge-Loc,wf_image_3130.png,train
3131,3131,515.0,lot36921,Center,wf_image_3131.png,train
3132,3132,1226.0,lot23639,Center,wf_image_3132.png,train
3133,3133,1075.0,lot12907,Edge-Ring,wf_image_3133.png,test
3134,3134,515.0,lot36657,Center,wf_image_3134.png,cal
3135,3135,518.0,lot43963,Loc,wf_image_3135.png,cal
3136,3136,1291.0,lot12743,Edge-Ring,wf_image_3136.png,train
3137,3137,2126.0,lot20910,Edge-Ring,wf_image_3137.png,train
3138,3138,1658.0,lot16600,Edge-Ring,wf_image_3138.png,train
3139,3139,1075.0,lot13964,Edge-Ring,wf_image_3139.png,train
3140,3140,533.0,lot40472,Loc,wf_image_3140.png,test
3141,3141,1139.0,lot42792,Scratch,wf_image_3141.png,cal
3142,3142,1421.0,lot44810,Edge-Ring,wf_image_3142.png,cal
3143,3143,2126.0,lot20911,Edge-Ring,wf_image_3143.png,train
3144,3144,1075.0,lot2497,Edge-Ring,wf_image_3144.png,train
3145,3145,2126.0,lot20728,Edge-Ring,wf_image_3145.png,train
3146,3146,1075.0,lot2149,Edge-Ring,wf_image_3146.png,test
3147,3147,3036.0,lot12750,Edge-Ring,wf_image_3147.png,train
3148,3148,741.0,lot44444,Random,wf_image_3148.png,train
3149,3149,562.0,lot46795,Scratch,wf_image_3149.png,train
3150,3150,515.0,lot36752,Center,wf_image_3150.png,train
3151,3151,515.0,lot36873,Center,wf_image_3151.png,cal
3152,3152,515.0,lot36687,Center,wf_image_3152.png,train
3153,3153,1226.0,lot23595,Center,wf_image_3153.png,test
3154,3154,515.0,lot36678,Center,wf_image_3154.png,train
3155,3155,1129.0,lot5687,Edge-Loc,wf_image_3155.png,cal
3156,3156,1109.0,lot45306,Edge-Loc,wf_image_3156.png,test
3157,3157,1334.0,lot17127,Loc,wf_image_3157.png,test
3158,3158,1421.0,lot44811,Edge-Ring,wf_image_3158.png,train
3159,3159,516.0,lot42926,Loc,wf_image_3159.png,cal
3160,3160,733.0,lot39441,Center,wf_image_3160.png,val
3161,3161,904.0,lot45647,Scratch,wf_image_3161.png,cal
3162,3162,904.0,lot45628,Center,wf_image_3162.png,train
3163,3163,1376.0,lot45887,Scratch,wf_image_3163.png,val
3164,3164,533.0,lot40436,Loc,wf_image_3164.png,train
3165,3165,1109.0,lot45434,Edge-Loc,wf_image_3165.png,train
3166,3166,1075.0,lot2495,Edge-Ring,wf_image_3166.png,train
3167,3167,515.0,lot39557,Center,wf_image_3167.png,test
3168,3168,1658.0,lot18375,Edge-Ring,wf_image_3168.png,train
3169,3169,1376.0,lot45715,Edge-Ring,wf_image_3169.png,test
3170,3170,12662.0,lot19856,Edge-Ring,wf_image_3170.png,train
3171,3171,3036.0,lot11879,Edge-Ring,wf_image_3171.png,val
3172,3172,844.0,lot42207,Donut,wf_image_3172.png,train
3173,3173,515.0,lot36718,Center,wf_image_3173.png,val
3174,3174,518.0,lot44947,Donut,wf_image_3174.png,test
3175,3175,1075.0,lot2504,Edge-Ring,wf_image_3175.png,train
3176,3176,533.0,lot270,Random,wf_image_3176.png,cal
3177,3177,2126.0,lot21042,Edge-Ring,wf_image_3177.png,cal
3178,3178,776.0,lot8101,Edge-Loc,wf_image_3178.png,train
3179,3179,846.0,lot38810,Random,wf_image_3179.png,cal
3180,3180,1075.0,lot12905,Edge-Ring,wf_image_3180.png,cal
3181,3181,1075.0,lot23108,Edge-Ring,wf_image_3181.png,test
3182,3182,562.0,lot46798,Edge-Loc,wf_image_3182.png,test
3183,3183,1421.0,lot44775,Edge-Ring,wf_image_3183.png,cal
3184,3184,515.0,lot37027,Center,wf_image_3184.png,train
3185,3185,515.0,lot36669,Center,wf_image_3185.png,train
3186,3186,1075.0,lot2514,Edge-Ring,wf_image_3186.png,train
3187,3187,1334.0,lot17176,Donut,wf_image_3187.png,cal
3188,3188,1291.0,lot11988,Edge-Ring,wf_image_3188.png,train
3189,3189,904.0,lot45623,Edge-Loc,wf_image_3189.png,train
3190,3190,776.0,lot40941,Edge-Loc,wf_image_3190.png,train
3191,3191,1109.0,lot45406,Edge-Loc,wf_image_3191.png,test
3192,3192,562.0,lot47104,Edge-Ring,wf_image_3192.png,train
3193,3193,845.0,lot42265,Donut,wf_image_3193.png,val
3194,3194,1075.0,lot12910,Edge-Ring,wf_image_3194.png,train
3195,3195,846.0,lot36297,Edge-Loc,wf_image_3195.png,train
3196,3196,533.0,lot40450,Edge-Loc,wf_image_3196.png,train
3197,3197,1075.0,lot13969,Edge-Ring,wf_image_3197.png,train
3198,3198,2126.0,lot21559,Edge-Ring,wf_image_3198.png,train
3199,3199,1080.0,lot21511,Edge-Ring,wf_image_3199.png,train
3200,3200,776.0,lot40946,Loc,wf_image_3200.png,train
3201,3201,2126.0,lot20733,Edge-Ring,wf_image_3201.png,train
3202,3202,1075.0,lot2518,Edge-Ring,wf_image_3202.png,train
3203,3203,843.0,lot42333,Loc,wf_image_3203.png,test
3204,3204,3036.0,lot12761,Edge-Ring,wf_image_3204.png,test
3205,3205,1080.0,lot21777,Random,wf_image_3205.png,train
3206,3206,12662.0,lot17263,Edge-Ring,wf_image_3206.png,train
3207,3207,600.0,lot47542,Edge-Ring,wf_image_3207.png,train
3208,3208,2126.0,lot18023,Edge-Ring,wf_image_3208.png,train
3209,3209,1075.0,lot12909,Edge-Ring,wf_image_3209.png,train
3210,3210,1334.0,lot45952,Loc,wf_image_3210.png,cal
3211,3211,533.0,lot40330,Loc,wf_image_3211.png,val
3212,3212,516.0,lot43252,Edge-Loc,wf_image_3212.png,cal
3213,3213,733.0,lot35104,Center,wf_image_3213.png,train
3214,3214,1334.0,lot17111,Loc,wf_image_3214.png,cal
3215,3215,515.0,lot10297,Center,wf_image_3215.png,train
3216,3216,516.0,lot43573,Loc,wf_image_3216.png,val
3217,3217,1080.0,lot23175,Random,wf_image_3217.png,train
3218,3218,939.0,lot6060,Center,wf_image_3218.png,train
3219,3219,515.0,lot39595,Center,wf_image_3219.png,train
3220,3220,2126.0,lot18376,Edge-Ring,wf_image_3220.png,train
3221,3221,1129.0,lot11023,Center,wf_image_3221.png,train
3222,3222,2126.0,lot20733,Edge-Ring,wf_image_3222.png,test
3223,3223,2126.0,lot18018,Edge-Ring,wf_image_3223.png,val
3224,3224,1999.0,lot14527,Edge-Ring,wf_image_3224.png,test
3225,3225,1658.0,lot23110,Edge-Ring,wf_image_3225.png,train
3226,3226,515.0,lot10397,Center,wf_image_3226.png,val
3227,3227,2126.0,lot20134,Edge-Ring,wf_image_3227.png,val
3228,3228,3927.0,lot2153,Edge-Ring,wf_image_3228.png,test
3229,3229,562.0,lot46751,Edge-Loc,wf_image_3229.png,train
3230,3230,2126.0,lot18019,Edge-Ring,wf_image_3230.png,test
3231,3231,1075.0,lot2523,Edge-Ring,wf_image_3231.png,cal
3232,3232,2126.0,lot21041,Edge-Ring,wf_image_3232.png,test
3233,3233,1291.0,lot11987,Edge-Ring,wf_image_3233.png,train
3234,3234,600.0,lot47508,Edge-Loc,wf_image_3234.png,cal
3235,3235,846.0,lot5644,Edge-Loc,wf_image_3235.png,cal
3236,3236,1999.0,lot14822,Edge-Ring,wf_image_3236.png,train
3237,3237,845.0,lot42211,Center,wf_image_3237.png,cal
3238,3238,1334.0,lot17137,Donut,wf_image_3238.png,train
3239,3239,1080.0,lot21463,Random,wf_image_3239.png,cal
3240,3240,516.0,lot43559,Edge-Ring,wf_image_3240.png,train
3241,3241,1376.0,lot45838,Edge-Loc,wf_image_3241.png,val
3242,3242,515.0,lot36607,Edge-Loc,wf_image_3242.png,test
3243,3243,1109.0,lot45563,Scratch,wf_image_3243.png,train
3244,3244,1075.0,lot44163,Edge-Ring,wf_image_3244.png,test
3245,3245,712.0,lot39144,Loc,wf_image_3245.png,cal
3246,3246,710.0,lot33300,Edge-Loc,wf_image_3246.png,train
3247,3247,1075.0,lot2437,Edge-Ring,wf_image_3247.png,val
3248,3248,2126.0,lot22476,Edge-Ring,wf_image_3248.png,train
3249,3249,1075.0,lot2520,Edge-Ring,wf_image_3249.png,cal
3250,3250,3927.0,lot10009,Edge-Ring,wf_image_3250.png,train
3251,3251,1109.0,lot45456,Scratch,wf_image_3251.png,val
3252,3252,2126.0,lot21559,Edge-Ring,wf_image_3252.png,train
3253,3253,1080.0,lot20126,Random,wf_image_3253.png,train
3254,3254,741.0,lot44187,Near-full,wf_image_3254.png,test
3255,3255,1999.0,lot14998,Edge-Ring,wf_image_3255.png,cal
3256,3256,776.0,lot40835,Edge-Loc,wf_image_3256.png,train
3257,3257,533.0,lot40455,Edge-Loc,wf_image_3257.png,train
3258,3258,518.0,lot43957,Loc,wf_image_3258.png,test
3259,3259,1075.0,lot23098,Edge-Ring,wf_image_3259.png,train
3260,3260,515.0,lot10267,Random,wf_image_3260.png,train
3261,3261,1291.0,lot13715,Edge-Ring,wf_image_3261.png,cal
3262,3262,1075.0,lot12908,Edge-Ring,wf_image_3262.png,train
3263,3263,1075.0,lot2496,Edge-Ring,wf_image_3263.png,train
3264,3264,710.0,lot38552,Edge-Loc,wf_image_3264.png,train
3265,3265,515.0,lot11101,Edge-Loc,wf_image_3265.png,train
3266,3266,1801.0,lot4087,Donut,wf_image_3266.png,train
3267,3267,533.0,lot40572,Edge-Ring,wf_image_3267.png,train
3268,3268,1334.0,lot17155,Donut,wf_image_3268.png,cal
3269,3269,3036.0,lot2076,Edge-Ring,wf_image_3269.png,train
3270,3270,844.0,lot42361,Loc,wf_image_3270.png,train
3271,3271,733.0,lot35120,Center,wf_image_3271.png,train
3272,3272,2126.0,lot22471,Edge-Ring,wf_image_3272.png,cal
3273,3273,3927.0,lot9147,Edge-Ring,wf_image_3273.png,val
3274,3274,1334.0,lot17148,Donut,wf_image_3274.png,val
3275,3275,1376.0,lot45786,Loc,wf_image_3275.png,cal
3276,3276,1334.0,lot17154,Center,wf_image_3276.png,train
3277,3277,1075.0,lot23102,Edge-Ring,wf_image_3277.png,test
3278,3278,776.0,lot41145,Edge-Loc,wf_image_3278.png,val
3279,3279,1060.0,lot47403,Scratch,wf_image_3279.png,test
3280,3280,12662.0,lot19851,Edge-Ring,wf_image_3280.png,train
3281,3281,1376.0,lot45708,Edge-Loc,wf_image_3281.png,test
3282,3282,776.0,lot2090,Edge-Loc,wf_image_3282.png,train
3283,3283,515.0,lot36595,Center,wf_image_3283.png,train
3284,3284,12662.0,lot16999,Edge-Ring,wf_image_3284.png,test
3285,3285,515.0,lot33212,Edge-Loc,wf_image_3285.png,test
3286,3286,1109.0,lot45315,Edge-Loc,wf_image_3286.png,val
3287,3287,1334.0,lot17174,Donut,wf_image_3287.png,train
3288,3288,776.0,lot40817,Donut,wf_image_3288.png,train
3289,3289,2126.0,lot22475,Edge-Ring,wf_image_3289.png,train
3290,3290,533.0,lot42144,Random,wf_image_3290.png,train
3291,3291,741.0,lot2340,Edge-Ring,wf_image_3291.png,cal
3292,3292,1109.0,lot45572,Near-full,wf_image_3292.png,val
3293,3293,741.0,lot44193,Near-full,wf_image_3293.png,train
3294,3294,710.0,lot38278,Loc,wf_image_3294.png,train
3295,3295,1349.0,lot2423,Random,wf_image_3295.png,test
3296,3296,2126.0,lot22473,Edge-Ring,wf_image_3296.png,train
3297,3297,515.0,lot39691,Center,wf_image_3297.png,train
3298,3298,1999.0,lot14527,Edge-Ring,wf_image_3298.png,cal
3299,3299,515.0,lot36633,Center,wf_image_3299.png,train
3300,3300,515.0,lot32775,Center,wf_image_3300.png,test
3301,3301,1421.0,lot44783,Edge-Ring,wf_image_3301.png,train
3302,3302,2126.0,lot20909,Edge-Ring,wf_image_3302.png,cal
3303,3303,515.0,lot36783,Center,wf_image_3303.png,train
3304,3304,2126.0,lot22478,Edge-Ring,wf_image_3304.png,cal
3305,3305,3036.0,lot9334,Edge-Ring,wf_image_3305.png,cal
3306,3306,515.0,lot36902,Center,wf_image_3306.png,train
3307,3307,845.0,lot42243,Donut,wf_image_3307.png,train
3308,3308,3036.0,lot11880,Edge-Ring,wf_image_3308.png,train
3309,3309,741.0,lot44415,Edge-Loc,wf_image_3309.png,train
3310,3310,515.0,lot10295,Center,wf_image_3310.png,train
3311,3311,3036.0,lot12764,Edge-Ring,wf_image_3311.png,train
3312,3312,1999.0,lot14760,Edge-Ring,wf_image_3312.png,train
3313,3313,2126.0,lot20903,Edge-Ring,wf_image_3313.png,train
3314,3314,3036.0,lot12766,Edge-Ring,wf_image_3314.png,train
3315,3315,1999.0,lot15000,Edge-Ring,wf_image_3315.png,test
3316,3316,515.0,lot39621,Center,wf_image_3316.png,train
3317,3317,533.0,lot40500,Loc,wf_image_3317.png,val
3318,3318,515.0,lot36597,Center,wf_image_3318.png,train
3319,3319,1421.0,lot44802,Edge-Ring,wf_image_3319.png,train
3320,3320,516.0,lot43184,Edge-Loc,wf_image_3320.png,train
3321,3321,939.0,lot7884,Random,wf_image_3321.png,cal
3322,3322,939.0,lot3815,Edge-Ring,wf_image_3322.png,train
3323,3323,939.0,lot3844,Edge-Loc,wf_image_3323.png,train
3324,3324,736.0,lot42842,Loc,wf_image_3324.png,test
3325,3325,515.0,lot39557,Center,wf_image_3325.png,cal
3326,3326,1658.0,lot16599,Edge-Ring,wf_image_3326.png,train
3327,3327,1075.0,lot2495,Edge-Ring,wf_image_3327.png,train
3328,3328,600.0,lot47508,Edge-Ring,wf_image_3328.png,train
3329,3329,515.0,lot36754,Center,wf_image_3329.png,cal
3330,3330,1129.0,lot5159,Donut,wf_image_3330.png,train
3331,3331,1658.0,lot16554,Edge-Ring,wf_image_3331.png,train
3332,3332,3036.0,lot10184,Edge-Ring,wf_image_3332.png,val
3333,3333,1801.0,lot5902,Edge-Loc,wf_image_3333.png,train
3334,3334,3927.0,lot10009,Edge-Ring,wf_image_3334.png,test
3335,3335,12662.0,lot17263,Edge-Ring,wf_image_3335.png,train
3336,3336,1139.0,lot15561,Random,wf_image_3336.png,val
3337,3337,3036.0,lot12744,Edge-Ring,wf_image_3337.png,train
3338,3338,3036.0,lot11967,Edge-Ring,wf_image_3338.png,train
3339,3339,1075.0,lot13969,Edge-Ring,wf_image_3339.png,train
3340,3340,515.0,lot36687,Center,wf_image_3340.png,train
3341,3341,3036.0,lot11232,Edge-Ring,wf_image_3341.png,cal
3342,3342,1060.0,lot47425,Scratch,wf_image_3342.png,test
3343,3343,1080.0,lot21745,Edge-Loc,wf_image_3343.png,train
3344,3344,1334.0,lot17102,Random,wf_image_3344.png,test
3345,3345,1376.0,lot45707,Edge-Loc,wf_image_3345.png,train
3346,3346,533.0,lot40400,Edge-Loc,wf_image_3346.png,train
3347,3347,3036.0,lot11631,Edge-Ring,wf_image_3347.png,train
3348,3348,515.0,lot39675,Center,wf_image_3348.png,val
3349,3349,776.0,lot41065,Center,wf_image_3349.png,test
3350,3350,844.0,lot42291,Loc,wf_image_3350.png,train
3351,3351,741.0,lot2380,Edge-Loc,wf_image_3351.png,test
3352,3352,1075.0,lot11590,Edge-Ring,wf_image_3352.png,train
3353,3353,515.0,lot36562,Center,wf_image_3353.png,train
3354,3354,518.0,lot43946,Scratch,wf_image_3354.png,train
3355,3355,741.0,lot44491,Edge-Loc,wf_image_3355.png,train
3356,3356,2126.0,lot22476,Edge-Ring,wf_image_3356.png,val
3357,3357,562.0,lot46787,Edge-Ring,wf_image_3357.png,test
3358,3358,515.0,lot32791,Center,wf_image_3358.png,train
3359,3359,1075.0,lot12909,Edge-Ring,wf_image_3359.png,val
3360,3360,1999.0,lot14524,Edge-Ring,wf_image_3360.png,train
3361,3361,3036.0,lot12756,Edge-Ring,wf_image_3361.png,train
3362,3362,710.0,lot38153,Edge-Loc,wf_image_3362.png,train
3363,3363,1129.0,lot11884,Edge-Ring,wf_image_3363.png,test
3364,3364,844.0,lot7257,Loc,wf_image_3364.png,cal
3365,3365,3927.0,lot2154,Edge-Ring,wf_image_3365.png,test
3366,3366,1109.0,lot45332,Edge-Loc,wf_image_3366.png,train
3367,3367,842.0,lot42259,Random,wf_image_3367.png,train
3368,3368,600.0,lot47490,Edge-Loc,wf_image_3368.png,train
3369,3369,2126.0,lot20909,Edge-Ring,wf_image_3369.png,cal
3370,3370,1129.0,lot42635,Loc,wf_image_3370.png,train
3371,3371,2126.0,lot18022,Edge-Ring,wf_image_3371.png,train
3372,3372,1658.0,lot16606,Edge-Ring,wf_image_3372.png,cal
3373,3373,1334.0,lot17113,Donut,wf_image_3373.png,val
3374,3374,939.0,lot5944,Center,wf_image_3374.png,train
3375,3375,1658.0,lot23844,Edge-Ring,wf_image_3375.png,val
3376,3376,1075.0,lot2498,Edge-Ring,wf_image_3376.png,train
3377,3377,600.0,lot47542,Edge-Ring,wf_image_3377.png,train
3378,3378,2126.0,lot18021,Edge-Ring,wf_image_3378.png,train
3379,3379,515.0,lot39549,Center,wf_image_3379.png,train
3380,3380,1075.0,lot2488,Edge-Ring,wf_image_3380.png,train
3381,3381,518.0,lot44020,Edge-Loc,wf_image_3381.png,val
3382,3382,904.0,lot45638,Loc,wf_image_3382.png,train
3383,3383,1376.0,lot45798,Edge-Loc,wf_image_3383.png,test
3384,3384,1334.0,lot17184,Donut,wf_image_3384.png,val
3385,3385,1334.0,lot45961,Scratch,wf_image_3385.png,train
3386,3386,600.0,lot47528,Edge-Ring,wf_image_3386.png,train
3387,3387,3036.0,lot11966,Edge-Ring,wf_image_3387.png,train
3388,3388,904.0,lot45632,Center,wf_image_3388.png,train
3389,3389,562.0,lot46836,Edge-Ring,wf_image_3389.png,train
3390,3390,1800.0,lot4725,Edge-Loc,wf_image_3390.png,train
3391,3391,776.0,lot2993,Edge-Loc,wf_image_3391.png,train
3392,3392,1109.0,lot45545,Center,wf_image_3392.png,test
3393,3393,904.0,lot1875,Edge-Ring,wf_image_3393.png,train
3394,3394,2126.0,lot22477,Edge-Ring,wf_image_3394.png,test
3395,3395,1109.0,lot45522,Loc,wf_image_3395.png,train
3396,3396,600.0,lot47527,Edge-Ring,wf_image_3396.png,train
3397,3397,1139.0,lot42744,Scratch,wf_image_3397.png,train
3398,3398,1129.0,lot5178,Edge-Loc,wf_image_3398.png,test
3399,3399,533.0,lot204,Edge-Loc,wf_image_3399.png,train
3400,3400,2126.0,lot20733,Edge-Ring,wf_image_3400.png,test
3401,3401,562.0,lot46929,Edge-Loc,wf_image_3401.png,train
3402,3402,515.0,lot10242,Center,wf_image_3402.png,cal
3403,3403,515.0,lot36670,Center,wf_image_3403.png,train
3404,3404,515.0,lot36599,Center,wf_image_3404.png,train
3405,3405,533.0,lot40566,Random,wf_image_3405.png,train
3406,3406,1075.0,lot2516,Edge-Ring,wf_image_3406.png,train
3407,3407,3927.0,lot11172,Edge-Ring,wf_image_3407.png,cal
3408,3408,1129.0,lot42619,Loc,wf_image_3408.png,train
3409,3409,1349.0,lot2375,Random,wf_image_3409.png,test
3410,3410,741.0,lot44453,Scratch,wf_image_3410.png,test
3411,3411,939.0,lot3855,Edge-Loc,wf_image_3411.png,train
3412,3412,1129.0,lot9343,Edge-Ring,wf_image_3412.png,train
3413,3413,562.0,lot46858,Random,wf_image_3413.png,train
3414,3414,1075.0,lot13968,Edge-Ring,wf_image_3414.png,val
3415,3415,533.0,lot40586,Random,wf_image_3415.png,train
3416,3416,1304.0,lot3299,Edge-Ring,wf_image_3416.png,cal
3417,3417,515.0,lot3663,Edge-Loc,wf_image_3417.png,train
3418,3418,1074.0,lot44164,Edge-Ring,wf_image_3418.png,cal
3419,3419,518.0,lot45283,Edge-Loc,wf_image_3419.png,train
3420,3420,1334.0,lot17149,Loc,wf_image_3420.png,cal
3421,3421,1129.0,lot9343,Edge-Ring,wf_image_3421.png,train
3422,3422,939.0,lot6080,Edge-Loc,wf_image_3422.png,train
3423,3423,710.0,lot4409,Edge-Loc,wf_image_3423.png,train
3424,3424,1080.0,lot23503,Loc,wf_image_3424.png,val
3425,3425,562.0,lot47076,Scratch,wf_image_3425.png,train
3426,3426,1334.0,lot17181,Center,wf_image_3426.png,cal
3427,3427,1075.0,lot44170,Edge-Ring,wf_image_3427.png,cal
3428,3428,939.0,lot6127,Center,wf_image_3428.png,train
3429,3429,600.0,lot47512,Edge-Ring,wf_image_3429.png,cal
3430,3430,515.0,lot36902,Center,wf_image_3430.png,test
3431,3431,515.0,lot33124,Center,wf_image_3431.png,test
3432,3432,1658.0,lot18375,Edge-Ring,wf_image_3432.png,cal
3433,3433,515.0,lot36583,Center,wf_image_3433.png,test
3434,3434,2126.0,lot20903,Edge-Ring,wf_image_3434.png,train
3435,3435,2126.0,lot18022,Edge-Ring,wf_image_3435.png,cal
3436,3436,3036.0,lot12757,Edge-Ring,wf_image_3436.png,cal
3437,3437,515.0,lot36782,Center,wf_image_3437.png,test
3438,3438,846.0,lot38810,Random,wf_image_3438.png,train
3439,3439,516.0,lot43155,Center,wf_image_3439.png,cal
3440,3440,2126.0,lot20732,Edge-Ring,wf_image_3440.png,train
3441,3441,1291.0,lot10051,Edge-Ring,wf_image_3441.png,train
3442,3442,1304.0,lot4372,Edge-Loc,wf_image_3442.png,train
3443,3443,3036.0,lot11877,Edge-Ring,wf_image_3443.png,val
3444,3444,3036.0,lot3108,Edge-Ring,wf_image_3444.png,val
3445,3445,518.0,lot44005,Center,wf_image_3445.png,train
3446,3446,1075.0,lot2496,Edge-Ring,wf_image_3446.png,train
3447,3447,515.0,lot35938,Center,wf_image_3447.png,train
3448,3448,776.0,lot5826,Edge-Loc,wf_image_3448.png,train
3449,3449,516.0,lot43474,Loc,wf_image_3449.png,train
3450,3450,2126.0,lot20910,Edge-Ring,wf_image_3450.png,test
3451,3451,1075.0,lot2511,Edge-Ring,wf_image_3451.png,train
3452,3452,3927.0,lot9147,Edge-Ring,wf_image_3452.png,train
3453,3453,1109.0,lot45493,Center,wf_image_3453.png,train
3454,3454,904.0,lot45625,Center,wf_image_3454.png,train
3455,3455,12662.0,lot19839,Edge-Ring,wf_image_3455.png,val
3456,3456,733.0,lot39480,Center,wf_image_3456.png,val
3457,3457,1376.0,lot45715,Loc,wf_image_3457.png,cal
3458,3458,1075.0,lot2522,Edge-Ring,wf_image_3458.png,test
3459,3459,516.0,lot42950,Near-full,wf_image_3459.png,train
3460,3460,515.0,lot35898,Center,wf_image_3460.png,train
3461,3461,1421.0,lot44794,Edge-Ring,wf_image_3461.png,train
3462,3462,1075.0,lot23100,Edge-Ring,wf_image_3462.png,train
3463,3463,1075.0,lot2519,Edge-Ring,wf_image_3463.png,test
3464,3464,515.0,lot36781,Center,wf_image_3464.png,cal
3465,3465,842.0,lot42250,Edge-Loc,wf_image_3465.png,train
3466,3466,600.0,lot47510,Edge-Ring,wf_image_3466.png,cal
3467,3467,518.0,lot44897,Edge-Loc,wf_image_3467.png,val
3468,3468,1075.0,lot13966,Edge-Ring,wf_image_3468.png,val
3469,3469,1376.0,lot45908,Scratch,wf_image_3469.png,test
3470,3470,1349.0,lot2432,Random,wf_image_3470.png,train
3471,3471,1080.0,lot21649,Donut,wf_image_3471.png,train
3472,3472,904.0,lot45646,Center,wf_image_3472.png,train
3473,3473,1075.0,lot23109,Edge-Ring,wf_image_3473.png,test
3474,3474,904.0,lot45647,Edge-Ring,wf_image_3474.png,train
3475,3475,3036.0,lot2075,Edge-Ring,wf_image_3475.png,train
3476,3476,939.0,lot6020,Edge-Ring,wf_image_3476.png,val
3477,3477,516.0,lot42967,Near-full,wf_image_3477.png,train
3478,3478,520.0,lot1603,Edge-Loc,wf_image_3478.png,train
3479,3479,518.0,lot44000,Edge-Ring,wf_image_3479.png,test
3480,3480,736.0,lot42837,Edge-Loc,wf_image_3480.png,test
3481,3481,515.0,lot36547,Center,wf_image_3481.png,cal
3482,3482,12662.0,lot19842,Edge-Ring,wf_image_3482.png,train
3483,3483,518.0,lot43961,Edge-Ring,wf_image_3483.png,train
3484,3484,1109.0,lot45378,Edge-Loc,wf_image_3484.png,train
3485,3485,1075.0,lot25391,Edge-Ring,wf_image_3485.png,val
3486,3486,1139.0,lot42752,Loc,wf_image_3486.png,train
3487,3487,515.0,lot36681,Center,wf_image_3487.png,cal
3488,3488,533.0,lot40596,Loc,wf_image_3488.png,train
3489,3489,3036.0,lot12749,Edge-Ring,wf_image_3489.png,cal
3490,3490,1800.0,lot4662,Edge-Loc,wf_image_3490.png,train
3491,3491,533.0,lot40594,Scratch,wf_image_3491.png,val
3492,3492,12662.0,lot19850,Edge-Ring,wf_image_3492.png,train
3493,3493,515.0,lot6180,Center,wf_image_3493.png,test
3494,3494,1334.0,lot17146,Edge-Loc,wf_image_3494.png,val
3495,3495,1080.0,lot24200,Edge-Ring,wf_image_3495.png,train
3496,3496,2126.0,lot20904,Edge-Ring,wf_image_3496.png,test
3497,3497,843.0,lot42181,Center,wf_image_3497.png,train
3498,3498,1075.0,lot2527,Edge-Ring,wf_image_3498.png,train
3499,3499,533.0,lot40563,Random,wf_image_3499.png,train
3500,3500,1349.0,lot2375,Random,wf_image_3500.png,train
3501,3501,533.0,lot40637,Center,wf_image_3501.png,train
3502,3502,733.0,lot35119,Center,wf_image_3502.png,train
3503,3503,1075.0,lot13962,Edge-Ring,wf_image_3503.png,train
3504,3504,515.0,lot36551,Center,wf_image_3504.png,train
3505,3505,1334.0,lot17113,Donut,wf_image_3505.png,train
3506,3506,733.0,lot34970,Center,wf_image_3506.png,cal
3507,3507,2126.0,lot20907,Edge-Ring,wf_image_3507.png,cal
3508,3508,3927.0,lot11171,Edge-Ring,wf_image_3508.png,val
3509,3509,2126.0,lot21581,Edge-Ring,wf_image_3509.png,train
3510,3510,515.0,lot36913,Center,wf_image_3510.png,train
3511,3511,1075.0,lot44168,Edge-Ring,wf_image_3511.png,cal
3512,3512,939.0,lot6000,Center,wf_image_3512.png,train
3513,3513,1226.0,lot23623,Center,wf_image_3513.png,train
3514,3514,600.0,lot47518,Edge-Loc,wf_image_3514.png,test
3515,3515,1376.0,lot45795,Edge-Loc,wf_image_3515.png,val
3516,3516,1376.0,lot45838,Edge-Loc,wf_image_3516.png,train
3517,3517,2126.0,lot20728,Edge-Ring,wf_image_3517.png,train
3518,3518,1334.0,lot17154,Donut,wf_image_3518.png,train
3519,3519,515.0,lot10237,Center,wf_image_3519.png,test
3520,3520,3036.0,lot2075,Edge-Ring,wf_image_3520.png,train
3521,3521,3036.0,lot12758,Edge-Ring,wf_image_3521.png,train
3522,3522,515.0,lot36814,Center,wf_image_3522.png,train
3523,3523,562.0,lot46977,Edge-Loc,wf_image_3523.png,val
3524,3524,3036.0,lot12746,Edge-Ring,wf_image_3524.png,test
3525,3525,515.0,lot39701,Center,wf_image_3525.png,train
3526,3526,776.0,lot40839,Random,wf_image_3526.png,test
3527,3527,710.0,lot4240,Edge-Loc,wf_image_3527.png,train
3528,3528,12662.0,lot24522,Edge-Ring,wf_image_3528.png,test
3529,3529,1109.0,lot45547,Center,wf_image_3529.png,train
3530,3530,904.0,lot45645,Random,wf_image_3530.png,train
3531,3531,1109.0,lot45574,Edge-Loc,wf_image_3531.png,train
3532,3532,1075.0,lot44170,Edge-Ring,wf_image_3532.png,train
3533,3533,516.0,lot43579,Edge-Loc,wf_image_3533.png,train
3534,3534,515.0,lot36952,Center,wf_image_3534.png,val
3535,3535,1129.0,lot42635,Edge-Ring,wf_image_3535.png,test
3536,3536,904.0,lot45639,Loc,wf_image_3536.png,train
3537,3537,776.0,lot40832,Edge-Loc,wf_image_3537.png,val
3538,3538,733.0,lot39504,Center,wf_image_3538.png,train
3539,3539,846.0,lot36126,Edge-Loc,wf_image_3539.png,train
3540,3540,845.0,lot42367,Donut,wf_image_3540.png,test
3541,3541,2126.0,lot21581,Edge-Ring,wf_image_3541.png,train
3542,3542,904.0,lot45630,Center,wf_image_3542.png,test
3543,3543,515.0,lot32911,Center,wf_image_3543.png,val
3544,3544,3927.0,lot9152,Edge-Ring,wf_image_3544.png,test
3545,3545,776.0,lot44097,Edge-Loc,wf_image_3545.png,train
3546,3546,515.0,lot39580,Center,wf_image_3546.png,train
3547,3547,3036.0,lot11855,Edge-Ring,wf_image_3547.png,test
3548,3548,939.0,lot7846,Loc,wf_image_3548.png,test
3549,3549,515.0,lot36565,Edge-Loc,wf_image_3549.png,cal
3550,3550,3036.0,lot12746,Edge-Ring,wf_image_3550.png,val
3551,3551,1075.0,lot2511,Edge-Ring,wf_image_3551.png,cal
3552,3552,1075.0,lot23098,Edge-Ring,wf_image_3552.png,train
3553,3553,1792.0,lot4734,Edge-Loc,wf_image_3553.png,test
3554,3554,562.0,lot46794,Scratch,wf_image_3554.png,test
3555,3555,1349.0,lot2375,Random,wf_image_3555.png,train
3556,3556,12662.0,lot19848,Edge-Ring,wf_image_3556.png,train
3557,3557,1075.0,lot44162,Edge-Ring,wf_image_3557.png,train
3558,3558,3036.0,lot12759,Edge-Ring,wf_image_3558.png,train
3559,3559,515.0,lot36804,Center,wf_image_3559.png,train
3560,3560,1658.0,lot16554,Edge-Ring,wf_image_3560.png,cal
3561,3561,516.0,lot43440,Edge-Loc,wf_image_3561.png,train
3562,3562,1129.0,lot42686,Scratch,wf_image_3562.png,test
3563,3563,600.0,lot47516,Edge-Loc,wf_image_3563.png,cal
3564,3564,939.0,lot6331,Loc,wf_image_3564.png,cal
3565,3565,904.0,lot45648,Edge-Loc,wf_image_3565.png,train
3566,3566,518.0,lot15670,Random,wf_image_3566.png,test
3567,3567,515.0,lot36859,Center,wf_image_3567.png,val
3568,3568,2126.0,lot21581,Edge-Ring,wf_image_3568.png,cal
3569,3569,518.0,lot44861,Loc,wf_image_3569.png,cal
3570,3570,12662.0,lot16999,Edge-Ring,wf_image_3570.png,train
3571,3571,1349.0,lot2423,Random,wf_image_3571.png,train
3572,3572,1075.0,lot2436,Edge-Ring,wf_image_3572.png,train
3573,3573,1109.0,lot45596,Loc,wf_image_3573.png,train
3574,3574,1075.0,lot23105,Edge-Ring,wf_image_3574.png,train
3575,3575,1334.0,lot23132,Edge-Loc,wf_image_3575.png,train
3576,3576,710.0,lot33461,Edge-Ring,wf_image_3576.png,train
3577,3577,600.0,lot47509,Edge-Ring,wf_image_3577.png,test
3578,3578,1658.0,lot16602,Edge-Ring,wf_image_3578.png,train
3579,3579,712.0,lot39322,Center,wf_image_3579.png,val
3580,3580,515.0,lot33085,Center,wf_image_3580.png,train
3581,3581,518.0,lot43913,Random,wf_image_3581.png,train
3582,3582,710.0,lot38657,Loc,wf_image_3582.png,train
3583,3583,1075.0,lot2504,Edge-Ring,wf_image_3583.png,cal
3584,3584,12662.0,lot24524,Edge-Ring,wf_image_3584.png,train
3585,3585,1075.0,lot2151,Edge-Ring,wf_image_3585.png,train
3586,3586,2126.0,lot22483,Edge-Ring,wf_image_3586.png,cal
3587,3587,3036.0,lot11877,Edge-Ring,wf_image_3587.png,train
3588,3588,846.0,lot6770,Center,wf_image_3588.png,val
3589,3589,515.0,lot36831,Center,wf_image_3589.png,test
3590,3590,904.0,lot45645,Loc,wf_image_3590.png,test
3591,3591,3927.0,lot9151,Edge-Ring,wf_image_3591.png,train
3592,3592,1075.0,lot2509,Edge-Ring,wf_image_3592.png,cal
3593,3593,2126.0,lot22488,Edge-Ring,wf_image_3593.png,train
3594,3594,1349.0,lot2434,Random,wf_image_3594.png,train
3595,3595,557.0,lot47052,Scratch,wf_image_3595.png,cal
3596,3596,939.0,lot7791,Loc,wf_image_3596.png,train
3597,3597,1421.0,lot44811,Edge-Ring,wf_image_3597.png,test
3598,3598,533.0,lot102,Edge-Loc,wf_image_3598.png,train
3599,3599,518.0,lot45254,Donut,wf_image_3599.png,cal
3600,3600,1060.0,lot47401,Scratch,wf_image_3600.png,train
3601,3601,845.0,lot42356,Loc,wf_image_3601.png,train
3602,3602,1075.0,lot23106,Edge-Ring,wf_image_3602.png,train
3603,3603,1075.0,lot13961,Edge-Ring,wf_image_3603.png,test
3604,3604,1349.0,lot2377,Random,wf_image_3604.png,test
3605,3605,1075.0,lot2510,Edge-Ring,wf_image_3605.png,cal
3606,3606,710.0,lot38598,Edge-Loc,wf_image_3606.png,cal
3607,3607,1658.0,lot23844,Edge-Ring,wf_image_3607.png,train
3608,3608,841.0,lot42339,Edge-Loc,wf_image_3608.png,train
3609,3609,1080.0,lot21715,Loc,wf_image_3609.png,cal
3610,3610,1334.0,lot17134,Donut,wf_image_3610.png,train
3611,3611,2126.0,lot18020,Edge-Ring,wf_image_3611.png,test
3612,3612,2126.0,lot20733,Edge-Ring,wf_image_3612.png,val
3613,3613,518.0,lot45278,Loc,wf_image_3613.png,test
3614,3614,1075.0,lot13491,Edge-Ring,wf_image_3614.png,val
3615,3615,1109.0,lot45500,Loc,wf_image_3615.png,train
3616,3616,533.0,lot40394,Center,wf_image_3616.png,val
3617,3617,845.0,lot42285,Edge-Loc,wf_image_3617.png,train
3618,3618,562.0,lot46931,Edge-Loc,wf_image_3618.png,test
3619,3619,515.0,lot35964,Center,wf_image_3619.png,train
3620,3620,1253.0,lot2695,Edge-Ring,wf_image_3620.png,cal
3621,3621,3927.0,lot10009,Edge-Ring,wf_image_3621.png,train
3622,3622,733.0,lot39500,Center,wf_image_3622.png,train
3623,3623,3036.0,lot10184,Edge-Ring,wf_image_3623.png,train
3624,3624,845.0,lot42267,Donut,wf_image_3624.png,test
3625,3625,776.0,lot40803,Loc,wf_image_3625.png,val
3626,3626,1109.0,lot45502,Scratch,wf_image_3626.png,test
3627,3627,2126.0,lot20904,Edge-Ring,wf_image_3627.png,train
3628,3628,1060.0,lot47297,Center,wf_image_3628.png,val
3629,3629,939.0,lot3889,Edge-Loc,wf_image_3629.png,val
3630,3630,533.0,lot40605,Loc,wf_image_3630.png,val
3631,3631,741.0,lot44192,Near-full,wf_image_3631.png,train
3632,3632,3036.0,lot11233,Edge-Ring,wf_image_3632.png,train
3633,3633,3036.0,lot11631,Edge-Ring,wf_image_3633.png,train
3634,3634,3036.0,lot12757,Edge-Ring,wf_image_3634.png,train
3635,3635,3927.0,lot2153,Edge-Ring,wf_image_3635.png,train
3636,3636,1109.0,lot45334,Edge-Loc,wf_image_3636.png,train
3637,3637,515.0,lot39655,Center,wf_image_3637.png,train
3638,3638,2126.0,lot20729,Edge-Ring,wf_image_3638.png,test
3639,3639,845.0,lot42351,Donut,wf_image_3639.png,train
3640,3640,600.0,lot47492,Loc,wf_image_3640.png,cal
3641,3641,1109.0,lot45536,Scratch,wf_image_3641.png,train
3642,3642,1075.0,lot2149,Edge-Ring,wf_image_3642.png,train
3643,3643,515.0,lot36762,Center,wf_image_3643.png,train
3644,3644,3036.0,lot11855,Edge-Ring,wf_image_3644.png,train
3645,3645,904.0,lot45635,Scratch,wf_image_3645.png,train
3646,3646,516.0,lot42928,Loc,wf_image_3646.png,train
3647,3647,515.0,lot36990,Center,wf_image_3647.png,train
3648,3648,515.0,lot35967,Center,wf_image_3648.png,test
3649,3649,515.0,lot36635,Center,wf_image_3649.png,cal
3650,3650,776.0,lot40731,Loc,wf_image_3650.png,train
3651,3651,3036.0,lot10182,Edge-Ring,wf_image_3651.png,train
3652,3652,1080.0,lot23181,Donut,wf_image_3652.png,test
3653,3653,562.0,lot46944,Edge-Ring,wf_image_3653.png,train
3654,3654,1075.0,lot2501,Edge-Ring,wf_image_3654.png,train
3655,3655,1075.0,lot2513,Edge-Ring,wf_image_3655.png,train
3656,3656,515.0,lot36981,Center,wf_image_3656.png,train
3657,3657,515.0,lot36760,Center,wf_image_3657.png,val
3658,3658,533.0,lot109,Edge-Loc,wf_image_3658.png,val
3659,3659,1376.0,lot45713,Edge-Ring,wf_image_3659.png,train
3660,3660,1349.0,lot2377,Random,wf_image_3660.png,train
3661,3661,533.0,lot42178,Scratch,wf_image_3661.png,test
3662,3662,3927.0,lot9148,Edge-Ring,wf_image_3662.png,train
3663,3663,1075.0,lot44164,Edge-Ring,wf_image_3663.png,train
3664,3664,844.0,lot42311,Edge-Loc,wf_image_3664.png,cal
3665,3665,843.0,lot42363,Donut,wf_image_3665.png,train
3666,3666,533.0,lot40381,Loc,wf_image_3666.png,test
3667,3667,1075.0,lot2519,Edge-Ring,wf_image_3667.png,train
3668,3668,3036.0,lot12744,Edge-Ring,wf_image_3668.png,train
3669,3669,939.0,lot3917,Edge-Loc,wf_image_3669.png,val
3670,3670,515.0,lot36826,Center,wf_image_3670.png,test
3671,3671,1075.0,lot44169,Edge-Ring,wf_image_3671.png,test
3672,3672,516.0,lot42882,Edge-Loc,wf_image_3672.png,test
3673,3673,1421.0,lot44794,Edge-Ring,wf_image_3673.png,train
3674,3674,2126.0,lot18018,Edge-Ring,wf_image_3674.png,val
3675,3675,1109.0,lot45312,Edge-Loc,wf_image_3675.png,test
3676,3676,776.0,lot40964,Edge-Loc,wf_image_3676.png,train
3677,3677,1334.0,lot17139,Donut,wf_image_3677.png,train
3678,3678,1075.0,lot2523,Edge-Ring,wf_image_3678.png,train
3679,3679,518.0,lot43974,Edge-Loc,wf_image_3679.png,test
3680,3680,710.0,lot38293,Edge-Loc,wf_image_3680.png,cal
3681,3681,1291.0,lot10051,Edge-Ring,wf_image_3681.png,train
3682,3682,3036.0,lot11630,Edge-Ring,wf_image_3682.png,train
3683,3683,904.0,lot45638,Loc,wf_image_3683.png,train
3684,3684,1075.0,lot12910,Edge-Ring,wf_image_3684.png,train
3685,3685,1109.0,lot45351,Edge-Loc,wf_image_3685.png,test
3686,3686,2126.0,lot20905,Edge-Ring,wf_image_3686.png,train
3687,3687,1060.0,lot47334,Edge-Loc,wf_image_3687.png,test
3688,3688,1129.0,lot5158,Donut,wf_image_3688.png,train
3689,3689,1129.0,lot9344,Edge-Ring,wf_image_3689.png,train
3690,3690,1376.0,lot45901,Edge-Loc,wf_image_3690.png,train
3691,3691,515.0,lot32777,Center,wf_image_3691.png,train
3692,3692,1334.0,lot17131,Center,wf_image_3692.png,train
3693,3693,1334.0,lot17174,Donut,wf_image_3693.png,train
3694,3694,518.0,lot44017,Random,wf_image_3694.png,train
3695,3695,533.0,lot40429,Scratch,wf_image_3695.png,train
3696,3696,733.0,lot35140,Random,wf_image_3696.png,train
3697,3697,1658.0,lot16607,Edge-Ring,wf_image_3697.png,test
3698,3698,2126.0,lot20910,Edge-Ring,wf_image_3698.png,train
3699,3699,562.0,lot46745,Edge-Loc,wf_image_3699.png,train
3700,3700,2126.0,lot20735,Edge-Ring,wf_image_3700.png,train
3701,3701,1129.0,lot7465,Loc,wf_image_3701.png,train
3702,3702,518.0,lot45260,Loc,wf_image_3702.png,train
3703,3703,600.0,lot47519,Edge-Ring,wf_image_3703.png,train
3704,3704,939.0,lot6391,Edge-Ring,wf_image_3704.png,train
3705,3705,2126.0,lot18021,Edge-Ring,wf_image_3705.png,train
3706,3706,3036.0,lot3108,Edge-Ring,wf_image_3706.png,val
3707,3707,533.0,lot42149,Edge-Loc,wf_image_3707.png,test
3708,3708,710.0,lot38590,Loc,wf_image_3708.png,train
3709,3709,736.0,lot42845,Edge-Loc,wf_image_3709.png,cal
3710,3710,840.0,lot42311,Center,wf_image_3710.png,cal
3711,3711,1075.0,lot2512,Edge-Ring,wf_image_3711.png,val
3712,3712,1080.0,lot23173,Center,wf_image_3712.png,train
3713,3713,1075.0,lot23101,Edge-Ring,wf_image_3713.png,test
3714,3714,939.0,lot6259,Loc,wf_image_3714.png,train
3715,3715,776.0,lot41037,Edge-Loc,wf_image_3715.png,train
3716,3716,3036.0,lot12772,Edge-Ring,wf_image_3716.png,train
3717,3717,1075.0,lot2503,Edge-Ring,wf_image_3717.png,cal
3718,3718,1421.0,lot44817,Edge-Ring,wf_image_3718.png,test
3719,3719,1109.0,lot45365,Scratch,wf_image_3719.png,train
3720,3720,904.0,lot45634,Near-full,wf_image_3720.png,train
3721,3721,515.0,lot39609,Center,wf_image_3721.png,train
3722,3722,1075.0,lot2499,Edge-Ring,wf_image_3722.png,train
3723,3723,1298.0,lot43600,Loc,wf_image_3723.png,train
3724,3724,843.0,lot42285,Donut,wf_image_3724.png,train
3725,3725,1060.0,lot47435,Loc,wf_image_3725.png,train
3726,3726,1334.0,lot17192,Donut,wf_image_3726.png,train
3727,3727,515.0,lot36711,Center,wf_image_3727.png,train
3728,3728,515.0,lot11056,Random,wf_image_3728.png,train
3729,3729,1080.0,lot23493,Center,wf_image_3729.png,train
3730,3730,533.0,lot12076,Center,wf_image_3730.png,cal
3731,3731,515.0,lot36670,Center,wf_image_3731.png,val
3732,3732,515.0,lot36917,Center,wf_image_3732.png,val
3733,3733,3927.0,lot9154,Edge-Ring,wf_image_3733.png,test
3734,3734,518.0,lot20762,Edge-Loc,wf_image_3734.png,val
3735,3735,3036.0,lot11968,Edge-Ring,wf_image_3735.png,train
3736,3736,1075.0,lot2522,Edge-Ring,wf_image_3736.png,val
3737,3737,1080.0,lot26300,Donut,wf_image_3737.png,test
3738,3738,1060.0,lot47468,Loc,wf_image_3738.png,train
3739,3739,1334.0,lot17158,Donut,wf_image_3739.png,train
3740,3740,776.0,lot40856,Loc,wf_image_3740.png,test
3741,3741,515.0,lot36739,Center,wf_image_3741.png,test
3742,3742,1421.0,lot44807,Random,wf_image_3742.png,train
3743,3743,710.0,lot33545,Edge-Loc,wf_image_3743.png,train
3744,3744,562.0,lot46857,Edge-Loc,wf_image_3744.png,train
3745,3745,710.0,lot31057,Edge-Ring,wf_image_3745.png,cal
3746,3746,1129.0,lot42676,Edge-Loc,wf_image_3746.png,train
3747,3747,776.0,lot41076,Edge-Loc,wf_image_3747.png,cal
3748,3748,3036.0,lot12757,Edge-Ring,wf_image_3748.png,val
3749,3749,1334.0,lot17127,Donut,wf_image_3749.png,train
3750,3750,939.0,lot6317,Center,wf_image_3750.png,train
3751,3751,1075.0,lot25391,Edge-Ring,wf_image_3751.png,train
3752,3752,3927.0,lot2155,Edge-Ring,wf_image_3752.png,train
3753,3753,3036.0,lot12747,Edge-Ring,wf_image_3753.png,train
3754,3754,1060.0,lot47453,Edge-Loc,wf_image_3754.png,train
3755,3755,1075.0,lot23107,Edge-Ring,wf_image_3755.png,cal
3756,3756,533.0,lot40610,Loc,wf_image_3756.png,val
3757,3757,1109.0,lot45578,Near-full,wf_image_3757.png,train
3758,3758,1109.0,lot45358,Edge-Loc,wf_image_3758.png,test
3759,3759,600.0,lot47513,Edge-Ring,wf_image_3759.png,train
3760,3760,842.0,lot42231,Scratch,wf_image_3760.png,test
3761,3761,904.0,lot45626,Center,wf_image_3761.png,train
3762,3762,516.0,lot43335,Loc,wf_image_3762.png,train
3763,3763,516.0,lot43392,Scratch,wf_image_3763.png,test
3764,3764,518.0,lot45261,Loc,wf_image_3764.png,val
3765,3765,1334.0,lot17181,Donut,wf_image_3765.png,train
3766,3766,710.0,lot38380,Random,wf_image_3766.png,cal
3767,3767,1999.0,lot15009,Edge-Ring,wf_image_3767.png,train
3768,3768,516.0,lot43548,Edge-Loc,wf_image_3768.png,val
3769,3769,1075.0,lot2495,Edge-Ring,wf_image_3769.png,train
3770,3770,843.0,lot42277,Loc,wf_image_3770.png,val
3771,3771,939.0,lot7847,Center,wf_image_3771.png,train
3772,3772,776.0,lot44076,Edge-Loc,wf_image_3772.png,cal
3773,3773,1421.0,lot44797,Edge-Ring,wf_image_3773.png,train
3774,3774,939.0,lot8006,Loc,wf_image_3774.png,train
3775,3775,515.0,lot35962,Center,wf_image_3775.png,test
3776,3776,515.0,lot36930,Center,wf_image_3776.png,train
3777,3777,515.0,lot35921,Center,wf_image_3777.png,train
3778,3778,1075.0,lot13968,Edge-Ring,wf_image_3778.png,val
3779,3779,1075.0,lot2511,Edge-Ring,wf_image_3779.png,train
3780,3780,515.0,lot39567,Center,wf_image_3780.png,cal
3781,3781,488.0,lot45174,Edge-Loc,wf_image_3781.png,val
3782,3782,1658.0,lot16603,Edge-Ring,wf_image_3782.png,cal
3783,3783,516.0,lot42962,Edge-Loc,wf_image_3783.png,train
3784,3784,1376.0,lot45931,Loc,wf_image_3784.png,val
3785,3785,518.0,lot24183,Random,wf_image_3785.png,test
3786,3786,1421.0,lot44817,Edge-Ring,wf_image_3786.png,train
3787,3787,515.0,lot36950,Center,wf_image_3787.png,train
3788,3788,1291.0,lot13703,Edge-Ring,wf_image_3788.png,val
3789,3789,845.0,lot42209,Scratch,wf_image_3789.png,val
3790,3790,1139.0,lot42775,Center,wf_image_3790.png,test
3791,3791,1075.0,lot23107,Edge-Ring,wf_image_3791.png,train
3792,3792,1349.0,lot2375,Random,wf_image_3792.png,train
3793,3793,2126.0,lot21559,Edge-Ring,wf_image_3793.png,test
3794,3794,1349.0,lot2377,Random,wf_image_3794.png,train
3795,3795,776.0,lot40900,Edge-Loc,wf_image_3795.png,train
3796,3796,3927.0,lot2155,Edge-Ring,wf_image_3796.png,cal
3797,3797,1075.0,lot44171,Edge-Ring,wf_image_3797.png,train
3798,3798,834.0,lot42226,Loc,wf_image_3798.png,test
3799,3799,1075.0,lot13968,Edge-Ring,wf_image_3799.png,test
3800,3800,1129.0,lot11432,Random,wf_image_3800.png,train
3801,3801,1075.0,lot23099,Edge-Ring,wf_image_3801.png,train
3802,3802,2126.0,lot18020,Edge-Ring,wf_image_3802.png,train
3803,3803,515.0,lot36788,Center,wf_image_3803.png,train
3804,3804,741.0,lot44239,Edge-Loc,wf_image_3804.png,val
3805,3805,12662.0,lot24524,Edge-Ring,wf_image_3805.png,cal
3806,3806,1075.0,lot2437,Edge-Ring,wf_image_3806.png,train
3807,3807,1334.0,lot17146,Donut,wf_image_3807.png,train
3808,3808,2126.0,lot20737,Edge-Ring,wf_image_3808.png,train
3809,3809,845.0,lot42189,Edge-Loc,wf_image_3809.png,train
3810,3810,841.0,lot41969,Loc,wf_image_3810.png,train
3811,3811,1075.0,lot2495,Edge-Ring,wf_image_3811.png,train
3812,3812,2126.0,lot22480,Edge-Ring,wf_image_3812.png,test
3813,3813,2126.0,lot22474,Edge-Ring,wf_image_3813.png,train
3814,3814,3927.0,lot9150,Edge-Ring,wf_image_3814.png,train
3815,3815,710.0,lot39941,Loc,wf_image_3815.png,train
3816,3816,562.0,lot46780,Scratch,wf_image_3816.png,val
3817,3817,533.0,lot40378,Loc,wf_image_3817.png,cal
3818,3818,1060.0,lot47321,Scratch,wf_image_3818.png,test
3819,3819,1080.0,lot23494,Loc,wf_image_3819.png,train
3820,3820,515.0,lot35922,Center,wf_image_3820.png,train
3821,3821,1226.0,lot23658,Center,wf_image_3821.png,cal
3822,3822,3036.0,lot12744,Edge-Ring,wf_image_3822.png,train
3823,3823,600.0,lot47518,Edge-Loc,wf_image_3823.png,test
3824,3824,3036.0,lot12768,Edge-Ring,wf_image_3824.png,train
3825,3825,3036.0,lot12754,Edge-Ring,wf_image_3825.png,cal
3826,3826,1349.0,lot2375,Random,wf_image_3826.png,cal
3827,3827,516.0,lot43250,Random,wf_image_3827.png,train
3828,3828,1397.0,lot1556,Scratch,wf_image_3828.png,train
3829,3829,515.0,lot36694,Edge-Loc,wf_image_3829.png,val
3830,3830,844.0,lot42313,Donut,wf_image_3830.png,val
3831,3831,1349.0,lot2377,Random,wf_image_3831.png,train
3832,3832,1075.0,lot23104,Edge-Ring,wf_image_3832.png,test
3833,3833,846.0,lot5646,Edge-Loc,wf_image_3833.png,test
3834,3834,776.0,lot40910,Scratch,wf_image_3834.png,train
3835,3835,741.0,lot44285,Edge-Ring,wf_image_3835.png,test
3836,3836,515.0,lot36607,Center,wf_image_3836.png,cal
3837,3837,1421.0,lot44780,Edge-Ring,wf_image_3837.png,train
3838,3838,939.0,lot6233,Loc,wf_image_3838.png,train
3839,3839,904.0,lot45622,Center,wf_image_3839.png,train
3840,3840,12662.0,lot17263,Edge-Ring,wf_image_3840.png,train
3841,3841,1109.0,lot45590,Donut,wf_image_3841.png,train
3842,3842,741.0,lot44469,Edge-Loc,wf_image_3842.png,train
3843,3843,1072.0,lot44165,Edge-Ring,wf_image_3843.png,test
3844,3844,3927.0,lot9152,Edge-Ring,wf_image_3844.png,train
3845,3845,1109.0,lot45362,Edge-Loc,wf_image_3845.png,train
3846,3846,939.0,lot7885,Random,wf_image_3846.png,train
3847,3847,741.0,lot44416,Scratch,wf_image_3847.png,train
3848,3848,533.0,lot216,Near-full,wf_image_3848.png,train
3849,3849,1999.0,lot15000,Edge-Ring,wf_image_3849.png,train
3850,3850,533.0,lot40420,Scratch,wf_image_3850.png,train
3851,3851,516.0,lot43576,Loc,wf_image_3851.png,train
3852,3852,2126.0,lot18382,Edge-Ring,wf_image_3852.png,train
3853,3853,1060.0,lot47425,Scratch,wf_image_3853.png,cal
3854,3854,3927.0,lot2156,Edge-Ring,wf_image_3854.png,train
3855,3855,3036.0,lot10187,Edge-Ring,wf_image_3855.png,test
3856,3856,1421.0,lot17375,Random,wf_image_3856.png,train
3857,3857,1109.0,lot45597,Loc,wf_image_3857.png,train
3858,3858,904.0,lot45647,Edge-Loc,wf_image_3858.png,val
3859,3859,1109.0,lot45378,Edge-Loc,wf_image_3859.png,train
3860,3860,1421.0,lot44816,Edge-Ring,wf_image_3860.png,cal
3861,3861,710.0,lot38277,Center,wf_image_3861.png,cal
3862,3862,533.0,lot40582,Center,wf_image_3862.png,test
3863,3863,1075.0,lot2495,Edge-Ring,wf_image_3863.png,train
3864,3864,1075.0,lot2505,Edge-Ring,wf_image_3864.png,train
3865,3865,904.0,lot45634,Random,wf_image_3865.png,cal
3866,3866,1109.0,lot45579,Center,wf_image_3866.png,test
3867,3867,516.0,lot43394,Edge-Loc,wf_image_3867.png,test
3868,3868,1349.0,lot2375,Random,wf_image_3868.png,test
3869,3869,1291.0,lot13715,Edge-Ring,wf_image_3869.png,cal
3870,3870,2126.0,lot22486,Edge-Ring,wf_image_3870.png,train
3871,3871,533.0,lot42157,Center,wf_image_3871.png,test
3872,3872,562.0,lot47020,Edge-Loc,wf_image_3872.png,train
3873,3873,1334.0,lot17134,Donut,wf_image_3873.png,cal
3874,3874,1334.0,lot17102,Random,wf_image_3874.png,train
3875,3875,1291.0,lot13715,Edge-Ring,wf_image_3875.png,train
3876,3876,2126.0,lot20730,Edge-Ring,wf_image_3876.png,train
3877,3877,515.0,lot39698,Center,wf_image_3877.png,test
3878,3878,515.0,lot39522,Center,wf_image_3878.png,train
3879,3879,518.0,lot45241,Loc,wf_image_3879.png,cal
3880,3880,1349.0,lot2432,Random,wf_image_3880.png,train
3881,3881,518.0,lot45254,Loc,wf_image_3881.png,test
3882,3882,562.0,lot46929,Edge-Ring,wf_image_3882.png,train
3883,3883,516.0,lot43578,Loc,wf_image_3883.png,train
3884,3884,1801.0,lot5896,Edge-Loc,wf_image_3884.png,train
3885,3885,776.0,lot44076,Edge-Loc,wf_image_3885.png,train
3886,3886,2126.0,lot20729,Edge-Ring,wf_image_3886.png,train
3887,3887,516.0,lot42891,Edge-Loc,wf_image_3887.png,test
3888,3888,515.0,lot36838,Center,wf_image_3888.png,train
3889,3889,1376.0,lot45872,Center,wf_image_3889.png,test
3890,3890,2126.0,lot21581,Edge-Ring,wf_image_3890.png,test
3891,3891,533.0,lot245,Edge-Loc,wf_image_3891.png,test
3892,3892,1376.0,lot19252,Center,wf_image_3892.png,test
3893,3893,741.0,lot44549,Random,wf_image_3893.png,train
3894,3894,515.0,lot39557,Center,wf_image_3894.png,test
3895,3895,12662.0,lot19858,Edge-Ring,wf_image_3895.png,train
3896,3896,562.0,lot47108,Scratch,wf_image_3896.png,cal
3897,3897,515.0,lot36682,Center,wf_image_3897.png,test
3898,3898,712.0,lot39132,Random,wf_image_3898.png,val
3899,3899,1075.0,lot13963,Edge-Ring,wf_image_3899.png,test
3900,3900,733.0,lot39441,Center,wf_image_3900.png,train
3901,3901,1075.0,lot13961,Edge-Ring,wf_image_3901.png,val
3902,3902,1999.0,lot15009,Edge-Ring,wf_image_3902.png,cal
3903,3903,1109.0,lot45363,Edge-Loc,wf_image_3903.png,test
3904,3904,1080.0,lot26523,Donut,wf_image_3904.png,train
3905,3905,1376.0,lot45808,Edge-Loc,wf_image_3905.png,test
3906,3906,2126.0,lot20904,Edge-Ring,wf_image_3906.png,train
3907,3907,1376.0,lot45723,Loc,wf_image_3907.png,train
3908,3908,2126.0,lot20910,Edge-Ring,wf_image_3908.png,test
3909,3909,516.0,lot43181,Center,wf_image_3909.png,train
3910,3910,1075.0,lot2499,Edge-Ring,wf_image_3910.png,train
3911,3911,736.0,lot6778,Edge-Loc,wf_image_3911.png,cal
3912,3912,533.0,lot40453,Loc,wf_image_3912.png,val
3913,3913,1376.0,lot45861,Edge-Loc,wf_image_3913.png,train
3914,3914,845.0,lot42251,Loc,wf_image_3914.png,train
3915,3915,562.0,lot46747,Edge-Loc,wf_image_3915.png,cal
3916,3916,844.0,lot41971,Loc,wf_image_3916.png,val
3917,3917,1658.0,lot16602,Edge-Ring,wf_image_3917.png,cal
3918,3918,776.0,lot41024,Loc,wf_image_3918.png,train
3919,3919,1109.0,lot45593,Loc,wf_image_3919.png,val
3920,3920,842.0,lot42309,Loc,wf_image_3920.png,test
3921,3921,3036.0,lot9337,Edge-Ring,wf_image_3921.png,train
3922,3922,12662.0,lot24524,Edge-Ring,wf_image_3922.png,cal
3923,3923,2126.0,lot18023,Edge-Ring,wf_image_3923.png,cal
3924,3924,845.0,lot42367,Donut,wf_image_3924.png,val
3925,3925,515.0,lot36722,Center,wf_image_3925.png,train
3926,3926,515.0,lot10398,Center,wf_image_3926.png,train
3927,3927,12662.0,lot19856,Edge-Ring,wf_image_3927.png,test
3928,3928,1999.0,lot14928,Edge-Ring,wf_image_3928.png,train
3929,3929,516.0,lot43027,Edge-Loc,wf_image_3929.png,val
3930,3930,515.0,lot36600,Center,wf_image_3930.png,train
3931,3931,1075.0,lot13967,Edge-Ring,wf_image_3931.png,test
3932,3932,1291.0,lot10049,Random,wf_image_3932.png,train
3933,3933,3036.0,lot12748,Edge-Ring,wf_image_3933.png,test
3934,3934,3036.0,lot12758,Edge-Ring,wf_image_3934.png,train
3935,3935,3036.0,lot11880,Edge-Ring,wf_image_3935.png,train
3936,3936,741.0,lot44447,Edge-Loc,wf_image_3936.png,train
3937,3937,2126.0,lot20911,Edge-Ring,wf_image_3937.png,train
3938,3938,3036.0,lot12761,Edge-Ring,wf_image_3938.png,train
3939,3939,533.0,lot40597,Scratch,wf_image_3939.png,cal
3940,3940,515.0,lot36940,Center,wf_image_3940.png,train
3941,3941,1075.0,lot2497,Edge-Ring,wf_image_3941.png,val
3942,3942,1334.0,lot17143,Donut,wf_image_3942.png,cal
3943,3943,1075.0,lot44171,Edge-Ring,wf_image_3943.png,train
3944,3944,516.0,lot43281,Random,wf_image_3944.png,train
3945,3945,533.0,lot40680,Center,wf_image_3945.png,cal
3946,3946,515.0,lot39567,Center,wf_image_3946.png,train
3947,3947,1075.0,lot2517,Edge-Ring,wf_image_3947.png,val
3948,3948,515.0,lot36566,Edge-Loc,wf_image_3948.png,test
3949,3949,600.0,lot47485,Center,wf_image_3949.png,train
3950,3950,515.0,lot36918,Center,wf_image_3950.png,train
3951,3951,516.0,lot43533,Random,wf_image_3951.png,cal
3952,3952,741.0,lot44435,Edge-Loc,wf_image_3952.png,train
3953,3953,1226.0,lot23639,Center,wf_image_3953.png,test
3954,3954,741.0,lot44289,Edge-Ring,wf_image_3954.png,val
3955,3955,1109.0,lot11506,Edge-Loc,wf_image_3955.png,test
3956,3956,1075.0,lot2526,Edge-Ring,wf_image_3956.png,train
3957,3957,515.0,lot10395,Center,wf_image_3957.png,train
3958,3958,515.0,lot36743,Edge-Loc,wf_image_3958.png,train
3959,3959,564.0,lot24232,Loc,wf_image_3959.png,val
3960,3960,1080.0,lot20122,Edge-Ring,wf_image_3960.png,test
3961,3961,1060.0,lot47316,Loc,wf_image_3961.png,train
3962,3962,515.0,lot35964,Center,wf_image_3962.png,val
3963,3963,2126.0,lot20728,Edge-Ring,wf_image_3963.png,train
3964,3964,939.0,lot6233,Loc,wf_image_3964.png,val
3965,3965,1304.0,lot3298,Edge-Ring,wf_image_3965.png,test
3966,3966,845.0,lot42232,Edge-Loc,wf_image_3966.png,train
3967,3967,844.0,lot42263,Edge-Loc,wf_image_3967.png,val
3968,3968,1075.0,lot2436,Edge-Ring,wf_image_3968.png,train
3969,3969,844.0,lot42194,Loc,wf_image_3969.png,train
3970,3970,1421.0,lot44794,Edge-Ring,wf_image_3970.png,train
3971,3971,1334.0,lot17143,Donut,wf_image_3971.png,train
3972,3972,1334.0,lot17143,Donut,wf_image_3972.png,val
3973,3973,1075.0,lot12908,Edge-Ring,wf_image_3973.png,train
3974,3974,1075.0,lot2527,Edge-Ring,wf_image_3974.png,test
3975,3975,1075.0,lot2489,Edge-Ring,wf_image_3975.png,train
3976,3976,904.0,lot45631,Center,wf_image_3976.png,train
3977,3977,1334.0,lot17159,Loc,wf_image_3977.png,train
3978,3978,1349.0,lot2377,Random,wf_image_3978.png,train
3979,3979,1376.0,lot45705,Edge-Loc,wf_image_3979.png,train
3980,3980,562.0,lot47098,Scratch,wf_image_3980.png,val
3981,3981,515.0,lot39610,Center,wf_image_3981.png,test
3982,3982,1376.0,lot45790,Scratch,wf_image_3982.png,train
3983,3983,2126.0,lot22490,Edge-Ring,wf_image_3983.png,train
3984,3984,562.0,lot46796,Edge-Ring,wf_image_3984.png,train
3985,3985,741.0,lot44523,Random,wf_image_3985.png,train
3986,3986,846.0,lot36209,Edge-Loc,wf_image_3986.png,cal
3987,3987,3036.0,lot11690,Edge-Ring,wf_image_3987.png,test
3988,3988,3927.0,lot9152,Edge-Ring,wf_image_3988.png,train
3989,3989,1349.0,lot2377,Random,wf_image_3989.png,train
3990,3990,1109.0,lot45571,Donut,wf_image_3990.png,train
3991,3991,1060.0,lot47473,Edge-Loc,wf_image_3991.png,test
3992,3992,533.0,lot16433,Edge-Loc,wf_image_3992.png,train
3993,3993,1801.0,lot5898,Donut,wf_image_3993.png,test
3994,3994,3036.0,lot12746,Edge-Ring,wf_image_3994.png,train
3995,3995,712.0,lot41440,Edge-Loc,wf_image_3995.png,train
3996,3996,533.0,lot40645,Random,wf_image_3996.png,test
3997,3997,2126.0,lot20731,Edge-Ring,wf_image_3997.png,train
3998,3998,1075.0,lot13963,Edge-Ring,wf_image_3998.png,test
3999,3999,1109.0,lot45555,Center,wf_image_3999.png,train
4000,4000,515.0,lot32870,Center,wf_image_4000.png,train
4001,4001,1109.0,lot45464,Scratch,wf_image_4001.png,train
4002,4002,2126.0,lot22488,Edge-Ring,wf_image_4002.png,train
4003,4003,515.0,lot35967,Center,wf_image_4003.png,train
4004,4004,741.0,lot2463,Random,wf_image_4004.png,train
4005,4005,12662.0,lot17286,Edge-Ring,wf_image_4005.png,test
4006,4006,516.0,lot42882,Loc,wf_image_4006.png,train
4007,4007,515.0,lot39691,Center,wf_image_4007.png,cal
4008,4008,1376.0,lot45762,Edge-Ring,wf_image_4008.png,train
4009,4009,1109.0,lot45539,Edge-Loc,wf_image_4009.png,val
4010,4010,2126.0,lot22490,Edge-Ring,wf_image_4010.png,train
4011,4011,516.0,lot43378,Edge-Loc,wf_image_4011.png,train
4012,4012,1075.0,lot2517,Edge-Ring,wf_image_4012.png,train
4013,4013,1060.0,lot47473,Edge-Loc,wf_image_4013.png,train
4014,4014,2126.0,lot20903,Edge-Ring,wf_image_4014.png,train
4015,4015,844.0,lot42190,Loc,wf_image_4015.png,cal
4016,4016,1075.0,lot2509,Edge-Ring,wf_image_4016.png,test
4017,4017,518.0,lot43926,Random,wf_image_4017.png,train
4018,4018,1075.0,lot23109,Edge-Ring,wf_image_4018.png,test
4019,4019,1109.0,lot45363,Center,wf_image_4019.png,train
4020,4020,1349.0,lot2375,Random,wf_image_4020.png,val
4021,4021,1334.0,lot17178,Donut,wf_image_4021.png,train
4022,4022,516.0,lot43578,Random,wf_image_4022.png,train
4023,4023,1109.0,lot45306,Edge-Loc,wf_image_4023.png,train
4024,4024,1109.0,lot45403,Edge-Loc,wf_image_4024.png,val
4025,4025,1060.0,lot47294,Loc,wf_image_4025.png,val
4026,4026,12662.0,lot19842,Edge-Ring,wf_image_4026.png,train
4027,4027,1658.0,lot23844,Edge-Ring,wf_image_4027.png,test
4028,4028,712.0,lot39165,Loc,wf_image_4028.png,train
4029,4029,1253.0,lot3271,Edge-Ring,wf_image_4029.png,train
4030,4030,515.0,lot36994,Center,wf_image_4030.png,val
4031,4031,939.0,lot3795,Edge-Loc,wf_image_4031.png,cal
4032,4032,515.0,lot39511,Center,wf_image_4032.png,cal
4033,4033,533.0,lot40373,Loc,wf_image_4033.png,train
4034,4034,1075.0,lot2150,Edge-Ring,wf_image_4034.png,train
4035,4035,776.0,lot40882,Scratch,wf_image_4035.png,train
4036,4036,939.0,lot6001,Center,wf_image_4036.png,train
4037,4037,939.0,lot3821,Scratch,wf_image_4037.png,cal
4038,4038,776.0,lot41061,Loc,wf_image_4038.png,train
4039,4039,1291.0,lot13717,Edge-Ring,wf_image_4039.png,train
4040,4040,3036.0,lot12745,Edge-Ring,wf_image_4040.png,train
4041,4041,1109.0,lot45393,Edge-Loc,wf_image_4041.png,train
4042,4042,515.0,lot10329,Center,wf_image_4042.png,cal
4043,4043,12662.0,lot24522,Edge-Ring,wf_image_4043.png,val
4044,4044,562.0,lot46797,Edge-Loc,wf_image_4044.png,train
4045,4045,1658.0,lot16604,Edge-Ring,wf_image_4045.png,train
4046,4046,939.0,lot6020,Edge-Ring,wf_image_4046.png,train
4047,4047,2126.0,lot20907,Edge-Ring,wf_image_4047.png,train
4048,4048,1075.0,lot2437,Edge-Ring,wf_image_4048.png,test
4049,4049,515.0,lot36874,Center,wf_image_4049.png,train
4050,4050,776.0,lot41091,Loc,wf_image_4050.png,train
4051,4051,1109.0,lot45306,Edge-Loc,wf_image_4051.png,train
4052,4052,1109.0,lot45369,Center,wf_image_4052.png,train
4053,4053,12662.0,lot19849,Edge-Ring,wf_image_4053.png,train
4054,4054,518.0,lot44857,Loc,wf_image_4054.png,cal
4055,4055,741.0,lot2469,Edge-Loc,wf_image_4055.png,test
4056,4056,710.0,lot35511,Edge-Loc,wf_image_4056.png,cal
4057,4057,12662.0,lot19848,Edge-Ring,wf_image_4057.png,test
4058,4058,1291.0,lot13709,Edge-Ring,wf_image_4058.png,train
4059,4059,733.0,lot39445,Center,wf_image_4059.png,val
4060,4060,515.0,lot39609,Center,wf_image_4060.png,val
4061,4061,904.0,lot45633,Center,wf_image_4061.png,train
4062,4062,1075.0,lot23106,Edge-Ring,wf_image_4062.png,val
4063,4063,776.0,lot2734,Random,wf_image_4063.png,train
4064,4064,515.0,lot36845,Center,wf_image_4064.png,val
4065,4065,2126.0,lot20906,Edge-Ring,wf_image_4065.png,train
4066,4066,1421.0,lot44782,Edge-Ring,wf_image_4066.png,train
4067,4067,1109.0,lot45595,Edge-Loc,wf_image_4067.png,train
4068,4068,3927.0,lot9157,Edge-Ring,wf_image_4068.png,train
4069,4069,515.0,lot36638,Center,wf_image_4069.png,train
4070,4070,515.0,lot35927,Center,wf_image_4070.png,train
4071,4071,845.0,lot7307,Scratch,wf_image_4071.png,train
4072,4072,3036.0,lot12770,Edge-Ring,wf_image_4072.png,train
4073,4073,3036.0,lot11232,Edge-Ring,wf_image_4073.png,cal
4074,4074,1080.0,lot21732,Loc,wf_image_4074.png,train
4075,4075,1075.0,lot23098,Edge-Ring,wf_image_4075.png,train
4076,4076,516.0,lot43474,Edge-Loc,wf_image_4076.png,train
4077,4077,776.0,lot44069,Scratch,wf_image_4077.png,train
4078,4078,2126.0,lot20134,Edge-Ring,wf_image_4078.png,train
4079,4079,1334.0,lot17141,Donut,wf_image_4079.png,val
4080,4080,515.0,lot33076,Center,wf_image_4080.png,test
4081,4081,562.0,lot47010,Edge-Loc,wf_image_4081.png,cal
4082,4082,3036.0,lot2077,Edge-Ring,wf_image_4082.png,train
4083,4083,3036.0,lot11972,Edge-Ring,wf_image_4083.png,cal
4084,4084,515.0,lot36990,Center,wf_image_4084.png,val
4085,4085,710.0,lot38319,Edge-Loc,wf_image_4085.png,train
4086,4086,1801.0,lot4087,Edge-Loc,wf_image_4086.png,train
4087,4087,3036.0,lot11843,Edge-Ring,wf_image_4087.png,train
4088,4088,844.0,lot42352,Edge-Loc,wf_image_4088.png,cal
4089,4089,845.0,lot7259,Center,wf_image_4089.png,test
4090,4090,516.0,lot43234,Random,wf_image_4090.png,val
4091,4091,1106.0,lot10954,Scratch,wf_image_4091.png,train
4092,4092,1376.0,lot45722,Edge-Loc,wf_image_4092.png,train
4093,4093,1334.0,lot17137,Donut,wf_image_4093.png,train
4094,4094,1291.0,lot7397,Edge-Ring,wf_image_4094.png,train
4095,4095,776.0,lot41007,Loc,wf_image_4095.png,train
4096,4096,515.0,lot10237,Center,wf_image_4096.png,train
4097,4097,710.0,lot39997,Scratch,wf_image_4097.png,val
4098,4098,1080.0,lot21758,Random,wf_image_4098.png,train
4099,4099,518.0,lot44852,Edge-Loc,wf_image_4099.png,train
4100,4100,3927.0,lot9149,Edge-Ring,wf_image_4100.png,cal
4101,4101,1109.0,lot45495,Donut,wf_image_4101.png,test
4102,4102,3927.0,lot9157,Edge-Ring,wf_image_4102.png,cal
4103,4103,1421.0,lot44786,Edge-Ring,wf_image_4103.png,test
4104,4104,1801.0,lot4735,Edge-Loc,wf_image_4104.png,test
4105,4105,1334.0,lot16991,Random,wf_image_4105.png,val
4106,4106,515.0,lot39579,Center,wf_image_4106.png,train
4107,4107,1658.0,lot23110,Edge-Ring,wf_image_4107.png,train
4108,4108,1075.0,lot23104,Edge-Ring,wf_image_4108.png,train
4109,4109,3036.0,lot2077,Edge-Ring,wf_image_4109.png,cal
4110,4110,3036.0,lot12764,Edge-Ring,wf_image_4110.png,test
4111,4111,1291.0,lot11150,Edge-Ring,wf_image_4111.png,test
4112,4112,2126.0,lot21038,Edge-Ring,wf_image_4112.png,test
4113,4113,3036.0,lot11843,Edge-Ring,wf_image_4113.png,train
4114,4114,2126.0,lot21043,Edge-Ring,wf_image_4114.png,train
4115,4115,516.0,lot42993,Center,wf_image_4115.png,test
4116,4116,844.0,lot42221,Edge-Loc,wf_image_4116.png,train
4117,4117,1075.0,lot2151,Edge-Ring,wf_image_4117.png,val
4118,4118,3036.0,lot12751,Edge-Ring,wf_image_4118.png,cal
4119,4119,1080.0,lot26441,Edge-Loc,wf_image_4119.png,train
4120,4120,439.0,lot45123,Random,wf_image_4120.png,test
4121,4121,1421.0,lot44811,Edge-Ring,wf_image_4121.png,cal
4122,4122,2126.0,lot20736,Edge-Ring,wf_image_4122.png,cal
4123,4123,845.0,lot42260,Loc,wf_image_4123.png,test
4124,4124,515.0,lot32793,Center,wf_image_4124.png,test
4125,4125,2126.0,lot20907,Edge-Ring,wf_image_4125.png,train
4126,4126,1291.0,lot10942,Edge-Loc,wf_image_4126.png,test
4127,4127,3927.0,lot9152,Edge-Ring,wf_image_4127.png,train
4128,4128,1075.0,lot44170,Edge-Ring,wf_image_4128.png,cal
4129,4129,741.0,lot44304,Scratch,wf_image_4129.png,test
4130,4130,3036.0,lot11880,Edge-Ring,wf_image_4130.png,train
4131,4131,515.0,lot6178,Center,wf_image_4131.png,train
4132,4132,1109.0,lot45301,Edge-Loc,wf_image_4132.png,cal
4133,4133,1075.0,lot2149,Edge-Ring,wf_image_4133.png,train
4134,4134,515.0,lot32851,Center,wf_image_4134.png,val
4135,4135,3036.0,lot10185,Edge-Ring,wf_image_4135.png,train
4136,4136,3927.0,lot2534,Edge-Ring,wf_image_4136.png,train
4137,4137,1801.0,lot4642,Edge-Loc,wf_image_4137.png,cal
4138,4138,776.0,lot41112,Center,wf_image_4138.png,val
4139,4139,1349.0,lot2434,Random,wf_image_4139.png,train
4140,4140,1334.0,lot17143,Donut,wf_image_4140.png,cal
4141,4141,515.0,lot36696,Center,wf_image_4141.png,train
4142,4142,1411.0,lot15631,Random,wf_image_4142.png,train
4143,4143,1376.0,lot45893,Donut,wf_image_4143.png,train
4144,4144,12662.0,lot17000,Edge-Ring,wf_image_4144.png,train
4145,4145,846.0,lot5257,Edge-Loc,wf_image_4145.png,cal
4146,4146,515.0,lot36686,Center,wf_image_4146.png,train
4147,4147,515.0,lot33089,Center,wf_image_4147.png,train
4148,4148,1376.0,lot19251,Donut,wf_image_4148.png,train
4149,4149,1129.0,lot42657,Edge-Ring,wf_image_4149.png,train
4150,4150,515.0,lot36975,Center,wf_image_4150.png,train
4151,4151,2126.0,lot18018,Edge-Ring,wf_image_4151.png,train
4152,4152,562.0,lot46804,Center,wf_image_4152.png,train
4153,4153,845.0,lot42218,Loc,wf_image_4153.png,val
4154,4154,515.0,lot8210,Random,wf_image_4154.png,train
4155,4155,1349.0,lot2434,Random,wf_image_4155.png,train
4156,4156,515.0,lot36994,Random,wf_image_4156.png,val
4157,4157,776.0,lot40996,Edge-Loc,wf_image_4157.png,train
4158,4158,515.0,lot11100,Edge-Loc,wf_image_4158.png,val
4159,4159,845.0,lot42329,Loc,wf_image_4159.png,train
4160,4160,2126.0,lot22475,Edge-Ring,wf_image_4160.png,cal
4161,4161,1376.0,lot45779,Edge-Loc,wf_image_4161.png,train
4162,4162,2126.0,lot20729,Edge-Ring,wf_image_4162.png,train
4163,4163,741.0,lot44437,Scratch,wf_image_4163.png,train
4164,4164,1075.0,lot44166,Edge-Ring,wf_image_4164.png,cal
4165,4165,1334.0,lot17159,Loc,wf_image_4165.png,train
4166,4166,1075.0,lot13966,Edge-Ring,wf_image_4166.png,train
4167,4167,533.0,lot40503,Scratch,wf_image_4167.png,test
4168,4168,1109.0,lot45534,Center,wf_image_4168.png,train
4169,4169,518.0,lot45241,Edge-Loc,wf_image_4169.png,train
4170,4170,1075.0,lot23098,Edge-Ring,wf_image_4170.png,train
4171,4171,1349.0,lot2375,Random,wf_image_4171.png,train
4172,4172,515.0,lot36666,Center,wf_image_4172.png,train
4173,4173,1376.0,lot45774,Edge-Loc,wf_image_4173.png,train
4174,4174,562.0,lot47178,Scratch,wf_image_4174.png,cal
4175,4175,1334.0,lot17127,Donut,wf_image_4175.png,cal
4176,4176,1109.0,lot45591,Scratch,wf_image_4176.png,cal
4177,4177,2126.0,lot22471,Edge-Ring,wf_image_4177.png,train
4178,4178,2126.0,lot20134,Edge-Ring,wf_image_4178.png,train
4179,4179,518.0,lot43965,Edge-Ring,wf_image_4179.png,test
4180,4180,1075.0,lot2497,Edge-Ring,wf_image_4180.png,test
4181,4181,1334.0,lot17154,Donut,wf_image_4181.png,train
4182,4182,741.0,lot44503,Near-full,wf_image_4182.png,train
4183,4183,562.0,lot46792,Edge-Ring,wf_image_4183.png,train
4184,4184,515.0,lot36601,Center,wf_image_4184.png,test
4185,4185,516.0,lot43508,Loc,wf_image_4185.png,test
4186,4186,846.0,lot38810,Random,wf_image_4186.png,train
4187,4187,12662.0,lot19852,Edge-Ring,wf_image_4187.png,train
4188,4188,741.0,lot44381,Edge-Loc,wf_image_4188.png,cal
4189,4189,1801.0,lot5908,Edge-Loc,wf_image_4189.png,train
4190,4190,776.0,lot40885,Edge-Loc,wf_image_4190.png,train
4191,4191,1376.0,lot45835,Scratch,wf_image_4191.png,train
4192,4192,561.0,lot47169,Edge-Loc,wf_image_4192.png,test
4193,4193,515.0,lot36721,Center,wf_image_4193.png,test
4194,4194,3036.0,lot11630,Edge-Ring,wf_image_4194.png,val
4195,4195,515.0,lot36566,Center,wf_image_4195.png,cal
4196,4196,600.0,lot47516,Edge-Loc,wf_image_4196.png,train
4197,4197,1801.0,lot4084,Edge-Loc,wf_image_4197.png,train
4198,4198,1075.0,lot2503,Edge-Ring,wf_image_4198.png,val
4199,4199,710.0,lot4785,Edge-Loc,wf_image_4199.png,train
4200,4200,1075.0,lot2497,Edge-Ring,wf_image_4200.png,train
4201,4201,533.0,lot40404,Scratch,wf_image_4201.png,test
4202,4202,1075.0,lot2495,Edge-Ring,wf_image_4202.png,train
4203,4203,1226.0,lot23595,Center,wf_image_4203.png,train
4204,4204,515.0,lot39511,Center,wf_image_4204.png,test
4205,4205,1080.0,lot21649,Donut,wf_image_4205.png,test
4206,4206,1075.0,lot2502,Edge-Ring,wf_image_4206.png,train
4207,4207,845.0,lot42245,Loc,wf_image_4207.png,val
4208,4208,1291.0,lot13716,Edge-Ring,wf_image_4208.png,train
4209,4209,939.0,lot3916,Edge-Loc,wf_image_4209.png,train
4210,4210,776.0,lot40831,Scratch,wf_image_4210.png,train
4211,4211,776.0,lot41073,Loc,wf_image_4211.png,train
4212,4212,515.0,lot33076,Center,wf_image_4212.png,train
4213,4213,904.0,lot45623,Loc,wf_image_4213.png,val
4214,4214,1421.0,lot44803,Edge-Ring,wf_image_4214.png,train
4215,4215,1075.0,lot2436,Edge-Ring,wf_image_4215.png,val
4216,4216,1376.0,lot45777,Edge-Loc,wf_image_4216.png,train
4217,4217,845.0,lot42190,Donut,wf_image_4217.png,train
4218,4218,515.0,lot36718,Center,wf_image_4218.png,train
4219,4219,904.0,lot45645,Edge-Loc,wf_image_4219.png,val
4220,4220,533.0,lot10992,Edge-Loc,wf_image_4220.png,train
4221,4221,1075.0,lot25391,Edge-Ring,wf_image_4221.png,test
4222,4222,2126.0,lot21578,Edge-Ring,wf_image_4222.png,train
4223,4223,1334.0,lot17116,Donut,wf_image_4223.png,val
4224,4224,1075.0,lot44165,Edge-Ring,wf_image_4224.png,train
4225,4225,1075.0,lot13962,Edge-Ring,wf_image_4225.png,cal
4226,4226,1075.0,lot23107,Edge-Ring,wf_image_4226.png,val
4227,4227,1334.0,lot17178,Donut,wf_image_4227.png,test
4228,4228,2126.0,lot21041,Edge-Ring,wf_image_4228.png,test
4229,4229,1334.0,lot17154,Donut,wf_image_4229.png,train
4230,4230,562.0,lot47047,Scratch,wf_image_4230.png,train
4231,4231,12662.0,lot24524,Edge-Ring,wf_image_4231.png,val
4232,4232,3036.0,lot12761,Edge-Ring,wf_image_4232.png,val
4233,4233,516.0,lot43275,Random,wf_image_4233.png,cal
4234,4234,1999.0,lot14768,Edge-Ring,wf_image_4234.png,cal
4235,4235,1109.0,lot45565,Edge-Loc,wf_image_4235.png,cal
4236,4236,3036.0,lot12751,Edge-Ring,wf_image_4236.png,train
4237,4237,733.0,lot35076,Center,wf_image_4237.png,train
4238,4238,1075.0,lot2150,Edge-Ring,wf_image_4238.png,test
4239,4239,1658.0,lot16536,Edge-Ring,wf_image_4239.png,cal
4240,4240,1109.0,lot45437,Scratch,wf_image_4240.png,val
4241,4241,515.0,lot36599,Center,wf_image_4241.png,cal
4242,4242,515.0,lot37028,Center,wf_image_4242.png,train
4243,4243,515.0,lot10296,Center,wf_image_4243.png,val
4244,4244,515.0,lot36838,Center,wf_image_4244.png,test
4245,4245,533.0,lot40560,Random,wf_image_4245.png,cal
4246,4246,2126.0,lot20737,Edge-Ring,wf_image_4246.png,test
4247,4247,3036.0,lot12766,Edge-Ring,wf_image_4247.png,cal
4248,4248,1075.0,lot23102,Edge-Ring,wf_image_4248.png,train
4249,4249,1801.0,lot5916,Edge-Loc,wf_image_4249.png,train
4250,4250,904.0,lot45635,Loc,wf_image_4250.png,train
4251,4251,1376.0,lot45932,Edge-Loc,wf_image_4251.png,train
4252,4252,3036.0,lot12764,Edge-Ring,wf_image_4252.png,train
4253,4253,515.0,lot36908,Center,wf_image_4253.png,train
4254,4254,1109.0,lot45373,Edge-Loc,wf_image_4254.png,test
4255,4255,533.0,lot8344,Random,wf_image_4255.png,train
4256,4256,1376.0,lot45784,Scratch,wf_image_4256.png,train
4257,4257,939.0,lot6316,Loc,wf_image_4257.png,test
4258,4258,733.0,lot39444,Center,wf_image_4258.png,val
4259,4259,2126.0,lot21039,Edge-Ring,wf_image_4259.png,val
4260,4260,776.0,lot8100,Edge-Loc,wf_image_4260.png,cal
4261,4261,904.0,lot45640,Loc,wf_image_4261.png,train
4262,4262,1376.0,lot45795,Scratch,wf_image_4262.png,train
4263,4263,1421.0,lot44776,Edge-Ring,wf_image_4263.png,train
4264,4264,741.0,lot44283,Scratch,wf_image_4264.png,train
4265,4265,1801.0,lot4665,Edge-Loc,wf_image_4265.png,val
4266,4266,533.0,lot153,Edge-Loc,wf_image_4266.png,train
4267,4267,904.0,lot45634,Random,wf_image_4267.png,val
4268,4268,1075.0,lot23101,Edge-Ring,wf_image_4268.png,cal
4269,4269,1075.0,lot2526,Edge-Ring,wf_image_4269.png,train
4270,4270,1109.0,lot45391,Loc,wf_image_4270.png,train
4271,4271,1421.0,lot44795,Edge-Loc,wf_image_4271.png,cal
4272,4272,712.0,lot27513,Edge-Loc,wf_image_4272.png,cal
4273,4273,1291.0,lot13703,Edge-Ring,wf_image_4273.png,test
4274,4274,3927.0,lot9151,Edge-Ring,wf_image_4274.png,val
4275,4275,1291.0,lot10051,Edge-Ring,wf_image_4275.png,train
4276,4276,3927.0,lot9148,Edge-Ring,wf_image_4276.png,train
4277,4277,1334.0,lot17184,Donut,wf_image_4277.png,test
4278,4278,516.0,lot43219,Random,wf_image_4278.png,train
4279,4279,515.0,lot36761,Center,wf_image_4279.png,train
4280,4280,1334.0,lot17133,Donut,wf_image_4280.png,train
4281,4281,518.0,lot20778,Edge-Loc,wf_image_4281.png,train
4282,4282,741.0,lot3199,Loc,wf_image_4282.png,val
4283,4283,904.0,lot45631,Center,wf_image_4283.png,cal
4284,4284,2126.0,lot22473,Edge-Ring,wf_image_4284.png,train
4285,4285,515.0,lot36655,Center,wf_image_4285.png,cal
4286,4286,1080.0,lot23180,Loc,wf_image_4286.png,train
4287,4287,733.0,lot35140,Random,wf_image_4287.png,train
4288,4288,1139.0,lot15563,Random,wf_image_4288.png,train
4289,4289,515.0,lot35933,Center,wf_image_4289.png,cal
4290,4290,518.0,lot43979,Center,wf_image_4290.png,train
4291,4291,2126.0,lot20911,Edge-Ring,wf_image_4291.png,train
4292,4292,3927.0,lot2153,Edge-Ring,wf_image_4292.png,train
4293,4293,515.0,lot36706,Center,wf_image_4293.png,train
4294,4294,1109.0,lot45403,Loc,wf_image_4294.png,val
4295,4295,1075.0,lot2150,Edge-Ring,wf_image_4295.png,train
4296,4296,515.0,lot36705,Center,wf_image_4296.png,train
4297,4297,3036.0,lot11630,Edge-Ring,wf_image_4297.png,test
4298,4298,1060.0,lot47273,Loc,wf_image_4298.png,test
4299,4299,843.0,lot42366,Loc,wf_image_4299.png,test
4300,4300,1075.0,lot2508,Edge-Ring,wf_image_4300.png,val
4301,4301,710.0,lot38163,Edge-Loc,wf_image_4301.png,train
4302,4302,516.0,lot43044,Random,wf_image_4302.png,cal
4303,4303,518.0,lot43884,Random,wf_image_4303.png,train
4304,4304,1109.0,lot45329,Edge-Loc,wf_image_4304.png,val
4305,4305,904.0,lot7734,Loc,wf_image_4305.png,val
4306,4306,1109.0,lot45347,Edge-Loc,wf_image_4306.png,train
4307,4307,3036.0,lot12748,Edge-Ring,wf_image_4307.png,train
4308,4308,3927.0,lot9146,Edge-Ring,wf_image_4308.png,train
4309,4309,1080.0,lot21777,Random,wf_image_4309.png,train
4310,4310,1080.0,lot21650,Donut,wf_image_4310.png,train
4311,4311,776.0,lot40830,Loc,wf_image_4311.png,train
4312,4312,1658.0,lot16536,Edge-Ring,wf_image_4312.png,train
4313,4313,1421.0,lot44802,Edge-Ring,wf_image_4313.png,test
4314,4314,533.0,lot40455,Scratch,wf_image_4314.png,train
4315,4315,515.0,lot35914,Center,wf_image_4315.png,test
4316,4316,1075.0,lot2437,Edge-Ring,wf_image_4316.png,train
4317,4317,515.0,lot39557,Center,wf_image_4317.png,val
4318,4318,2126.0,lot22475,Edge-Ring,wf_image_4318.png,train
4319,4319,776.0,lot40788,Edge-Loc,wf_image_4319.png,train
4320,4320,1109.0,lot45519,Edge-Loc,wf_image_4320.png,train
4321,4321,3036.0,lot12760,Edge-Ring,wf_image_4321.png,train
4322,4322,515.0,lot10396,Center,wf_image_4322.png,val
4323,4323,843.0,lot42231,Random,wf_image_4323.png,val
4324,4324,1075.0,lot13965,Edge-Ring,wf_image_4324.png,train
4325,4325,844.0,lot42185,Edge-Loc,wf_image_4325.png,test
4326,4326,1421.0,lot44785,Edge-Ring,wf_image_4326.png,test
4327,4327,1349.0,lot2426,Random,wf_image_4327.png,cal
4328,4328,845.0,lot42258,Edge-Loc,wf_image_4328.png,train
4329,4329,2126.0,lot20905,Edge-Ring,wf_image_4329.png,train
4330,4330,1376.0,lot45717,Edge-Loc,wf_image_4330.png,train
4331,4331,1376.0,lot45813,Edge-Loc,wf_image_4331.png,train
4332,4332,845.0,lot42368,Edge-Ring,wf_image_4332.png,train
4333,4333,516.0,lot43578,Edge-Loc,wf_image_4333.png,test
4334,4334,3036.0,lot12764,Edge-Ring,wf_image_4334.png,cal
4335,4335,1334.0,lot17158,Donut,wf_image_4335.png,train
4336,4336,1658.0,lot16598,Edge-Ring,wf_image_4336.png,train
4337,4337,1109.0,lot45513,Loc,wf_image_4337.png,train
4338,4338,776.0,lot40975,Edge-Loc,wf_image_4338.png,train
4339,4339,1349.0,lot2426,Random,wf_image_4339.png,test
4340,4340,776.0,lot40844,Edge-Loc,wf_image_4340.png,test
4341,4341,1109.0,lot45375,Edge-Loc,wf_image_4341.png,cal
4342,4342,515.0,lot36898,Center,wf_image_4342.png,train
4343,4343,1060.0,lot47465,Scratch,wf_image_4343.png,train
4344,4344,3036.0,lot12745,Edge-Ring,wf_image_4344.png,train
4345,4345,3036.0,lot11438,Loc,wf_image_4345.png,train
4346,4346,710.0,lot4509,Edge-Loc,wf_image_4346.png,train
4347,4347,2126.0,lot21563,Edge-Ring,wf_image_4347.png,train
4348,4348,1376.0,lot45818,Loc,wf_image_4348.png,train
4349,4349,3927.0,lot11171,Edge-Ring,wf_image_4349.png,cal
4350,4350,2126.0,lot18382,Edge-Ring,wf_image_4350.png,train
4351,4351,776.0,lot40989,Center,wf_image_4351.png,train
4352,4352,515.0,lot36633,Center,wf_image_4352.png,train
4353,4353,562.0,lot46785,Edge-Loc,wf_image_4353.png,train
4354,4354,1421.0,lot44803,Edge-Ring,wf_image_4354.png,train
4355,4355,3036.0,lot11630,Edge-Ring,wf_image_4355.png,train
4356,4356,1334.0,lot17106,Donut,wf_image_4356.png,val
4357,4357,1291.0,lot13715,Edge-Ring,wf_image_4357.png,train
4358,4358,1376.0,lot45810,Edge-Loc,wf_image_4358.png,train
4359,4359,1075.0,lot23103,Edge-Ring,wf_image_4359.png,test
4360,4360,1658.0,lot16605,Edge-Ring,wf_image_4360.png,val
4361,4361,3036.0,lot11965,Edge-Ring,wf_image_4361.png,test
4362,4362,1334.0,lot16688,Center,wf_image_4362.png,test
4363,4363,776.0,lot41137,Loc,wf_image_4363.png,train
4364,4364,710.0,lot33545,Edge-Loc,wf_image_4364.png,test
4365,4365,600.0,lot47498,Edge-Ring,wf_image_4365.png,cal
4366,4366,1075.0,lot25393,Edge-Ring,wf_image_4366.png,val
4367,4367,562.0,lot47075,Loc,wf_image_4367.png,cal
4368,4368,1075.0,lot13967,Edge-Ring,wf_image_4368.png,cal
4369,4369,1109.0,lot45586,Scratch,wf_image_4369.png,test
4370,4370,1291.0,lot10051,Edge-Ring,wf_image_4370.png,train
4371,4371,533.0,lot40568,Loc,wf_image_4371.png,val
4372,4372,3036.0,lot11856,Edge-Ring,wf_image_4372.png,train
4373,4373,736.0,lot42843,Center,wf_image_4373.png,train
4374,4374,1109.0,lot45314,Edge-Loc,wf_image_4374.png,train
4375,4375,515.0,lot36981,Center,wf_image_4375.png,cal
4376,4376,515.0,lot35919,Center,wf_image_4376.png,val
4377,4377,1109.0,lot45528,Edge-Loc,wf_image_4377.png,val
4378,4378,3036.0,lot12756,Edge-Ring,wf_image_4378.png,cal
4379,4379,2126.0,lot22477,Edge-Ring,wf_image_4379.png,cal
4380,4380,1658.0,lot16605,Edge-Ring,wf_image_4380.png,train
4381,4381,3927.0,lot9152,Edge-Ring,wf_image_4381.png,train
4382,4382,516.0,lot43508,Center,wf_image_4382.png,test
4383,4383,3036.0,lot9334,Edge-Ring,wf_image_4383.png,train
4384,4384,1291.0,lot11987,Edge-Ring,wf_image_4384.png,train
4385,4385,3036.0,lot12751,Edge-Ring,wf_image_4385.png,test
4386,4386,1075.0,lot2523,Edge-Ring,wf_image_4386.png,cal
4387,4387,776.0,lot41015,Center,wf_image_4387.png,train
4388,4388,1376.0,lot45758,Edge-Loc,wf_image_4388.png,train
4389,4389,776.0,lot40980,Loc,wf_image_4389.png,test
4390,4390,516.0,lot43570,Random,wf_image_4390.png,test
4391,4391,1109.0,lot45346,Edge-Loc,wf_image_4391.png,train
4392,4392,1080.0,lot21479,Random,wf_image_4392.png,train
4393,4393,1658.0,lot23110,Edge-Ring,wf_image_4393.png,test
4394,4394,1075.0,lot2520,Edge-Ring,wf_image_4394.png,train
4395,4395,2126.0,lot21578,Edge-Ring,wf_image_4395.png,train
4396,4396,1376.0,lot45791,Loc,wf_image_4396.png,cal
4397,4397,1075.0,lot44166,Edge-Ring,wf_image_4397.png,train
4398,4398,562.0,lot46785,Edge-Loc,wf_image_4398.png,cal
4399,4399,2126.0,lot21043,Edge-Ring,wf_image_4399.png,train
4400,4400,1075.0,lot12907,Edge-Ring,wf_image_4400.png,cal
4401,4401,1334.0,lot17158,Loc,wf_image_4401.png,cal
4402,4402,904.0,lot1967,Edge-Ring,wf_image_4402.png,train
4403,4403,515.0,lot36637,Center,wf_image_4403.png,train
4404,4404,904.0,lot45647,Center,wf_image_4404.png,val
4405,4405,1075.0,lot44170,Edge-Ring,wf_image_4405.png,train
4406,4406,515.0,lot36810,Center,wf_image_4406.png,train
4407,4407,533.0,lot40534,Donut,wf_image_4407.png,train
4408,4408,3927.0,lot2156,Edge-Ring,wf_image_4408.png,cal
4409,4409,515.0,lot36718,Center,wf_image_4409.png,val
4410,4410,1075.0,lot2517,Edge-Ring,wf_image_4410.png,train
4411,4411,515.0,lot37020,Center,wf_image_4411.png,cal
4412,4412,515.0,lot36638,Center,wf_image_4412.png,val
4413,4413,712.0,lot41802,Loc,wf_image_4413.png,test
4414,4414,1334.0,lot17180,Donut,wf_image_4414.png,cal
4415,4415,533.0,lot159,Scratch,wf_image_4415.png,train
4416,4416,562.0,lot47086,Edge-Ring,wf_image_4416.png,train
4417,4417,1075.0,lot12905,Edge-Ring,wf_image_4417.png,train
4418,4418,562.0,lot46797,Edge-Loc,wf_image_4418.png,train
4419,4419,1075.0,lot11590,Edge-Ring,wf_image_4419.png,test
4420,4420,518.0,lot43922,Near-full,wf_image_4420.png,cal
4421,4421,1801.0,lot4722,Edge-Loc,wf_image_4421.png,train
4422,4422,3927.0,lot10009,Edge-Ring,wf_image_4422.png,test
4423,4423,1334.0,lot17143,Donut,wf_image_4423.png,train
4424,4424,904.0,lot45640,Center,wf_image_4424.png,train
4425,4425,904.0,lot45622,Center,wf_image_4425.png,train
4426,4426,1421.0,lot44802,Edge-Ring,wf_image_4426.png,val
4427,4427,2126.0,lot20731,Edge-Ring,wf_image_4427.png,train
4428,4428,600.0,lot47508,Edge-Loc,wf_image_4428.png,train
4429,4429,1421.0,lot44797,Edge-Ring,wf_image_4429.png,train
4430,4430,600.0,lot47501,Edge-Ring,wf_image_4430.png,test
4431,4431,939.0,lot5990,Edge-Loc,wf_image_4431.png,train
4432,4432,733.0,lot39456,Center,wf_image_4432.png,train
4433,4433,2126.0,lot20904,Edge-Ring,wf_image_4433.png,train
4434,4434,1334.0,lot16988,Donut,wf_image_4434.png,val
4435,4435,1075.0,lot2151,Edge-Ring,wf_image_4435.png,train
4436,4436,844.0,lot42243,Donut,wf_image_4436.png,train
4437,4437,3036.0,lot12747,Edge-Ring,wf_image_4437.png,train
4438,4438,1129.0,lot9344,Edge-Ring,wf_image_4438.png,cal
4439,4439,3036.0,lot12761,Edge-Ring,wf_image_4439.png,train
4440,4440,1801.0,lot5917,Edge-Loc,wf_image_4440.png,test
4441,4441,1334.0,lot17176,Donut,wf_image_4441.png,val
4442,4442,1109.0,lot45337,Edge-Loc,wf_image_4442.png,cal
4443,4443,1999.0,lot15000,Edge-Ring,wf_image_4443.png,train
4444,4444,1080.0,lot18735,Random,wf_image_4444.png,train
4445,4445,515.0,lot36927,Center,wf_image_4445.png,train
4446,4446,515.0,lot39621,Center,wf_image_4446.png,cal
4447,4447,1075.0,lot2494,Edge-Ring,wf_image_4447.png,val
4448,4448,1075.0,lot2756,Edge-Ring,wf_image_4448.png,test
4449,4449,1109.0,lot45379,Loc,wf_image_4449.png,cal
4450,4450,1334.0,lot17155,Donut,wf_image_4450.png,train
4451,4451,2126.0,lot18021,Edge-Ring,wf_image_4451.png,cal
4452,4452,518.0,lot43986,Loc,wf_image_4452.png,val
4453,4453,1658.0,lot16554,Edge-Ring,wf_image_4453.png,train
4454,4454,515.0,lot39609,Center,wf_image_4454.png,test
4455,4455,515.0,lot39611,Center,wf_image_4455.png,train
4456,4456,2126.0,lot22475,Edge-Ring,wf_image_4456.png,train
4457,4457,3036.0,lot12766,Edge-Ring,wf_image_4457.png,cal
4458,4458,2126.0,lot21044,Edge-Ring,wf_image_4458.png,test
4459,4459,3036.0,lot12746,Edge-Ring,wf_image_4459.png,cal
4460,4460,3036.0,lot12749,Edge-Ring,wf_image_4460.png,train
4461,4461,846.0,lot7369,Loc,wf_image_4461.png,train
4462,4462,1334.0,lot17164,Edge-Loc,wf_image_4462.png,test
4463,4463,516.0,lot42885,Near-full,wf_image_4463.png,train
4464,4464,1801.0,lot8892,Center,wf_image_4464.png,cal
4465,4465,1999.0,lot14928,Edge-Ring,wf_image_4465.png,val
4466,4466,741.0,lot44395,Near-full,wf_image_4466.png,train
4467,4467,939.0,lot6391,Edge-Ring,wf_image_4467.png,cal
4468,4468,1349.0,lot2423,Random,wf_image_4468.png,val
4469,4469,515.0,lot33167,Center,wf_image_4469.png,val
4470,4470,1075.0,lot2150,Edge-Ring,wf_image_4470.png,train
4471,4471,1060.0,lot47304,Center,wf_image_4471.png,val
4472,4472,3036.0,lot11855,Edge-Ring,wf_image_4472.png,train
4473,4473,741.0,lot3060,Edge-Ring,wf_image_4473.png,test
4474,4474,1129.0,lot42684,Center,wf_image_4474.png,test
4475,4475,562.0,lot46855,Edge-Loc,wf_image_4475.png,val
4476,4476,1075.0,lot2497,Edge-Ring,wf_image_4476.png,val
4477,4477,1075.0,lot2526,Edge-Ring,wf_image_4477.png,train
4478,4478,1999.0,lot15009,Edge-Ring,wf_image_4478.png,val
4479,4479,3036.0,lot9337,Edge-Ring,wf_image_4479.png,val
4480,4480,939.0,lot6331,Loc,wf_image_4480.png,train
4481,4481,1658.0,lot16599,Edge-Ring,wf_image_4481.png,test
4482,4482,776.0,lot5825,Edge-Loc,wf_image_4482.png,train
4483,4483,2126.0,lot18021,Edge-Ring,wf_image_4483.png,train
4484,4484,3036.0,lot12759,Edge-Ring,wf_image_4484.png,cal
4485,4485,1109.0,lot45427,Random,wf_image_4485.png,train
4486,4486,12662.0,lot17286,Edge-Ring,wf_image_4486.png,train
4487,4487,710.0,lot39941,Loc,wf_image_4487.png,train
4488,4488,1109.0,lot45376,Edge-Loc,wf_image_4488.png,test
4489,4489,1999.0,lot14768,Edge-Ring,wf_image_4489.png,train
4490,4490,3927.0,lot2156,Edge-Ring,wf_image_4490.png,test
4491,4491,12662.0,lot19858,Edge-Ring,wf_image_4491.png,train
4492,4492,904.0,lot45640,Loc,wf_image_4492.png,val
4493,4493,3927.0,lot2154,Edge-Ring,wf_image_4493.png,train
4494,4494,1138.0,lot42799,Loc,wf_image_4494.png,train
4495,4495,2126.0,lot18021,Edge-Ring,wf_image_4495.png,cal
4496,4496,1075.0,lot2520,Edge-Ring,wf_image_4496.png,train
4497,4497,516.0,lot43559,Edge-Ring,wf_image_4497.png,val
4498,4498,1075.0,lot2519,Edge-Ring,wf_image_4498.png,train
4499,4499,2126.0,lot21578,Edge-Ring,wf_image_4499.png,train
4500,4500,844.0,lot2017,Donut,wf_image_4500.png,train
4501,4501,1075.0,lot2508,Edge-Ring,wf_image_4501.png,cal
4502,4502,533.0,lot210,Edge-Loc,wf_image_4502.png,train
4503,4503,2126.0,lot21040,Edge-Ring,wf_image_4503.png,train
4504,4504,733.0,lot39504,Center,wf_image_4504.png,test
4505,4505,733.0,lot39440,Center,wf_image_4505.png,test
4506,4506,1376.0,lot26624,Edge-Ring,wf_image_4506.png,train
4507,4507,939.0,lot3894,Edge-Loc,wf_image_4507.png,train
4508,4508,846.0,lot38782,Loc,wf_image_4508.png,cal
4509,4509,1080.0,lot21715,Loc,wf_image_4509.png,train
4510,4510,1376.0,lot45718,Loc,wf_image_4510.png,train
4511,4511,1801.0,lot4724,Edge-Loc,wf_image_4511.png,test
4512,4512,533.0,lot7654,Loc,wf_image_4512.png,train
4513,4513,1334.0,lot17141,Donut,wf_image_4513.png,train
4514,4514,1075.0,lot2512,Edge-Ring,wf_image_4514.png,train
4515,4515,562.0,lot47114,Edge-Loc,wf_image_4515.png,test
4516,4516,1421.0,lot44810,Edge-Ring,wf_image_4516.png,val
4517,4517,939.0,lot7880,Random,wf_image_4517.png,val
4518,4518,1801.0,lot8893,Edge-Loc,wf_image_4518.png,train
4519,4519,2126.0,lot21040,Edge-Ring,wf_image_4519.png,train
4520,4520,516.0,lot43507,Loc,wf_image_4520.png,cal
4521,4521,1075.0,lot2504,Edge-Ring,wf_image_4521.png,test
4522,4522,2126.0,lot18021,Edge-Ring,wf_image_4522.png,train
4523,4523,1138.0,lot42760,Center,wf_image_4523.png,train
4524,4524,12662.0,lot19858,Edge-Ring,wf_image_4524.png,val
4525,4525,1075.0,lot2501,Edge-Ring,wf_image_4525.png,val
4526,4526,2126.0,lot18376,Edge-Ring,wf_image_4526.png,val
4527,4527,1139.0,lot42802,Scratch,wf_image_4527.png,train
4528,4528,776.0,lot40902,Edge-Loc,wf_image_4528.png,test
4529,4529,1071.0,lot44162,Edge-Ring,wf_image_4529.png,train
4530,4530,1421.0,lot44798,Edge-Ring,wf_image_4530.png,test
4531,4531,845.0,lot42221,Loc,wf_image_4531.png,train
4532,4532,562.0,lot47191,Loc,wf_image_4532.png,train
4533,4533,515.0,lot32946,Center,wf_image_4533.png,test
4534,4534,3927.0,lot9152,Edge-Ring,wf_image_4534.png,cal
4535,4535,710.0,lot38481,Edge-Loc,wf_image_4535.png,train
4536,4536,515.0,lot36633,Center,wf_image_4536.png,train
4537,4537,516.0,lot43589,Edge-Loc,wf_image_4537.png,cal
4538,4538,1376.0,lot45895,Loc,wf_image_4538.png,val
4539,4539,1421.0,lot44782,Edge-Ring,wf_image_4539.png,train
4540,4540,562.0,lot46976,Scratch,wf_image_4540.png,train
4541,4541,515.0,lot36839,Center,wf_image_4541.png,val
4542,4542,1075.0,lot44169,Edge-Ring,wf_image_4542.png,train
4543,4543,533.0,lot40568,Edge-Loc,wf_image_4543.png,test
4544,4544,3036.0,lot11690,Edge-Ring,wf_image_4544.png,train
4545,4545,1060.0,lot47415,Center,wf_image_4545.png,train
4546,4546,515.0,lot36872,Center,wf_image_4546.png,train
4547,4547,515.0,lot6175,Loc,wf_image_4547.png,train
4548,4548,12662.0,lot24524,Edge-Ring,wf_image_4548.png,train
4549,4549,1291.0,lot12743,Edge-Ring,wf_image_4549.png,train
4550,4550,1060.0,lot47468,Edge-Loc,wf_image_4550.png,train
4551,4551,1226.0,lot20981,Center,wf_image_4551.png,train
4552,4552,1421.0,lot44781,Edge-Loc,wf_image_4552.png,cal
4553,4553,1060.0,lot47374,Loc,wf_image_4553.png,test
4554,4554,1060.0,lot47285,Edge-Loc,wf_image_4554.png,test
4555,4555,939.0,lot6119,Edge-Loc,wf_image_4555.png,train
4556,4556,1376.0,lot45755,Loc,wf_image_4556.png,train
4557,4557,600.0,lot47532,Edge-Loc,wf_image_4557.png,test
4558,4558,1226.0,lot23648,Center,wf_image_4558.png,train
4559,4559,2126.0,lot20904,Edge-Ring,wf_image_4559.png,train
4560,4560,1421.0,lot44802,Edge-Ring,wf_image_4560.png,train
4561,4561,712.0,lot41789,Random,wf_image_4561.png,train
4562,4562,776.0,lot4951,Edge-Loc,wf_image_4562.png,train
4563,4563,939.0,lot6498,Loc,wf_image_4563.png,train
4564,4564,516.0,lot43011,Edge-Loc,wf_image_4564.png,train
4565,4565,533.0,lot261,Loc,wf_image_4565.png,train
4566,4566,1421.0,lot44810,Edge-Ring,wf_image_4566.png,train
4567,4567,1334.0,lot17125,Center,wf_image_4567.png,val
4568,4568,3036.0,lot9334,Edge-Ring,wf_image_4568.png,test
4569,4569,1291.0,lot7397,Edge-Ring,wf_image_4569.png,cal
4570,4570,533.0,lot40495,Loc,wf_image_4570.png,train
4571,4571,12662.0,lot19856,Edge-Ring,wf_image_4571.png,train
4572,4572,515.0,lot35897,Center,wf_image_4572.png,cal
4573,4573,1075.0,lot44165,Edge-Ring,wf_image_4573.png,train
4574,4574,516.0,lot42955,Loc,wf_image_4574.png,test
4575,4575,515.0,lot36868,Center,wf_image_4575.png,val
4576,4576,562.0,lot47005,Loc,wf_image_4576.png,test
4577,4577,3036.0,lot11880,Edge-Ring,wf_image_4577.png,val
4578,4578,776.0,lot4879,Edge-Loc,wf_image_4578.png,test
4579,4579,515.0,lot35937,Center,wf_image_4579.png,train
4580,4580,533.0,lot40376,Center,wf_image_4580.png,train
4581,4581,3036.0,lot11966,Edge-Ring,wf_image_4581.png,train
4582,4582,843.0,lot42265,Center,wf_image_4582.png,test
4583,4583,845.0,lot42264,Donut,wf_image_4583.png,test
4584,4584,710.0,lot38319,Edge-Loc,wf_image_4584.png,train
4585,4585,776.0,lot40771,Edge-Loc,wf_image_4585.png,test
4586,4586,2126.0,lot18017,Edge-Ring,wf_image_4586.png,train
4587,4587,1376.0,lot45885,Edge-Loc,wf_image_4587.png,test
4588,4588,1334.0,lot17113,Donut,wf_image_4588.png,train
4589,4589,1999.0,lot14524,Edge-Ring,wf_image_4589.png,train
4590,4590,1074.0,lot44169,Edge-Ring,wf_image_4590.png,train
4591,4591,3927.0,lot2156,Edge-Ring,wf_image_4591.png,train
4592,4592,518.0,lot44015,Loc,wf_image_4592.png,train
4593,4593,1075.0,lot44168,Edge-Ring,wf_image_4593.png,train
4594,4594,1075.0,lot2527,Edge-Ring,wf_image_4594.png,train
4595,4595,1129.0,lot42721,Loc,wf_image_4595.png,val
4596,4596,1421.0,lot44816,Edge-Ring,wf_image_4596.png,train
4597,4597,1376.0,lot45720,Edge-Loc,wf_image_4597.png,test
4598,4598,3036.0,lot12747,Edge-Ring,wf_image_4598.png,val
4599,4599,1376.0,lot26624,Edge-Ring,wf_image_4599.png,train
4600,4600,1421.0,lot44793,Scratch,wf_image_4600.png,test
4601,4601,939.0,lot6331,Loc,wf_image_4601.png,train
4602,4602,1109.0,lot45327,Edge-Loc,wf_image_4602.png,cal
4603,4603,515.0,lot36722,Edge-Loc,wf_image_4603.png,val
4604,4604,1075.0,lot13968,Edge-Ring,wf_image_4604.png,val
4605,4605,776.0,lot41143,Center,wf_image_4605.png,cal
4606,4606,564.0,lot24235,Center,wf_image_4606.png,val
4607,4607,1334.0,lot45964,Scratch,wf_image_4607.png,train
4608,4608,1109.0,lot45445,Scratch,wf_image_4608.png,train
4609,4609,2126.0,lot20910,Edge-Ring,wf_image_4609.png,train
4610,4610,515.0,lot10396,Center,wf_image_4610.png,test
4611,4611,3927.0,lot9156,Edge-Ring,wf_image_4611.png,test
4612,4612,515.0,lot36868,Center,wf_image_4612.png,train
4613,4613,841.0,lot42194,Edge-Ring,wf_image_4613.png,train
4614,4614,3036.0,lot12777,Edge-Ring,wf_image_4614.png,train
4615,4615,845.0,lot42245,Edge-Loc,wf_image_4615.png,train
4616,4616,12662.0,lot17263,Edge-Ring,wf_image_4616.png,test
4617,4617,533.0,lot40482,Loc,wf_image_4617.png,train
4618,4618,2126.0,lot18378,Edge-Ring,wf_image_4618.png,train
4619,4619,844.0,lot7240,Loc,wf_image_4619.png,train
4620,4620,1334.0,lot17150,Donut,wf_image_4620.png,train
4621,4621,600.0,lot47492,Random,wf_image_4621.png,val
4622,4622,3927.0,lot9148,Edge-Ring,wf_image_4622.png,train
4623,4623,1226.0,lot23648,Center,wf_image_4623.png,train
4624,4624,515.0,lot36764,Center,wf_image_4624.png,test
4625,4625,710.0,lot38371,Edge-Loc,wf_image_4625.png,test
4626,4626,1334.0,lot17127,Donut,wf_image_4626.png,train
4627,4627,1075.0,lot2495,Edge-Ring,wf_image_4627.png,train
4628,4628,741.0,lot44552,Scratch,wf_image_4628.png,train
4629,4629,776.0,lot44071,Loc,wf_image_4629.png,test
4630,4630,1075.0,lot2508,Edge-Ring,wf_image_4630.png,test
4631,4631,515.0,lot36993,Center,wf_image_4631.png,train
4632,4632,533.0,lot10590,Edge-Loc,wf_image_4632.png,test
4633,4633,1334.0,lot17190,Loc,wf_image_4633.png,val
4634,4634,562.0,lot46816,Edge-Loc,wf_image_4634.png,train
4635,4635,2126.0,lot22474,Edge-Ring,wf_image_4635.png,test
4636,4636,1075.0,lot44165,Edge-Ring,wf_image_4636.png,cal
4637,4637,939.0,lot6316,Loc,wf_image_4637.png,train
4638,4638,533.0,lot40568,Edge-Loc,wf_image_4638.png,train
4639,4639,516.0,lot43526,Scratch,wf_image_4639.png,test
4640,4640,845.0,lot42267,Loc,wf_image_4640.png,test
4641,4641,515.0,lot36989,Center,wf_image_4641.png,train
4642,4642,1075.0,lot13962,Edge-Ring,wf_image_4642.png,test
4643,4643,533.0,lot212,Edge-Loc,wf_image_4643.png,test
4644,4644,516.0,lot43075,Edge-Loc,wf_image_4644.png,train
4645,4645,1421.0,lot44800,Edge-Ring,wf_image_4645.png,test
4646,4646,1291.0,lot13717,Edge-Ring,wf_image_4646.png,cal
4647,4647,516.0,lot42938,Loc,wf_image_4647.png,train
4648,4648,1075.0,lot44167,Edge-Ring,wf_image_4648.png,train
4649,4649,3036.0,lot12777,Edge-Ring,wf_image_4649.png,val
4650,4650,776.0,lot40772,Loc,wf_image_4650.png,val
4651,4651,845.0,lot42272,Scratch,wf_image_4651.png,train
4652,4652,562.0,lot46873,Edge-Loc,wf_image_4652.png,val
4653,4653,3036.0,lot9335,Edge-Ring,wf_image_4653.png,train
4654,4654,2126.0,lot22480,Edge-Ring,wf_image_4654.png,train
4655,4655,515.0,lot36630,Center,wf_image_4655.png,val
4656,4656,904.0,lot45642,Center,wf_image_4656.png,train
4657,4657,600.0,lot47493,Scratch,wf_image_4657.png,train
4658,4658,843.0,lot42239,Loc,wf_image_4658.png,train
4659,4659,1129.0,lot42622,Edge-Loc,wf_image_4659.png,cal
4660,4660,2126.0,lot18377,Edge-Ring,wf_image_4660.png,train
4661,4661,1349.0,lot2420,Random,wf_image_4661.png,cal
4662,4662,515.0,lot36830,Center,wf_image_4662.png,cal
4663,4663,515.0,lot35945,Center,wf_image_4663.png,test
4664,4664,846.0,lot29788,Edge-Ring,wf_image_4664.png,train
4665,4665,1376.0,lot45716,Random,wf_image_4665.png,cal
4666,4666,1109.0,lot45570,Loc,wf_image_4666.png,train
4667,4667,1334.0,lot45973,Loc,wf_image_4667.png,val
4668,4668,533.0,lot42165,Loc,wf_image_4668.png,train
4669,4669,515.0,lot32779,Center,wf_image_4669.png,test
4670,4670,2126.0,lot21040,Edge-Ring,wf_image_4670.png,test
4671,4671,2126.0,lot20907,Edge-Ring,wf_image_4671.png,train
4672,4672,776.0,lot41000,Edge-Loc,wf_image_4672.png,train
4673,4673,904.0,lot45624,Center,wf_image_4673.png,train
4674,4674,533.0,lot40381,Loc,wf_image_4674.png,cal
4675,4675,776.0,lot40975,Scratch,wf_image_4675.png,train
4676,4676,904.0,lot45634,Random,wf_image_4676.png,test
4677,4677,1075.0,lot2519,Edge-Ring,wf_image_4677.png,cal
4678,4678,1139.0,lot16826,Scratch,wf_image_4678.png,test
4679,4679,518.0,lot43896,Scratch,wf_image_4679.png,train
4680,4680,3036.0,lot11971,Edge-Ring,wf_image_4680.png,train
4681,4681,515.0,lot36631,Center,wf_image_4681.png,cal
4682,4682,1060.0,lot47463,Edge-Loc,wf_image_4682.png,train
4683,4683,516.0,lot43161,Loc,wf_image_4683.png,train
4684,4684,1334.0,lot17189,Edge-Loc,wf_image_4684.png,train
4685,4685,1226.0,lot19240,Loc,wf_image_4685.png,test
4686,4686,1139.0,lot42805,Near-full,wf_image_4686.png,train
4687,4687,1075.0,lot44167,Edge-Ring,wf_image_4687.png,cal
4688,4688,1801.0,lot6437,Edge-Ring,wf_image_4688.png,train
4689,4689,1075.0,lot2497,Edge-Ring,wf_image_4689.png,train
4690,4690,1075.0,lot44167,Edge-Ring,wf_image_4690.png,val
4691,4691,1075.0,lot2495,Edge-Ring,wf_image_4691.png,train
4692,4692,2126.0,lot21580,Edge-Ring,wf_image_4692.png,train
4693,4693,3036.0,lot12745,Edge-Ring,wf_image_4693.png,cal
4694,4694,533.0,lot40497,Scratch,wf_image_4694.png,cal
4695,4695,846.0,lot36253,Scratch,wf_image_4695.png,train
4696,4696,1421.0,lot44794,Edge-Ring,wf_image_4696.png,test
4697,4697,3036.0,lot2076,Edge-Ring,wf_image_4697.png,train
4698,4698,1349.0,lot2434,Random,wf_image_4698.png,test
4699,4699,533.0,lot40616,Edge-Loc,wf_image_4699.png,test
4700,4700,845.0,lot42310,Loc,wf_image_4700.png,cal
4701,4701,516.0,lot43364,Random,wf_image_4701.png,test
4702,4702,1226.0,lot22193,Center,wf_image_4702.png,test
4703,4703,1421.0,lot44817,Edge-Ring,wf_image_4703.png,cal
4704,4704,1109.0,lot45555,Center,wf_image_4704.png,cal
4705,4705,2126.0,lot20908,Edge-Ring,wf_image_4705.png,train
4706,4706,1334.0,lot17181,Center,wf_image_4706.png,cal
4707,4707,1421.0,lot44810,Edge-Ring,wf_image_4707.png,train
4708,4708,1999.0,lot14822,Edge-Ring,wf_image_4708.png,train
4709,4709,1801.0,lot4087,Donut,wf_image_4709.png,train
4710,4710,515.0,lot35947,Center,wf_image_4710.png,train
4711,4711,1075.0,lot23101,Edge-Ring,wf_image_4711.png,train
4712,4712,1334.0,lot17181,Donut,wf_image_4712.png,test
4713,4713,1075.0,lot2505,Edge-Ring,wf_image_4713.png,cal
4714,4714,776.0,lot41022,Edge-Loc,wf_image_4714.png,train
4715,4715,2126.0,lot21560,Edge-Ring,wf_image_4715.png,train
4716,4716,515.0,lot36753,Center,wf_image_4716.png,train
4717,4717,3036.0,lot12769,Edge-Ring,wf_image_4717.png,train
4718,4718,3036.0,lot12766,Edge-Ring,wf_image_4718.png,train
4719,4719,844.0,lot42202,Loc,wf_image_4719.png,train
4720,4720,562.0,lot47061,Center,wf_image_4720.png,train
4721,4721,1658.0,lot16600,Edge-Ring,wf_image_4721.png,train
4722,4722,1349.0,lot2375,Random,wf_image_4722.png,cal
4723,4723,1075.0,lot2523,Edge-Ring,wf_image_4723.png,train
4724,4724,3036.0,lot12747,Edge-Ring,wf_image_4724.png,test
4725,4725,1999.0,lot14527,Edge-Ring,wf_image_4725.png,test
4726,4726,845.0,lot7239,Loc,wf_image_4726.png,train
4727,4727,939.0,lot8039,Edge-Loc,wf_image_4727.png,test
4728,4728,1080.0,lot21519,Random,wf_image_4728.png,train
4729,4729,562.0,lot47180,Near-full,wf_image_4729.png,val
4730,4730,533.0,lot40459,Scratch,wf_image_4730.png,train
4731,4731,1075.0,lot44169,Edge-Ring,wf_image_4731.png,test
4732,4732,533.0,lot40648,Center,wf_image_4732.png,cal
4733,4733,515.0,lot39514,Center,wf_image_4733.png,val
4734,4734,1658.0,lot18375,Edge-Ring,wf_image_4734.png,test
4735,4735,710.0,lot38491,Edge-Loc,wf_image_4735.png,train
4736,4736,1376.0,lot45701,Edge-Loc,wf_image_4736.png,train
4737,4737,2126.0,lot20731,Edge-Ring,wf_image_4737.png,train
4738,4738,515.0,lot36599,Center,wf_image_4738.png,train
4739,4739,710.0,lot38185,Edge-Loc,wf_image_4739.png,train
4740,4740,1334.0,lot17154,Donut,wf_image_4740.png,test
4741,4741,1291.0,lot11987,Edge-Ring,wf_image_4741.png,train
4742,4742,904.0,lot45635,Center,wf_image_4742.png,train
4743,4743,12662.0,lot17286,Edge-Ring,wf_image_4743.png,test
4744,4744,3927.0,lot9155,Edge-Ring,wf_image_4744.png,train
4745,4745,600.0,lot47532,Edge-Loc,wf_image_4745.png,train
4746,4746,844.0,lot42277,Donut,wf_image_4746.png,train
4747,4747,3036.0,lot11857,Edge-Ring,wf_image_4747.png,train
4748,4748,1421.0,lot44783,Edge-Ring,wf_image_4748.png,train
4749,4749,776.0,lot41056,Edge-Loc,wf_image_4749.png,train
4750,4750,600.0,lot47486,Edge-Loc,wf_image_4750.png,cal
4751,4751,515.0,lot36837,Center,wf_image_4751.png,train
4752,4752,1334.0,lot17106,Donut,wf_image_4752.png,cal
4753,4753,842.0,lot42211,Loc,wf_image_4753.png,train
4754,4754,12662.0,lot16999,Edge-Ring,wf_image_4754.png,val
4755,4755,741.0,lot44302,Loc,wf_image_4755.png,test
4756,4756,515.0,lot32899,Center,wf_image_4756.png,cal
4757,4757,2126.0,lot20133,Edge-Ring,wf_image_4757.png,train
4758,4758,939.0,lot6466,Loc,wf_image_4758.png,train
4759,4759,1658.0,lot16600,Edge-Ring,wf_image_4759.png,test
4760,4760,3927.0,lot2534,Edge-Ring,wf_image_4760.png,train
4761,4761,533.0,lot7545,Random,wf_image_4761.png,test
4762,4762,1129.0,lot42644,Loc,wf_image_4762.png,cal
4763,4763,741.0,lot44406,Loc,wf_image_4763.png,test
4764,4764,515.0,lot35960,Center,wf_image_4764.png,test
4765,4765,515.0,lot36921,Center,wf_image_4765.png,cal
4766,4766,1075.0,lot44168,Edge-Ring,wf_image_4766.png,test
4767,4767,1291.0,lot13712,Edge-Ring,wf_image_4767.png,train
4768,4768,1075.0,lot2497,Edge-Ring,wf_image_4768.png,train
4769,4769,1075.0,lot2524,Edge-Ring,wf_image_4769.png,train
4770,4770,1075.0,lot13963,Edge-Ring,wf_image_4770.png,cal
4771,4771,844.0,lot42241,Loc,wf_image_4771.png,test
4772,4772,515.0,lot36834,Center,wf_image_4772.png,cal
4773,4773,515.0,lot39524,Center,wf_image_4773.png,test
4774,4774,515.0,lot39534,Center,wf_image_4774.png,test
4775,4775,741.0,lot44498,Loc,wf_image_4775.png,train
4776,4776,2126.0,lot20728,Edge-Ring,wf_image_4776.png,train
4777,4777,2126.0,lot18376,Edge-Ring,wf_image_4777.png,train
4778,4778,533.0,lot40481,Loc,wf_image_4778.png,train
4779,4779,3036.0,lot11232,Edge-Ring,wf_image_4779.png,cal
4780,4780,2126.0,lot21044,Edge-Ring,wf_image_4780.png,val
4781,4781,562.0,lot47163,Scratch,wf_image_4781.png,train
4782,4782,1334.0,lot17181,Loc,wf_image_4782.png,train
4783,4783,776.0,lot41034,Random,wf_image_4783.png,cal
4784,4784,515.0,lot33081,Center,wf_image_4784.png,train
4785,4785,1075.0,lot2497,Edge-Ring,wf_image_4785.png,train
4786,4786,1226.0,lot23633,Center,wf_image_4786.png,test
4787,4787,1080.0,lot21511,Edge-Ring,wf_image_4787.png,val
4788,4788,1139.0,lot15563,Random,wf_image_4788.png,train
4789,4789,515.0,lot35918,Center,wf_image_4789.png,train
4790,4790,2126.0,lot18377,Edge-Ring,wf_image_4790.png,test
4791,4791,2126.0,lot21041,Edge-Ring,wf_image_4791.png,train
4792,4792,533.0,lot161,Near-full,wf_image_4792.png,val
4793,4793,1376.0,lot24566,Edge-Loc,wf_image_4793.png,train
4794,4794,515.0,lot36696,Center,wf_image_4794.png,cal
4795,4795,515.0,lot39556,Center,wf_image_4795.png,test
4796,4796,516.0,lot43547,Edge-Loc,wf_image_4796.png,train
4797,4797,3927.0,lot9155,Edge-Ring,wf_image_4797.png,train
4798,4798,1226.0,lot23658,Center,wf_image_4798.png,cal
4799,4799,776.0,lot40743,Loc,wf_image_4799.png,test
4800,4800,2126.0,lot18020,Edge-Ring,wf_image_4800.png,train
4801,4801,846.0,lot7369,Loc,wf_image_4801.png,train
4802,4802,533.0,lot40329,Edge-Loc,wf_image_4802.png,cal
4803,4803,515.0,lot36897,Center,wf_image_4803.png,train
4804,4804,518.0,lot45246,Random,wf_image_4804.png,train
4805,4805,776.0,lot41135,Loc,wf_image_4805.png,train
4806,4806,515.0,lot36995,Center,wf_image_4806.png,cal
4807,4807,562.0,lot47159,Edge-Loc,wf_image_4807.png,cal
4808,4808,1075.0,lot12910,Edge-Ring,wf_image_4808.png,val
4809,4809,1080.0,lot23495,Donut,wf_image_4809.png,test
4810,4810,533.0,lot178,Loc,wf_image_4810.png,train
4811,4811,3927.0,lot9146,Edge-Ring,wf_image_4811.png,train
4812,4812,1075.0,lot44165,Edge-Ring,wf_image_4812.png,train
4813,4813,2126.0,lot18019,Edge-Ring,wf_image_4813.png,train
4814,4814,12662.0,lot19839,Edge-Ring,wf_image_4814.png,test
4815,4815,1291.0,lot43632,Loc,wf_image_4815.png,cal
4816,4816,2126.0,lot22478,Edge-Ring,wf_image_4816.png,train
4817,4817,3036.0,lot12756,Edge-Ring,wf_image_4817.png,test
4818,4818,2126.0,lot18378,Edge-Ring,wf_image_4818.png,test
4819,4819,1075.0,lot2495,Edge-Ring,wf_image_4819.png,train
4820,4820,1129.0,lot42641,Loc,wf_image_4820.png,train
4821,4821,516.0,lot43474,Near-full,wf_image_4821.png,train
4822,4822,518.0,lot45257,Scratch,wf_image_4822.png,test
4823,4823,533.0,lot40379,Edge-Loc,wf_image_4823.png,train
4824,4824,1421.0,lot44789,Edge-Ring,wf_image_4824.png,val
4825,4825,1080.0,lot21535,Random,wf_image_4825.png,train
4826,4826,2126.0,lot22471,Edge-Ring,wf_image_4826.png,train
4827,4827,2126.0,lot22471,Edge-Ring,wf_image_4827.png,cal
4828,4828,515.0,lot39598,Center,wf_image_4828.png,test
4829,4829,1291.0,lot13715,Edge-Ring,wf_image_4829.png,test
4830,4830,518.0,lot45243,Loc,wf_image_4830.png,test
4831,4831,515.0,lot35919,Center,wf_image_4831.png,test
4832,4832,1658.0,lot16602,Edge-Ring,wf_image_4832.png,val
4833,4833,515.0,lot36633,Center,wf_image_4833.png,train
4834,4834,1334.0,lot17192,Edge-Loc,wf_image_4834.png,train
4835,4835,1109.0,lot45579,Near-full,wf_image_4835.png,cal
4836,4836,1080.0,lot18740,Edge-Ring,wf_image_4836.png,test
4837,4837,3036.0,lot2076,Edge-Ring,wf_image_4837.png,val
4838,4838,1080.0,lot23498,Donut,wf_image_4838.png,cal
4839,4839,1075.0,lot2514,Edge-Ring,wf_image_4839.png,train
4840,4840,600.0,lot47490,Edge-Ring,wf_image_4840.png,train
4841,4841,515.0,lot36595,Center,wf_image_4841.png,train
4842,4842,515.0,lot36902,Center,wf_image_4842.png,train
4843,4843,518.0,lot45243,Near-full,wf_image_4843.png,cal
4844,4844,1075.0,lot13961,Edge-Ring,wf_image_4844.png,train
4845,4845,503.0,lot45146,Loc,wf_image_4845.png,train
4846,4846,1075.0,lot13961,Edge-Ring,wf_image_4846.png,cal
4847,4847,1334.0,lot17159,Loc,wf_image_4847.png,train
4848,4848,776.0,lot41024,Loc,wf_image_4848.png,train
4849,4849,562.0,lot46738,Edge-Loc,wf_image_4849.png,train
4850,4850,1658.0,lot16605,Edge-Ring,wf_image_4850.png,train
4851,4851,1075.0,lot23097,Edge-Ring,wf_image_4851.png,val
4852,4852,2126.0,lot20737,Edge-Ring,wf_image_4852.png,val
4853,4853,515.0,lot33145,Center,wf_image_4853.png,train
4854,4854,515.0,lot32874,Center,wf_image_4854.png,val
4855,4855,776.0,lot4137,Edge-Loc,wf_image_4855.png,train
4856,4856,2126.0,lot18378,Edge-Ring,wf_image_4856.png,cal
4857,4857,1421.0,lot44797,Edge-Ring,wf_image_4857.png,cal
4858,4858,2126.0,lot20910,Edge-Ring,wf_image_4858.png,val
4859,4859,515.0,lot35913,Center,wf_image_4859.png,cal
4860,4860,515.0,lot33145,Center,wf_image_4860.png,train
4861,4861,741.0,lot44548,Loc,wf_image_4861.png,train
4862,4862,516.0,lot43528,Loc,wf_image_4862.png,val
4863,4863,1226.0,lot23658,Center,wf_image_4863.png,train
4864,4864,3036.0,lot12766,Edge-Ring,wf_image_4864.png,val
4865,4865,3036.0,lot12772,Edge-Ring,wf_image_4865.png,cal
4866,4866,3036.0,lot9334,Edge-Ring,wf_image_4866.png,train
4867,4867,515.0,lot36597,Center,wf_image_4867.png,train
4868,4868,3036.0,lot2076,Edge-Ring,wf_image_4868.png,train
4869,4869,515.0,lot32792,Center,wf_image_4869.png,test
4870,4870,1421.0,lot44783,Edge-Ring,wf_image_4870.png,cal
4871,4871,515.0,lot36812,Center,wf_image_4871.png,train
4872,4872,533.0,lot40650,Loc,wf_image_4872.png,train
4873,4873,1075.0,lot23097,Edge-Ring,wf_image_4873.png,train
4874,4874,2126.0,lot20909,Edge-Ring,wf_image_4874.png,test
4875,4875,1334.0,lot17157,Donut,wf_image_4875.png,test
4876,4876,1999.0,lot14998,Edge-Ring,wf_image_4876.png,test
4877,4877,515.0,lot36722,Center,wf_image_4877.png,train
4878,4878,1075.0,lot2518,Edge-Ring,wf_image_4878.png,train
4879,4879,1291.0,lot11987,Edge-Ring,wf_image_4879.png,train
4880,4880,515.0,lot36726,Center,wf_image_4880.png,val
4881,4881,3927.0,lot9156,Edge-Ring,wf_image_4881.png,train
4882,4882,515.0,lot32792,Center,wf_image_4882.png,train
4883,4883,1075.0,lot12908,Edge-Ring,wf_image_4883.png,train
4884,4884,1334.0,lot17121,Donut,wf_image_4884.png,train
4885,4885,776.0,lot40737,Scratch,wf_image_4885.png,train
4886,4886,533.0,lot10590,Edge-Loc,wf_image_4886.png,train
4887,4887,3036.0,lot12769,Edge-Ring,wf_image_4887.png,train
4888,4888,477.0,lot45017,Edge-Loc,wf_image_4888.png,train
4889,4889,1291.0,lot13717,Edge-Ring,wf_image_4889.png,train
4890,4890,600.0,lot47527,Edge-Ring,wf_image_4890.png,cal
4891,4891,1075.0,lot13959,Edge-Ring,wf_image_4891.png,train
4892,4892,1376.0,lot45820,Scratch,wf_image_4892.png,test
4893,4893,3036.0,lot12746,Edge-Ring,wf_image_4893.png,train
4894,4894,844.0,lot42280,Loc,wf_image_4894.png,test
4895,4895,1421.0,lot16330,Random,wf_image_4895.png,train
4896,4896,1421.0,lot44798,Edge-Ring,wf_image_4896.png,train
4897,4897,533.0,lot40556,Random,wf_image_4897.png,test
4898,4898,1291.0,lot10049,Edge-Ring,wf_image_4898.png,cal
4899,4899,845.0,lot42244,Loc,wf_image_4899.png,test
4900,4900,2126.0,lot20732,Edge-Ring,wf_image_4900.png,cal
4901,4901,741.0,lot44543,Loc,wf_image_4901.png,test
4902,4902,844.0,lot42370,Donut,wf_image_4902.png,val
4903,4903,3036.0,lot10187,Edge-Ring,wf_image_4903.png,train
4904,4904,518.0,lot43890,Loc,wf_image_4904.png,train
4905,4905,515.0,lot36730,Center,wf_image_4905.png,val
4906,4906,2126.0,lot18376,Edge-Ring,wf_image_4906.png,train
4907,4907,515.0,lot36725,Center,wf_image_4907.png,test
4908,4908,516.0,lot43379,Edge-Loc,wf_image_4908.png,train
4909,4909,516.0,lot43226,Random,wf_image_4909.png,train
4910,4910,1658.0,lot16601,Edge-Ring,wf_image_4910.png,val
4911,4911,1129.0,lot42643,Loc,wf_image_4911.png,train
4912,4912,1109.0,lot45574,Near-full,wf_image_4912.png,test
4913,4913,3927.0,lot9151,Edge-Ring,wf_image_4913.png,cal
4914,4914,1658.0,lot16600,Edge-Ring,wf_image_4914.png,train
4915,4915,600.0,lot47503,Loc,wf_image_4915.png,train
4916,4916,515.0,lot36559,Center,wf_image_4916.png,train
4917,4917,3036.0,lot12745,Edge-Ring,wf_image_4917.png,test
4918,4918,1080.0,lot18739,Edge-Ring,wf_image_4918.png,val
4919,4919,1226.0,lot22193,Center,wf_image_4919.png,train
4920,4920,562.0,lot46841,Edge-Loc,wf_image_4920.png,test
4921,4921,518.0,lot45250,Loc,wf_image_4921.png,train
4922,4922,1075.0,lot2501,Edge-Ring,wf_image_4922.png,train
4923,4923,3036.0,lot11971,Edge-Ring,wf_image_4923.png,test
4924,4924,1060.0,lot47357,Loc,wf_image_4924.png,train
4925,4925,2126.0,lot20135,Edge-Ring,wf_image_4925.png,train
4926,4926,776.0,lot40976,Loc,wf_image_4926.png,cal
4927,4927,518.0,lot43980,Random,wf_image_4927.png,val
4928,4928,1376.0,lot45708,Scratch,wf_image_4928.png,test
4929,4929,2126.0,lot20738,Edge-Ring,wf_image_4929.png,train
4930,4930,1109.0,lot45574,Near-full,wf_image_4930.png,train
4931,4931,1109.0,lot45480,Loc,wf_image_4931.png,train
4932,4932,1060.0,lot47369,Edge-Loc,wf_image_4932.png,train
4933,4933,515.0,lot36927,Center,wf_image_4933.png,train
4934,4934,2126.0,lot18017,Edge-Ring,wf_image_4934.png,train
4935,4935,845.0,lot42185,Edge-Loc,wf_image_4935.png,test
4936,4936,533.0,lot40611,Scratch,wf_image_4936.png,train
4937,4937,844.0,lot42329,Loc,wf_image_4937.png,test
4938,4938,515.0,lot36673,Center,wf_image_4938.png,val
4939,4939,515.0,lot39512,Center,wf_image_4939.png,cal
4940,4940,515.0,lot35964,Center,wf_image_4940.png,train
4941,4941,12662.0,lot19857,Edge-Ring,wf_image_4941.png,train
4942,4942,1109.0,lot45494,Loc,wf_image_4942.png,test
4943,4943,1075.0,lot2514,Edge-Ring,wf_image_4943.png,train
4944,4944,515.0,lot36866,Center,wf_image_4944.png,train
4945,4945,1080.0,lot21678,Loc,wf_image_4945.png,val
4946,4946,3036.0,lot2075,Edge-Ring,wf_image_4946.png,train
4947,4947,1060.0,lot47388,Random,wf_image_4947.png,cal
4948,4948,2126.0,lot22480,Edge-Ring,wf_image_4948.png,train
4949,4949,1334.0,lot17102,Random,wf_image_4949.png,cal
4950,4950,1334.0,lot17116,Center,wf_image_4950.png,train
4951,4951,516.0,lot43517,Edge-Loc,wf_image_4951.png,train
4952,4952,515.0,lot36773,Edge-Loc,wf_image_4952.png,train
4953,4953,515.0,lot39602,Center,wf_image_4953.png,train
4954,4954,843.0,lot42263,Center,wf_image_4954.png,test
4955,4955,1080.0,lot18737,Random,wf_image_4955.png,train
4956,4956,3927.0,lot11171,Edge-Ring,wf_image_4956.png,test
4957,4957,1075.0,lot2525,Edge-Ring,wf_image_4957.png,train
4958,4958,2126.0,lot20907,Edge-Ring,wf_image_4958.png,val
4959,4959,533.0,lot179,Scratch,wf_image_4959.png,train
4960,4960,533.0,lot164,Random,wf_image_4960.png,test
4961,4961,3036.0,lot12769,Edge-Ring,wf_image_4961.png,train
4962,4962,2126.0,lot20134,Edge-Ring,wf_image_4962.png,test
4963,4963,939.0,lot3876,Edge-Ring,wf_image_4963.png,train
4964,4964,2126.0,lot18023,Edge-Ring,wf_image_4964.png,cal
4965,4965,904.0,lot45644,Edge-Loc,wf_image_4965.png,val
4966,4966,3036.0,lot11690,Edge-Ring,wf_image_4966.png,train
4967,4967,776.0,lot40947,Scratch,wf_image_4967.png,train
4968,4968,1376.0,lot45712,Edge-Loc,wf_image_4968.png,cal
4969,4969,1075.0,lot23106,Edge-Ring,wf_image_4969.png,test
4970,4970,518.0,lot45005,Loc,wf_image_4970.png,test
4971,4971,2126.0,lot20908,Edge-Ring,wf_image_4971.png,train
4972,4972,1075.0,lot23109,Edge-Ring,wf_image_4972.png,test
4973,4973,733.0,lot39443,Center,wf_image_4973.png,val
4974,4974,600.0,lot47539,Edge-Loc,wf_image_4974.png,train
4975,4975,1658.0,lot16604,Edge-Ring,wf_image_4975.png,test
4976,4976,515.0,lot37034,Center,wf_image_4976.png,train
4977,4977,1109.0,lot45511,Loc,wf_image_4977.png,train
4978,4978,533.0,lot42176,Center,wf_image_4978.png,cal
4979,4979,2126.0,lot21578,Edge-Ring,wf_image_4979.png,cal
4980,4980,562.0,lot47094,Scratch,wf_image_4980.png,val
4981,4981,515.0,lot39654,Center,wf_image_4981.png,test
4982,4982,562.0,lot47066,Edge-Loc,wf_image_4982.png,cal
4983,4983,939.0,lot7837,Random,wf_image_4983.png,cal
4984,4984,515.0,lot36942,Center,wf_image_4984.png,val
4985,4985,2126.0,lot20906,Edge-Ring,wf_image_4985.png,train
4986,4986,12662.0,lot17000,Edge-Ring,wf_image_4986.png,train
4987,4987,1334.0,lot45985,Random,wf_image_4987.png,train
4988,4988,1801.0,lot4724,Edge-Loc,wf_image_4988.png,train
4989,4989,3036.0,lot3108,Edge-Ring,wf_image_4989.png,train
4990,4990,2126.0,lot21559,Edge-Ring,wf_image_4990.png,train
4991,4991,562.0,lot47146,Loc,wf_image_4991.png,test
4992,4992,12662.0,lot17262,Edge-Ring,wf_image_4992.png,test
4993,4993,776.0,lot4894,Edge-Loc,wf_image_4993.png,val
4994,4994,515.0,lot36993,Center,wf_image_4994.png,train
4995,4995,741.0,lot44549,Loc,wf_image_4995.png,test
4996,4996,533.0,lot40387,Center,wf_image_4996.png,train
4997,4997,515.0,lot32940,Center,wf_image_4997.png,train
4998,4998,2126.0,lot22479,Edge-Ring,wf_image_4998.png,train
4999,4999,1075.0,lot13959,Edge-Ring,wf_image_4999.png,train
5000,5000,2126.0,lot22476,Edge-Ring,wf_image_5000.png,test
5001,5001,1297.0,lot43612,Scratch,wf_image_5001.png,train
5002,5002,1334.0,lot17141,Donut,wf_image_5002.png,train
5003,5003,515.0,lot6183,Center,wf_image_5003.png,test
5004,5004,1060.0,lot47336,Scratch,wf_image_5004.png,test
5005,5005,516.0,lot43105,Near-full,wf_image_5005.png,train
5006,5006,1075.0,lot2498,Edge-Ring,wf_image_5006.png,test
5007,5007,1139.0,lot15456,Random,wf_image_5007.png,train
5008,5008,1349.0,lot2432,Random,wf_image_5008.png,cal
5009,5009,1129.0,lot11885,Edge-Ring,wf_image_5009.png,test
5010,5010,3036.0,lot9335,Edge-Ring,wf_image_5010.png,train
5011,5011,518.0,lot43910,Edge-Loc,wf_image_5011.png,train
5012,5012,12662.0,lot17000,Edge-Ring,wf_image_5012.png,train
5013,5013,1060.0,lot47413,Scratch,wf_image_5013.png,train
5014,5014,845.0,lot42336,Loc,wf_image_5014.png,test
5015,5015,1226.0,lot23595,Center,wf_image_5015.png,cal
5016,5016,1376.0,lot45893,Donut,wf_image_5016.png,train
5017,5017,939.0,lot6024,Edge-Ring,wf_image_5017.png,train
5018,5018,533.0,lot40636,Scratch,wf_image_5018.png,test
5019,5019,516.0,lot43533,Loc,wf_image_5019.png,cal
5020,5020,3036.0,lot11969,Edge-Ring,wf_image_5020.png,train
5021,5021,776.0,lot41054,Scratch,wf_image_5021.png,train
5022,5022,1109.0,lot45496,Center,wf_image_5022.png,train
5023,5023,1129.0,lot42735,Loc,wf_image_5023.png,cal
5024,5024,515.0,lot36787,Center,wf_image_5024.png,val
5025,5025,1376.0,lot45856,Scratch,wf_image_5025.png,train
5026,5026,12662.0,lot19851,Edge-Ring,wf_image_5026.png,val
5027,5027,1298.0,lot8366,Center,wf_image_5027.png,train
5028,5028,3036.0,lot12749,Edge-Ring,wf_image_5028.png,val
5029,5029,1376.0,lot45893,Edge-Loc,wf_image_5029.png,train
5030,5030,776.0,lot44116,Edge-Loc,wf_image_5030.png,test
5031,5031,516.0,lot42994,Edge-Loc,wf_image_5031.png,train
5032,5032,515.0,lot33134,Center,wf_image_5032.png,val
5033,5033,1139.0,lot16894,Center,wf_image_5033.png,cal
5034,5034,562.0,lot47203,Edge-Loc,wf_image_5034.png,test
5035,5035,1658.0,lot20568,Edge-Ring,wf_image_5035.png,train
5036,5036,3036.0,lot11690,Edge-Ring,wf_image_5036.png,train
5037,5037,1075.0,lot2502,Edge-Ring,wf_image_5037.png,train
5038,5038,736.0,lot12438,Center,wf_image_5038.png,train
5039,5039,533.0,lot167,Edge-Loc,wf_image_5039.png,test
5040,5040,516.0,lot43446,Edge-Loc,wf_image_5040.png,train
5041,5041,904.0,lot45646,Center,wf_image_5041.png,train
5042,5042,3036.0,lot10186,Edge-Ring,wf_image_5042.png,val
5043,5043,1109.0,lot45527,Edge-Loc,wf_image_5043.png,val
5044,5044,3036.0,lot11232,Edge-Ring,wf_image_5044.png,cal
5045,5045,533.0,lot40331,Loc,wf_image_5045.png,train
5046,5046,2126.0,lot20909,Edge-Ring,wf_image_5046.png,test
5047,5047,2126.0,lot22478,Edge-Ring,wf_image_5047.png,train
5048,5048,1376.0,lot45752,Edge-Loc,wf_image_5048.png,train
5049,5049,515.0,lot39593,Center,wf_image_5049.png,train
5050,5050,1334.0,lot45958,Edge-Loc,wf_image_5050.png,cal
5051,5051,1297.0,lot43598,Loc,wf_image_5051.png,train
5052,5052,3927.0,lot9157,Edge-Ring,wf_image_5052.png,train
5053,5053,1334.0,lot17184,Donut,wf_image_5053.png,train
5054,5054,1658.0,lot16602,Edge-Ring,wf_image_5054.png,val
5055,5055,515.0,lot36805,Edge-Loc,wf_image_5055.png,train
5056,5056,1109.0,lot45568,Donut,wf_image_5056.png,cal
5057,5057,1334.0,lot17159,Donut,wf_image_5057.png,test
5058,5058,1421.0,lot44780,Edge-Ring,wf_image_5058.png,train
5059,5059,3927.0,lot9149,Edge-Ring,wf_image_5059.png,test
5060,5060,712.0,lot39389,Random,wf_image_5060.png,val
5061,5061,1226.0,lot23651,Edge-Loc,wf_image_5061.png,train
5062,5062,518.0,lot43949,Edge-Ring,wf_image_5062.png,cal
5063,5063,1060.0,lot47350,Edge-Loc,wf_image_5063.png,train
5064,5064,1075.0,lot2488,Edge-Ring,wf_image_5064.png,train
5065,5065,1075.0,lot2504,Edge-Ring,wf_image_5065.png,train
5066,5066,1075.0,lot13968,Edge-Ring,wf_image_5066.png,cal
5067,5067,2126.0,lot20910,Edge-Ring,wf_image_5067.png,test
5068,5068,516.0,lot43548,Edge-Loc,wf_image_5068.png,val
5069,5069,710.0,lot35533,Random,wf_image_5069.png,test
5070,5070,1334.0,lot17158,Donut,wf_image_5070.png,test
5071,5071,3927.0,lot10009,Edge-Ring,wf_image_5071.png,test
5072,5072,518.0,lot44017,Edge-Loc,wf_image_5072.png,test
5073,5073,1109.0,lot45335,Edge-Loc,wf_image_5073.png,test
5074,5074,1376.0,lot45817,Donut,wf_image_5074.png,train
5075,5075,518.0,lot44936,Edge-Loc,wf_image_5075.png,train
5076,5076,518.0,lot43881,Scratch,wf_image_5076.png,train
5077,5077,600.0,lot47509,Loc,wf_image_5077.png,train
5078,5078,1080.0,lot23173,Donut,wf_image_5078.png,train
5079,5079,1075.0,lot13963,Edge-Ring,wf_image_5079.png,train
5080,5080,518.0,lot44871,Loc,wf_image_5080.png,val
5081,5081,12662.0,lot17286,Edge-Ring,wf_image_5081.png,train
5082,5082,1658.0,lot16602,Edge-Ring,wf_image_5082.png,train
5083,5083,939.0,lot6316,Loc,wf_image_5083.png,val
5084,5084,1109.0,lot45584,Donut,wf_image_5084.png,train
5085,5085,3036.0,lot9334,Edge-Ring,wf_image_5085.png,cal
5086,5086,939.0,lot7934,Loc,wf_image_5086.png,train
5087,5087,516.0,lot43533,Random,wf_image_5087.png,train
5088,5088,12662.0,lot19857,Edge-Ring,wf_image_5088.png,train
5089,5089,2126.0,lot20904,Edge-Ring,wf_image_5089.png,train
5090,5090,3036.0,lot11630,Edge-Ring,wf_image_5090.png,test
5091,5091,515.0,lot36821,Center,wf_image_5091.png,train
5092,5092,939.0,lot6498,Loc,wf_image_5092.png,cal
5093,5093,1334.0,lot17158,Donut,wf_image_5093.png,test
5094,5094,1801.0,lot8915,Scratch,wf_image_5094.png,train
5095,5095,1334.0,lot17159,Donut,wf_image_5095.png,train
5096,5096,515.0,lot6172,Center,wf_image_5096.png,train
5097,5097,515.0,lot36901,Center,wf_image_5097.png,train
5098,5098,516.0,lot42959,Edge-Loc,wf_image_5098.png,train
5099,5099,2126.0,lot22475,Edge-Ring,wf_image_5099.png,train
5100,5100,1075.0,lot13968,Edge-Ring,wf_image_5100.png,train
5101,5101,1376.0,lot45761,Edge-Loc,wf_image_5101.png,train
5102,5102,600.0,lot47541,Scratch,wf_image_5102.png,test
5103,5103,1129.0,lot42702,Edge-Loc,wf_image_5103.png,train
5104,5104,741.0,lot44399,Edge-Loc,wf_image_5104.png,val
5105,5105,515.0,lot36574,Center,wf_image_5105.png,train
5106,5106,1060.0,lot47440,Center,wf_image_5106.png,test
5107,5107,533.0,lot40497,Scratch,wf_image_5107.png,val
5108,5108,3036.0,lot11631,Edge-Ring,wf_image_5108.png,train
5109,5109,1075.0,lot23100,Edge-Ring,wf_image_5109.png,test
5110,5110,1074.0,lot44163,Edge-Ring,wf_image_5110.png,train
5111,5111,843.0,lot42335,Loc,wf_image_5111.png,train
5112,5112,515.0,lot36686,Center,wf_image_5112.png,train
5113,5113,1999.0,lot14826,Edge-Ring,wf_image_5113.png,train
5114,5114,518.0,lot15651,Random,wf_image_5114.png,train
5115,5115,710.0,lot38624,Scratch,wf_image_5115.png,train
5116,5116,12662.0,lot20610,Edge-Ring,wf_image_5116.png,test
5117,5117,533.0,lot40475,Random,wf_image_5117.png,train
5118,5118,1075.0,lot2521,Edge-Ring,wf_image_5118.png,cal
5119,5119,1129.0,lot42731,Loc,wf_image_5119.png,train
5120,5120,1075.0,lot2436,Edge-Ring,wf_image_5120.png,train
5121,5121,1060.0,lot47280,Center,wf_image_5121.png,test
5122,5122,515.0,lot36858,Center,wf_image_5122.png,val
5123,5123,2126.0,lot18378,Edge-Ring,wf_image_5123.png,train
5124,5124,1075.0,lot2500,Edge-Ring,wf_image_5124.png,train
5125,5125,515.0,lot36695,Center,wf_image_5125.png,cal
5126,5126,904.0,lot45634,Edge-Loc,wf_image_5126.png,train
5127,5127,1334.0,lot17127,Donut,wf_image_5127.png,cal
5128,5128,939.0,lot6232,Loc,wf_image_5128.png,test
5129,5129,741.0,lot44244,Scratch,wf_image_5129.png,train
5130,5130,1075.0,lot44165,Edge-Ring,wf_image_5130.png,train
5131,5131,904.0,lot45641,Center,wf_image_5131.png,train
5132,5132,12662.0,lot19845,Scratch,wf_image_5132.png,train
5133,5133,3036.0,lot11880,Edge-Ring,wf_image_5133.png,test
5134,5134,733.0,lot26924,Edge-Ring,wf_image_5134.png,val
5135,5135,562.0,lot47088,Scratch,wf_image_5135.png,cal
5136,5136,710.0,lot35573,Edge-Loc,wf_image_5136.png,train
5137,5137,12662.0,lot17262,Edge-Ring,wf_image_5137.png,val
5138,5138,2126.0,lot22478,Edge-Ring,wf_image_5138.png,val
5139,5139,1999.0,lot14760,Edge-Ring,wf_image_5139.png,train
5140,5140,562.0,lot46997,Edge-Loc,wf_image_5140.png,train
5141,5141,1075.0,lot2500,Edge-Ring,wf_image_5141.png,val
5142,5142,1080.0,lot21714,Loc,wf_image_5142.png,train
5143,5143,1334.0,lot17127,Donut,wf_image_5143.png,test
5144,5144,1658.0,lot23844,Edge-Ring,wf_image_5144.png,val
5145,5145,3927.0,lot11171,Edge-Ring,wf_image_5145.png,train
5146,5146,1226.0,lot23648,Center,wf_image_5146.png,test
5147,5147,1658.0,lot16606,Edge-Ring,wf_image_5147.png,train
5148,5148,776.0,lot44063,Near-full,wf_image_5148.png,cal
5149,5149,515.0,lot36634,Center,wf_image_5149.png,val
5150,5150,3927.0,lot11172,Edge-Ring,wf_image_5150.png,train
5151,5151,516.0,lot43544,Loc,wf_image_5151.png,train
5152,5152,733.0,lot39480,Center,wf_image_5152.png,val
5153,5153,1109.0,lot45592,Donut,wf_image_5153.png,train
5154,5154,12662.0,lot17263,Edge-Ring,wf_image_5154.png,train
5155,5155,1421.0,lot44802,Edge-Ring,wf_image_5155.png,train
5156,5156,710.0,lot33545,Edge-Loc,wf_image_5156.png,train
5157,5157,2126.0,lot21560,Edge-Ring,wf_image_5157.png,train
5158,5158,3927.0,lot9157,Edge-Ring,wf_image_5158.png,train
5159,5159,776.0,lot40873,Loc,wf_image_5159.png,train
5160,5160,1298.0,lot43615,Loc,wf_image_5160.png,train
5161,5161,518.0,lot44014,Edge-Loc,wf_image_5161.png,test
5162,5162,1421.0,lot44810,Edge-Ring,wf_image_5162.png,train
5163,5163,518.0,lot45288,Edge-Loc,wf_image_5163.png,cal
5164,5164,741.0,lot44453,Edge-Loc,wf_image_5164.png,train
5165,5165,1075.0,lot23100,Edge-Ring,wf_image_5165.png,test
5166,5166,515.0,lot36787,Center,wf_image_5166.png,test
5167,5167,741.0,lot44497,Edge-Loc,wf_image_5167.png,test
5168,5168,1421.0,lot44786,Center,wf_image_5168.png,train
5169,5169,776.0,lot40945,Edge-Loc,wf_image_5169.png,cal
5170,5170,1421.0,lot44793,Edge-Ring,wf_image_5170.png,train
5171,5171,844.0,lot42291,Donut,wf_image_5171.png,cal
5172,5172,516.0,lot43449,Edge-Loc,wf_image_5172.png,train
5173,5173,516.0,lot42949,Edge-Loc,wf_image_5173.png,cal
5174,5174,515.0,lot36718,Center,wf_image_5174.png,val
5175,5175,2126.0,lot22483,Edge-Ring,wf_image_5175.png,val
5176,5176,1075.0,lot2523,Edge-Ring,wf_image_5176.png,train
5177,5177,733.0,lot39467,Center,wf_image_5177.png,val
5178,5178,776.0,lot40923,Loc,wf_image_5178.png,train
5179,5179,1109.0,lot45592,Loc,wf_image_5179.png,test
5180,5180,1074.0,lot44162,Edge-Ring,wf_image_5180.png,train
5181,5181,562.0,lot46927,Edge-Loc,wf_image_5181.png,train
5182,5182,2126.0,lot20909,Edge-Ring,wf_image_5182.png,test
5183,5183,904.0,lot45635,Random,wf_image_5183.png,cal
5184,5184,600.0,lot47511,Edge-Loc,wf_image_5184.png,train
5185,5185,1080.0,lot21748,Random,wf_image_5185.png,val
5186,5186,1349.0,lot2432,Random,wf_image_5186.png,train
5187,5187,2126.0,lot20904,Edge-Ring,wf_image_5187.png,val
5188,5188,1801.0,lot8901,Scratch,wf_image_5188.png,test
5189,5189,1801.0,lot4666,Edge-Loc,wf_image_5189.png,train
5190,5190,3927.0,lot9146,Edge-Ring,wf_image_5190.png,train
5191,5191,562.0,lot47054,Random,wf_image_5191.png,test
5192,5192,1291.0,lot11988,Edge-Ring,wf_image_5192.png,train
5193,5193,736.0,lot12438,Center,wf_image_5193.png,cal
5194,5194,1376.0,lot45708,Edge-Loc,wf_image_5194.png,train
5195,5195,2126.0,lot20728,Edge-Ring,wf_image_5195.png,train
5196,5196,1075.0,lot2516,Edge-Ring,wf_image_5196.png,test
5197,5197,904.0,lot45650,Loc,wf_image_5197.png,train
5198,5198,1376.0,lot45730,Edge-Loc,wf_image_5198.png,train
5199,5199,1075.0,lot2522,Edge-Ring,wf_image_5199.png,train
5200,5200,533.0,lot13087,Edge-Loc,wf_image_5200.png,cal
5201,5201,533.0,lot40459,Edge-Loc,wf_image_5201.png,train
5202,5202,1376.0,lot45781,Edge-Loc,wf_image_5202.png,val
5203,5203,600.0,lot47497,Loc,wf_image_5203.png,train
5204,5204,1075.0,lot2506,Edge-Ring,wf_image_5204.png,train
5205,5205,939.0,lot5997,Loc,wf_image_5205.png,test
5206,5206,904.0,lot45626,Edge-Ring,wf_image_5206.png,train
5207,5207,1376.0,lot45862,Edge-Loc,wf_image_5207.png,cal
5208,5208,12662.0,lot17286,Edge-Ring,wf_image_5208.png,train
5209,5209,515.0,lot35967,Center,wf_image_5209.png,val
5210,5210,1075.0,lot13961,Edge-Ring,wf_image_5210.png,cal
5211,5211,1075.0,lot2524,Edge-Ring,wf_image_5211.png,train
5212,5212,736.0,lot42835,Loc,wf_image_5212.png,test
5213,5213,1080.0,lot21649,Donut,wf_image_5213.png,val
5214,5214,741.0,lot44186,Near-full,wf_image_5214.png,test
5215,5215,1075.0,lot44171,Edge-Ring,wf_image_5215.png,train
5216,5216,1226.0,lot23595,Center,wf_image_5216.png,train
5217,5217,1075.0,lot11589,Edge-Ring,wf_image_5217.png,train
5218,5218,3036.0,lot12745,Edge-Ring,wf_image_5218.png,train
5219,5219,3036.0,lot10188,Edge-Ring,wf_image_5219.png,cal
5220,5220,3036.0,lot9335,Edge-Ring,wf_image_5220.png,train
5221,5221,1376.0,lot45795,Scratch,wf_image_5221.png,train
5222,5222,1139.0,lot16949,Scratch,wf_image_5222.png,train
5223,5223,3036.0,lot12768,Edge-Ring,wf_image_5223.png,train
5224,5224,1291.0,lot10051,Edge-Ring,wf_image_5224.png,train
5225,5225,939.0,lot6316,Loc,wf_image_5225.png,train
5226,5226,515.0,lot36909,Center,wf_image_5226.png,test
5227,5227,3036.0,lot12751,Edge-Ring,wf_image_5227.png,test
5228,5228,1075.0,lot2495,Edge-Ring,wf_image_5228.png,test
5229,5229,515.0,lot37013,Center,wf_image_5229.png,test
5230,5230,12662.0,lot16999,Edge-Ring,wf_image_5230.png,train
5231,5231,843.0,lot42231,Loc,wf_image_5231.png,cal
5232,5232,1658.0,lot19814,Edge-Ring,wf_image_5232.png,train
5233,5233,776.0,lot40822,Random,wf_image_5233.png,train
5234,5234,776.0,lot40899,Loc,wf_image_5234.png,cal
5235,5235,1291.0,lot11988,Edge-Ring,wf_image_5235.png,cal
5236,5236,1376.0,lot45842,Edge-Loc,wf_image_5236.png,train
5237,5237,846.0,lot5376,Edge-Loc,wf_image_5237.png,train
5238,5238,1334.0,lot17125,Donut,wf_image_5238.png,train
5239,5239,515.0,lot39594,Center,wf_image_5239.png,train
5240,5240,844.0,lot42365,Edge-Loc,wf_image_5240.png,train
5241,5241,515.0,lot10237,Center,wf_image_5241.png,train
5242,5242,1075.0,lot2488,Edge-Ring,wf_image_5242.png,train
5243,5243,1376.0,lot45840,Edge-Loc,wf_image_5243.png,train
5244,5244,939.0,lot6367,Loc,wf_image_5244.png,cal
5245,5245,600.0,lot47498,Edge-Loc,wf_image_5245.png,train
5246,5246,1075.0,lot2527,Edge-Ring,wf_image_5246.png,cal
5247,5247,1658.0,lot16603,Edge-Ring,wf_image_5247.png,train
5248,5248,776.0,lot41111,Scratch,wf_image_5248.png,test
5249,5249,516.0,lot43582,Loc,wf_image_5249.png,val
5250,5250,515.0,lot39512,Center,wf_image_5250.png,val
5251,5251,1075.0,lot2515,Edge-Ring,wf_image_5251.png,test
5252,5252,1376.0,lot45704,Edge-Loc,wf_image_5252.png,val
5253,5253,515.0,lot36858,Center,wf_image_5253.png,train
5254,5254,1801.0,lot5899,Edge-Loc,wf_image_5254.png,cal
5255,5255,1109.0,lot45325,Edge-Loc,wf_image_5255.png,train
5256,5256,2126.0,lot20729,Edge-Ring,wf_image_5256.png,train
5257,5257,1109.0,lot45529,Random,wf_image_5257.png,train
5258,5258,776.0,lot40868,Loc,wf_image_5258.png,val
5259,5259,1334.0,lot17154,Donut,wf_image_5259.png,cal
5260,5260,1080.0,lot21777,Random,wf_image_5260.png,train
5261,5261,1075.0,lot13969,Edge-Ring,wf_image_5261.png,train
5262,5262,533.0,lot40468,Loc,wf_image_5262.png,val
5263,5263,733.0,lot39504,Center,wf_image_5263.png,cal
5264,5264,1075.0,lot13491,Edge-Ring,wf_image_5264.png,train
5265,5265,1137.0,lot42755,Scratch,wf_image_5265.png,val
5266,5266,3036.0,lot2077,Edge-Ring,wf_image_5266.png,train
5267,5267,2126.0,lot20728,Edge-Ring,wf_image_5267.png,train
5268,5268,776.0,lot44125,Edge-Loc,wf_image_5268.png,train
5269,5269,518.0,lot43993,Edge-Loc,wf_image_5269.png,val
5270,5270,515.0,lot36943,Center,wf_image_5270.png,test
5271,5271,1060.0,lot47324,Edge-Loc,wf_image_5271.png,cal
5272,5272,1999.0,lot14760,Edge-Ring,wf_image_5272.png,val
5273,5273,1075.0,lot2502,Edge-Ring,wf_image_5273.png,val
5274,5274,846.0,lot38800,Center,wf_image_5274.png,test
5275,5275,1075.0,lot13959,Edge-Ring,wf_image_5275.png,train
5276,5276,1658.0,lot16554,Edge-Ring,wf_image_5276.png,cal
5277,5277,2126.0,lot20729,Edge-Ring,wf_image_5277.png,test
5278,5278,464.0,lot45039,Edge-Loc,wf_image_5278.png,test
5279,5279,1075.0,lot2519,Edge-Ring,wf_image_5279.png,test
5280,5280,1129.0,lot11885,Edge-Ring,wf_image_5280.png,val
5281,5281,1291.0,lot13717,Edge-Ring,wf_image_5281.png,test
5282,5282,710.0,lot4474,Edge-Loc,wf_image_5282.png,train
5283,5283,1139.0,lot15559,Near-full,wf_image_5283.png,train
5284,5284,904.0,lot45649,Center,wf_image_5284.png,train
5285,5285,1080.0,lot23506,Center,wf_image_5285.png,test
5286,5286,1129.0,lot42651,Edge-Loc,wf_image_5286.png,train
5287,5287,1226.0,lot23634,Center,wf_image_5287.png,val
5288,5288,1075.0,lot13960,Edge-Ring,wf_image_5288.png,train
5289,5289,515.0,lot6176,Center,wf_image_5289.png,cal
5290,5290,1060.0,lot47282,Scratch,wf_image_5290.png,val
5291,5291,518.0,lot20762,Loc,wf_image_5291.png,train
5292,5292,2126.0,lot20905,Edge-Ring,wf_image_5292.png,test
5293,5293,2126.0,lot22478,Edge-Ring,wf_image_5293.png,train
5294,5294,3036.0,lot12748,Edge-Ring,wf_image_5294.png,test
5295,5295,516.0,lot43489,Loc,wf_image_5295.png,train
5296,5296,3036.0,lot2074,Edge-Ring,wf_image_5296.png,val
5297,5297,1291.0,lot11987,Edge-Ring,wf_image_5297.png,train
5298,5298,515.0,lot36922,Center,wf_image_5298.png,test
5299,5299,562.0,lot46851,Edge-Loc,wf_image_5299.png,val
5300,5300,515.0,lot36951,Center,wf_image_5300.png,train
5301,5301,515.0,lot36962,Center,wf_image_5301.png,train
5302,5302,12662.0,lot17262,Edge-Ring,wf_image_5302.png,train
5303,5303,1075.0,lot2516,Edge-Ring,wf_image_5303.png,cal
5304,5304,2126.0,lot22480,Edge-Ring,wf_image_5304.png,train
5305,5305,1109.0,lot45341,Center,wf_image_5305.png,cal
5306,5306,1075.0,lot2150,Edge-Ring,wf_image_5306.png,train
5307,5307,515.0,lot36723,Center,wf_image_5307.png,train
5308,5308,515.0,lot36655,Center,wf_image_5308.png,train
5309,5309,3036.0,lot10184,Edge-Ring,wf_image_5309.png,train
5310,5310,600.0,lot2530,Scratch,wf_image_5310.png,test
5311,5311,776.0,lot41027,Edge-Loc,wf_image_5311.png,train
5312,5312,2126.0,lot18022,Edge-Ring,wf_image_5312.png,test
5313,5313,1075.0,lot2515,Edge-Ring,wf_image_5313.png,test
5314,5314,1075.0,lot2500,Edge-Ring,wf_image_5314.png,train
5315,5315,1334.0,lot17181,Donut,wf_image_5315.png,train
5316,5316,1109.0,lot45380,Scratch,wf_image_5316.png,cal
5317,5317,1109.0,lot45324,Scratch,wf_image_5317.png,train
5318,5318,2126.0,lot21580,Edge-Ring,wf_image_5318.png,train
5319,5319,518.0,lot45254,Loc,wf_image_5319.png,train
5320,5320,3036.0,lot11878,Edge-Ring,wf_image_5320.png,train
5321,5321,1139.0,lot15563,Random,wf_image_5321.png,train
5322,5322,1334.0,lot17145,Donut,wf_image_5322.png,cal
5323,5323,533.0,lot40480,Edge-Loc,wf_image_5323.png,cal
5324,5324,3036.0,lot11965,Edge-Ring,wf_image_5324.png,train
5325,5325,515.0,lot36962,Center,wf_image_5325.png,train
5326,5326,1075.0,lot44164,Edge-Ring,wf_image_5326.png,cal
5327,5327,2126.0,lot21560,Edge-Ring,wf_image_5327.png,train
5328,5328,515.0,lot36682,Center,wf_image_5328.png,cal
5329,5329,2126.0,lot18380,Edge-Ring,wf_image_5329.png,train
5330,5330,1075.0,lot2756,Edge-Ring,wf_image_5330.png,cal
5331,5331,1075.0,lot2509,Edge-Ring,wf_image_5331.png,train
5332,5332,1109.0,lot45584,Edge-Loc,wf_image_5332.png,train
5333,5333,1080.0,lot21535,Center,wf_image_5333.png,test
5334,5334,904.0,lot45628,Center,wf_image_5334.png,train
5335,5335,1334.0,lot17178,Center,wf_image_5335.png,train
5336,5336,712.0,lot27544,Edge-Ring,wf_image_5336.png,val
5337,5337,844.0,lot42196,Edge-Loc,wf_image_5337.png,val
5338,5338,2126.0,lot18378,Edge-Ring,wf_image_5338.png,train
5339,5339,516.0,lot42871,Near-full,wf_image_5339.png,val
5340,5340,1658.0,lot16599,Edge-Ring,wf_image_5340.png,train
5341,5341,1226.0,lot23651,Edge-Loc,wf_image_5341.png,train
5342,5342,776.0,lot40786,Center,wf_image_5342.png,cal
5343,5343,1421.0,lot16330,Random,wf_image_5343.png,cal
5344,5344,518.0,lot45247,Donut,wf_image_5344.png,val
5345,5345,2126.0,lot18022,Edge-Ring,wf_image_5345.png,cal
5346,5346,515.0,lot36963,Center,wf_image_5346.png,cal
5347,5347,939.0,lot6219,Edge-Loc,wf_image_5347.png,test
5348,5348,776.0,lot41083,Scratch,wf_image_5348.png,cal
5349,5349,710.0,lot4524,Edge-Loc,wf_image_5349.png,train
5350,5350,1075.0,lot25391,Edge-Ring,wf_image_5350.png,train
5351,5351,3036.0,lot12759,Edge-Ring,wf_image_5351.png,train
5352,5352,1334.0,lot45943,Loc,wf_image_5352.png,train
5353,5353,846.0,lot36242,Center,wf_image_5353.png,test
5354,5354,776.0,lot41060,Edge-Loc,wf_image_5354.png,val
5355,5355,515.0,lot36989,Center,wf_image_5355.png,test
5356,5356,516.0,lot43303,Edge-Loc,wf_image_5356.png,val
5357,5357,515.0,lot39697,Center,wf_image_5357.png,train
5358,5358,712.0,lot41238,Random,wf_image_5358.png,train
5359,5359,1376.0,lot45710,Edge-Loc,wf_image_5359.png,train
5360,5360,533.0,lot122,Scratch,wf_image_5360.png,cal
5361,5361,1349.0,lot2425,Random,wf_image_5361.png,train
5362,5362,3036.0,lot11843,Edge-Ring,wf_image_5362.png,train
5363,5363,1349.0,lot2425,Random,wf_image_5363.png,train
5364,5364,516.0,lot43183,Near-full,wf_image_5364.png,test
5365,5365,562.0,lot46977,Edge-Loc,wf_image_5365.png,cal
5366,5366,939.0,lot6120,Edge-Loc,wf_image_5366.png,val
5367,5367,1080.0,lot18732,Edge-Ring,wf_image_5367.png,train
5368,5368,741.0,lot44359,Center,wf_image_5368.png,train
5369,5369,600.0,lot47499,Edge-Loc,wf_image_5369.png,test
5370,5370,1999.0,lot14928,Edge-Ring,wf_image_5370.png,train
5371,5371,3927.0,lot9154,Edge-Ring,wf_image_5371.png,train
5372,5372,2126.0,lot21560,Edge-Ring,wf_image_5372.png,train
5373,5373,3036.0,lot11232,Edge-Ring,wf_image_5373.png,train
5374,5374,904.0,lot45642,Center,wf_image_5374.png,train
5375,5375,2126.0,lot22488,Edge-Ring,wf_image_5375.png,train
5376,5376,516.0,lot43477,Random,wf_image_5376.png,test
5377,5377,533.0,lot40495,Edge-Loc,wf_image_5377.png,cal
5378,5378,1109.0,lot45376,Edge-Loc,wf_image_5378.png,test
5379,5379,516.0,lot43260,Random,wf_image_5379.png,train
5380,5380,845.0,lot7243,Loc,wf_image_5380.png,train
5381,5381,3036.0,lot11630,Edge-Ring,wf_image_5381.png,test
5382,5382,2126.0,lot20730,Edge-Ring,wf_image_5382.png,train
5383,5383,1075.0,lot23109,Edge-Ring,wf_image_5383.png,train
5384,5384,515.0,lot39558,Center,wf_image_5384.png,train
5385,5385,12662.0,lot19850,Edge-Ring,wf_image_5385.png,test
5386,5386,515.0,lot36621,Center,wf_image_5386.png,train
5387,5387,1658.0,lot19814,Edge-Ring,wf_image_5387.png,test
5388,5388,516.0,lot43575,Edge-Loc,wf_image_5388.png,test
5389,5389,1421.0,lot44813,Edge-Loc,wf_image_5389.png,val
5390,5390,1080.0,lot26323,Loc,wf_image_5390.png,cal
5391,5391,3036.0,lot11879,Edge-Ring,wf_image_5391.png,val
5392,5392,533.0,lot148,Loc,wf_image_5392.png,val
5393,5393,1080.0,lot21623,Edge-Ring,wf_image_5393.png,train
5394,5394,1334.0,lot17130,Donut,wf_image_5394.png,test
5395,5395,741.0,lot44347,Random,wf_image_5395.png,test
5396,5396,844.0,lot42275,Scratch,wf_image_5396.png,val
5397,5397,904.0,lot45628,Center,wf_image_5397.png,val
5398,5398,776.0,lot40943,Edge-Loc,wf_image_5398.png,train
5399,5399,518.0,lot43985,Edge-Ring,wf_image_5399.png,val
5400,5400,712.0,lot41539,Scratch,wf_image_5400.png,cal
5401,5401,2126.0,lot20911,Edge-Ring,wf_image_5401.png,test
5402,5402,1226.0,lot23622,Scratch,wf_image_5402.png,test
5403,5403,562.0,lot46910,Loc,wf_image_5403.png,train
5404,5404,1226.0,lot23598,Center,wf_image_5404.png,train
5405,5405,533.0,lot40581,Scratch,wf_image_5405.png,train
5406,5406,1291.0,lot13715,Edge-Ring,wf_image_5406.png,cal
5407,5407,1658.0,lot16554,Edge-Ring,wf_image_5407.png,test
5408,5408,1080.0,lot21815,Loc,wf_image_5408.png,val
5409,5409,844.0,lot42213,Loc,wf_image_5409.png,test
5410,5410,533.0,lot270,Scratch,wf_image_5410.png,train
5411,5411,3036.0,lot12766,Edge-Ring,wf_image_5411.png,val
5412,5412,515.0,lot36710,Center,wf_image_5412.png,train
5413,5413,842.0,lot42287,Center,wf_image_5413.png,train
5414,5414,1075.0,lot2149,Edge-Ring,wf_image_5414.png,val
5415,5415,3927.0,lot9149,Edge-Ring,wf_image_5415.png,val
5416,5416,1075.0,lot23109,Edge-Ring,wf_image_5416.png,train
5417,5417,516.0,lot43515,Scratch,wf_image_5417.png,test
5418,5418,712.0,lot41599,Loc,wf_image_5418.png,cal
5419,5419,515.0,lot36809,Center,wf_image_5419.png,cal
5420,5420,1139.0,lot15561,Random,wf_image_5420.png,train
5421,5421,562.0,lot46898,Loc,wf_image_5421.png,train
5422,5422,1291.0,lot13716,Edge-Ring,wf_image_5422.png,train
5423,5423,1075.0,lot2497,Edge-Ring,wf_image_5423.png,train
5424,5424,1376.0,lot45720,Edge-Loc,wf_image_5424.png,train
5425,5425,2126.0,lot20736,Edge-Ring,wf_image_5425.png,train
5426,5426,2126.0,lot18021,Edge-Ring,wf_image_5426.png,train
5427,5427,1065.0,lot44166,Edge-Ring,wf_image_5427.png,val
5428,5428,1801.0,lot5896,Edge-Loc,wf_image_5428.png,train
5429,5429,515.0,lot10327,Center,wf_image_5429.png,train
5430,5430,1421.0,lot44800,Edge-Ring,wf_image_5430.png,val
5431,5431,1109.0,lot45423,Scratch,wf_image_5431.png,train
5432,5432,3036.0,lot12764,Edge-Ring,wf_image_5432.png,train
5433,5433,516.0,lot43107,Edge-Loc,wf_image_5433.png,train
5434,5434,843.0,lot42195,Donut,wf_image_5434.png,test
5435,5435,2126.0,lot22474,Edge-Ring,wf_image_5435.png,test
5436,5436,712.0,lot41233,Random,wf_image_5436.png,cal
5437,5437,710.0,lot38611,Loc,wf_image_5437.png,train
5438,5438,515.0,lot2612,Edge-Loc,wf_image_5438.png,train
5439,5439,1291.0,lot13709,Edge-Ring,wf_image_5439.png,train
5440,5440,1109.0,lot45335,Edge-Loc,wf_image_5440.png,train
5441,5441,1075.0,lot2527,Edge-Ring,wf_image_5441.png,val
5442,5442,515.0,lot36669,Center,wf_image_5442.png,cal
5443,5443,1109.0,lot45461,Edge-Loc,wf_image_5443.png,val
5444,5444,1801.0,lot4087,Edge-Loc,wf_image_5444.png,train
5445,5445,845.0,lot42312,Loc,wf_image_5445.png,test
5446,5446,515.0,lot39556,Center,wf_image_5446.png,cal
5447,5447,1075.0,lot23099,Edge-Ring,wf_image_5447.png,cal
5448,5448,776.0,lot40787,Edge-Loc,wf_image_5448.png,test
5449,5449,3036.0,lot12750,Edge-Ring,wf_image_5449.png,train
5450,5450,533.0,lot40605,Loc,wf_image_5450.png,cal
5451,5451,515.0,lot36686,Center,wf_image_5451.png,cal
5452,5452,1075.0,lot23102,Edge-Ring,wf_image_5452.png,cal
5453,5453,1075.0,lot2510,Edge-Ring,wf_image_5453.png,train
5454,5454,515.0,lot36639,Center,wf_image_5454.png,train
5455,5455,3036.0,lot12747,Edge-Ring,wf_image_5455.png,test
5456,5456,516.0,lot43561,Loc,wf_image_5456.png,val
5457,5457,1421.0,lot44817,Edge-Ring,wf_image_5457.png,cal
5458,5458,1075.0,lot2517,Edge-Ring,wf_image_5458.png,val
5459,5459,1075.0,lot2513,Edge-Ring,wf_image_5459.png,train
5460,5460,846.0,lot33895,Edge-Ring,wf_image_5460.png,train
5461,5461,562.0,lot46925,Edge-Loc,wf_image_5461.png,train
5462,5462,1291.0,lot7397,Edge-Ring,wf_image_5462.png,cal
5463,5463,515.0,lot36731,Center,wf_image_5463.png,test
5464,5464,1349.0,lot2375,Random,wf_image_5464.png,test
5465,5465,3927.0,lot9155,Edge-Ring,wf_image_5465.png,test
5466,5466,1334.0,lot17174,Loc,wf_image_5466.png,train
5467,5467,1334.0,lot17143,Donut,wf_image_5467.png,train
5468,5468,1658.0,lot18375,Edge-Ring,wf_image_5468.png,train
5469,5469,3036.0,lot12756,Edge-Ring,wf_image_5469.png,test
5470,5470,1080.0,lot21770,Edge-Loc,wf_image_5470.png,train
5471,5471,2126.0,lot20738,Edge-Ring,wf_image_5471.png,cal
5472,5472,1226.0,lot19243,Center,wf_image_5472.png,val
5473,5473,504.0,lot45210,Loc,wf_image_5473.png,train
5474,5474,1376.0,lot45871,Scratch,wf_image_5474.png,train
5475,5475,1801.0,lot8860,Donut,wf_image_5475.png,val
5476,5476,533.0,lot40447,Scratch,wf_image_5476.png,val
5477,5477,515.0,lot39604,Center,wf_image_5477.png,val
5478,5478,3036.0,lot11880,Edge-Ring,wf_image_5478.png,test
5479,5479,844.0,lot42203,Donut,wf_image_5479.png,train
5480,5480,1999.0,lot14524,Edge-Ring,wf_image_5480.png,test
5481,5481,2126.0,lot18017,Edge-Ring,wf_image_5481.png,cal
5482,5482,1226.0,lot19243,Center,wf_image_5482.png,train
5483,5483,3927.0,lot9147,Edge-Ring,wf_image_5483.png,test
5484,5484,1060.0,lot47404,Edge-Loc,wf_image_5484.png,train
5485,5485,562.0,lot46895,Scratch,wf_image_5485.png,train
5486,5486,1075.0,lot25393,Edge-Ring,wf_image_5486.png,train
5487,5487,2126.0,lot20133,Edge-Ring,wf_image_5487.png,test
5488,5488,3036.0,lot12769,Edge-Ring,wf_image_5488.png,test
5489,5489,1060.0,lot47331,Edge-Loc,wf_image_5489.png,cal
5490,5490,533.0,lot197,Edge-Loc,wf_image_5490.png,test
5491,5491,518.0,lot44982,Scratch,wf_image_5491.png,train
5492,5492,515.0,lot36565,Center,wf_image_5492.png,train
5493,5493,741.0,lot44314,Loc,wf_image_5493.png,test
5494,5494,533.0,lot12075,Center,wf_image_5494.png,train
5495,5495,2126.0,lot18023,Edge-Ring,wf_image_5495.png,train
5496,5496,1109.0,lot45319,Edge-Loc,wf_image_5496.png,val
5497,5497,845.0,lot42335,Edge-Loc,wf_image_5497.png,train
5498,5498,1129.0,lot42636,Loc,wf_image_5498.png,cal
5499,5499,515.0,lot36717,Center,wf_image_5499.png,val
5500,5500,904.0,lot45632,Center,wf_image_5500.png,train
5501,5501,562.0,lot46832,Scratch,wf_image_5501.png,train
5502,5502,1291.0,lot13709,Edge-Ring,wf_image_5502.png,cal
5503,5503,741.0,lot44321,Edge-Loc,wf_image_5503.png,train
5504,5504,1291.0,lot13709,Edge-Ring,wf_image_5504.png,cal
5505,5505,2126.0,lot22486,Edge-Ring,wf_image_5505.png,train
5506,5506,776.0,lot41141,Loc,wf_image_5506.png,train
5507,5507,1075.0,lot2501,Edge-Ring,wf_image_5507.png,train
5508,5508,904.0,lot45647,Edge-Ring,wf_image_5508.png,cal
5509,5509,1129.0,lot42689,Loc,wf_image_5509.png,train
5510,5510,1129.0,lot42700,Loc,wf_image_5510.png,train
5511,5511,1253.0,lot2692,Edge-Ring,wf_image_5511.png,train
5512,5512,1349.0,lot2423,Random,wf_image_5512.png,train
5513,5513,1801.0,lot4668,Edge-Loc,wf_image_5513.png,test
5514,5514,562.0,lot46886,Loc,wf_image_5514.png,cal
5515,5515,1109.0,lot45307,Edge-Loc,wf_image_5515.png,val
5516,5516,533.0,lot40614,Scratch,wf_image_5516.png,train
5517,5517,776.0,lot41131,Loc,wf_image_5517.png,train
5518,5518,3036.0,lot12744,Edge-Ring,wf_image_5518.png,cal
5519,5519,1376.0,lot19256,Scratch,wf_image_5519.png,cal
5520,5520,1291.0,lot11987,Edge-Ring,wf_image_5520.png,val
5521,5521,12662.0,lot19839,Edge-Ring,wf_image_5521.png,train
5522,5522,1109.0,lot45304,Center,wf_image_5522.png,train
5523,5523,1060.0,lot47399,Edge-Loc,wf_image_5523.png,cal
5524,5524,1109.0,lot11510,Center,wf_image_5524.png,train
5525,5525,533.0,lot23114,Loc,wf_image_5525.png,val
5526,5526,3036.0,lot12757,Edge-Ring,wf_image_5526.png,test
5527,5527,1075.0,lot23101,Edge-Ring,wf_image_5527.png,train
5528,5528,533.0,lot10591,Edge-Loc,wf_image_5528.png,train
5529,5529,1075.0,lot2523,Edge-Ring,wf_image_5529.png,train
5530,5530,515.0,lot39593,Center,wf_image_5530.png,train
5531,5531,710.0,lot35243,Scratch,wf_image_5531.png,train
5532,5532,1080.0,lot21815,Loc,wf_image_5532.png,train
5533,5533,842.0,lot42204,Donut,wf_image_5533.png,train
5534,5534,533.0,lot40552,Scratch,wf_image_5534.png,train
5535,5535,533.0,lot61,Edge-Loc,wf_image_5535.png,cal
5536,5536,904.0,lot45627,Random,wf_image_5536.png,train
5537,5537,533.0,lot33,Loc,wf_image_5537.png,test
5538,5538,1080.0,lot26441,Loc,wf_image_5538.png,test
5539,5539,1109.0,lot45328,Edge-Loc,wf_image_5539.png,cal
5540,5540,12662.0,lot19858,Edge-Ring,wf_image_5540.png,test
5541,5541,733.0,lot39450,Center,wf_image_5541.png,val
5542,5542,1376.0,lot45844,Loc,wf_image_5542.png,train
5543,5543,3927.0,lot9151,Edge-Ring,wf_image_5543.png,train
5544,5544,12662.0,lot19839,Edge-Ring,wf_image_5544.png,train
5545,5545,1075.0,lot2507,Edge-Ring,wf_image_5545.png,train
5546,5546,533.0,lot40551,Edge-Loc,wf_image_5546.png,train
5547,5547,1075.0,lot23107,Edge-Ring,wf_image_5547.png,train
5548,5548,518.0,lot44027,Scratch,wf_image_5548.png,train
5549,5549,518.0,lot43932,Scratch,wf_image_5549.png,train
5550,5550,600.0,lot47512,Scratch,wf_image_5550.png,train
5551,5551,533.0,lot40582,Edge-Loc,wf_image_5551.png,val
5552,5552,515.0,lot3665,Edge-Loc,wf_image_5552.png,train
5553,5553,741.0,lot44293,Edge-Loc,wf_image_5553.png,val
5554,5554,939.0,lot3877,Edge-Loc,wf_image_5554.png,test
5555,5555,3036.0,lot11967,Edge-Ring,wf_image_5555.png,train
5556,5556,1139.0,lot15561,Random,wf_image_5556.png,val
5557,5557,562.0,lot46794,Loc,wf_image_5557.png,cal
5558,5558,2126.0,lot22477,Edge-Ring,wf_image_5558.png,cal
5559,5559,3036.0,lot12749,Edge-Ring,wf_image_5559.png,train
5560,5560,904.0,lot45628,Center,wf_image_5560.png,val
5561,5561,1080.0,lot24199,Loc,wf_image_5561.png,train
5562,5562,562.0,lot47103,Scratch,wf_image_5562.png,test
5563,5563,1658.0,lot16598,Edge-Ring,wf_image_5563.png,train
5564,5564,2126.0,lot21579,Edge-Ring,wf_image_5564.png,val
5565,5565,1334.0,lot17148,Donut,wf_image_5565.png,test
5566,5566,1376.0,lot26624,Edge-Ring,wf_image_5566.png,train
5567,5567,2126.0,lot20907,Edge-Ring,wf_image_5567.png,train
5568,5568,3036.0,lot12750,Edge-Ring,wf_image_5568.png,test
5569,5569,1334.0,lot17141,Donut,wf_image_5569.png,cal
5570,5570,562.0,lot47098,Edge-Loc,wf_image_5570.png,cal
5571,5571,2126.0,lot18377,Edge-Ring,wf_image_5571.png,train
5572,5572,1080.0,lot21758,Random,wf_image_5572.png,train
5573,5573,1658.0,lot16598,Edge-Ring,wf_image_5573.png,train
5574,5574,939.0,lot3877,Edge-Loc,wf_image_5574.png,train
5575,5575,562.0,lot46740,Edge-Ring,wf_image_5575.png,train
5576,5576,710.0,lot35657,Center,wf_image_5576.png,val
5577,5577,515.0,lot36942,Center,wf_image_5577.png,train
5578,5578,3927.0,lot2154,Edge-Ring,wf_image_5578.png,test
5579,5579,842.0,lot42240,Donut,wf_image_5579.png,train
5580,5580,1291.0,lot10049,Edge-Ring,wf_image_5580.png,train
5581,5581,2126.0,lot22478,Edge-Ring,wf_image_5581.png,train
5582,5582,776.0,lot40878,Donut,wf_image_5582.png,test
5583,5583,1376.0,lot45896,Edge-Loc,wf_image_5583.png,train
5584,5584,2126.0,lot20728,Edge-Ring,wf_image_5584.png,train
5585,5585,845.0,lot42189,Donut,wf_image_5585.png,train
5586,5586,1334.0,lot45960,Scratch,wf_image_5586.png,train
5587,5587,1109.0,lot45337,Edge-Loc,wf_image_5587.png,train
5588,5588,1291.0,lot11988,Edge-Ring,wf_image_5588.png,test
5589,5589,904.0,lot45624,Center,wf_image_5589.png,test
5590,5590,939.0,lot3917,Edge-Loc,wf_image_5590.png,test
5591,5591,843.0,lot42265,Loc,wf_image_5591.png,train
5592,5592,3036.0,lot12772,Edge-Ring,wf_image_5592.png,test
5593,5593,515.0,lot39760,Random,wf_image_5593.png,test
5594,5594,1075.0,lot2512,Edge-Ring,wf_image_5594.png,test
5595,5595,1075.0,lot2525,Edge-Ring,wf_image_5595.png,train
5596,5596,3927.0,lot9156,Edge-Ring,wf_image_5596.png,train
5597,5597,1999.0,lot14524,Edge-Ring,wf_image_5597.png,cal
5598,5598,515.0,lot36675,Center,wf_image_5598.png,test
5599,5599,2126.0,lot21578,Edge-Ring,wf_image_5599.png,train
5600,5600,1658.0,lot16604,Edge-Ring,wf_image_5600.png,cal
5601,5601,1075.0,lot2498,Edge-Ring,wf_image_5601.png,train
5602,5602,3036.0,lot11966,Edge-Ring,wf_image_5602.png,cal
5603,5603,939.0,lot3882,Edge-Loc,wf_image_5603.png,train
5604,5604,533.0,lot40551,Random,wf_image_5604.png,train
5605,5605,600.0,lot47477,Edge-Loc,wf_image_5605.png,val
5606,5606,515.0,lot36782,Center,wf_image_5606.png,val
5607,5607,1075.0,lot2436,Edge-Ring,wf_image_5607.png,val
5608,5608,3036.0,lot12745,Edge-Ring,wf_image_5608.png,cal
5609,5609,1129.0,lot5676,Edge-Loc,wf_image_5609.png,train
5610,5610,515.0,lot32846,Center,wf_image_5610.png,train
5611,5611,741.0,lot44285,Edge-Loc,wf_image_5611.png,test
5612,5612,515.0,lot36982,Center,wf_image_5612.png,train
5613,5613,1129.0,lot11885,Edge-Ring,wf_image_5613.png,train
5614,5614,1376.0,lot45738,Edge-Loc,wf_image_5614.png,val
5615,5615,845.0,lot42367,Donut,wf_image_5615.png,cal
5616,5616,515.0,lot39631,Center,wf_image_5616.png,train
5617,5617,939.0,lot3811,Edge-Ring,wf_image_5617.png,test
5618,5618,1075.0,lot13967,Edge-Ring,wf_image_5618.png,train
5619,5619,515.0,lot36902,Center,wf_image_5619.png,val
5620,5620,3036.0,lot12759,Edge-Ring,wf_image_5620.png,train
5621,5621,1075.0,lot2151,Edge-Ring,wf_image_5621.png,cal
5622,5622,1060.0,lot47303,Donut,wf_image_5622.png,train
5623,5623,1226.0,lot23661,Center,wf_image_5623.png,cal
5624,5624,515.0,lot36682,Center,wf_image_5624.png,train
5625,5625,515.0,lot39537,Center,wf_image_5625.png,train
5626,5626,1075.0,lot23104,Edge-Ring,wf_image_5626.png,train
5627,5627,776.0,lot41101,Loc,wf_image_5627.png,train
5628,5628,844.0,lot42241,Donut,wf_image_5628.png,test
5629,5629,939.0,lot6331,Loc,wf_image_5629.png,cal
5630,5630,733.0,lot39434,Center,wf_image_5630.png,val
5631,5631,1129.0,lot42735,Edge-Loc,wf_image_5631.png,train
5632,5632,2126.0,lot18378,Edge-Ring,wf_image_5632.png,train
5633,5633,516.0,lot43482,Edge-Loc,wf_image_5633.png,train
5634,5634,904.0,lot45634,Random,wf_image_5634.png,train
5635,5635,904.0,lot45622,Loc,wf_image_5635.png,val
5636,5636,12662.0,lot19852,Edge-Ring,wf_image_5636.png,train
5637,5637,1109.0,lot45443,Random,wf_image_5637.png,train
5638,5638,1060.0,lot47394,Loc,wf_image_5638.png,cal
5639,5639,712.0,lot41270,Loc,wf_image_5639.png,train
5640,5640,741.0,lot44186,Loc,wf_image_5640.png,test
5641,5641,710.0,lot30429,Scratch,wf_image_5641.png,test
5642,5642,844.0,lot42345,Edge-Loc,wf_image_5642.png,train
5643,5643,1075.0,lot12910,Edge-Ring,wf_image_5643.png,test
5644,5644,841.0,lot42212,Donut,wf_image_5644.png,train
5645,5645,3036.0,lot11877,Edge-Ring,wf_image_5645.png,train
5646,5646,515.0,lot36765,Center,wf_image_5646.png,train
5647,5647,1075.0,lot12906,Edge-Ring,wf_image_5647.png,test
5648,5648,2126.0,lot21578,Edge-Ring,wf_image_5648.png,train
5649,5649,516.0,lot43548,Edge-Loc,wf_image_5649.png,test
5650,5650,12662.0,lot19851,Edge-Ring,wf_image_5650.png,train
5651,5651,939.0,lot5993,Loc,wf_image_5651.png,train
5652,5652,741.0,lot44184,Near-full,wf_image_5652.png,train
5653,5653,1421.0,lot44816,Edge-Ring,wf_image_5653.png,train
5654,5654,904.0,lot45624,Center,wf_image_5654.png,train
5655,5655,533.0,lot12050,Random,wf_image_5655.png,cal
5656,5656,2126.0,lot20730,Edge-Ring,wf_image_5656.png,train
5657,5657,3036.0,lot11877,Edge-Ring,wf_image_5657.png,test
5658,5658,741.0,lot44497,Edge-Loc,wf_image_5658.png,test
5659,5659,776.0,lot40767,Edge-Loc,wf_image_5659.png,train
5660,5660,515.0,lot36819,Center,wf_image_5660.png,train
5661,5661,515.0,lot36789,Center,wf_image_5661.png,train
5662,5662,2126.0,lot22478,Edge-Ring,wf_image_5662.png,train
5663,5663,1060.0,lot47466,Edge-Loc,wf_image_5663.png,test
5664,5664,1139.0,lot18774,Scratch,wf_image_5664.png,train
5665,5665,518.0,lot44899,Edge-Loc,wf_image_5665.png,train
5666,5666,518.0,lot43904,Loc,wf_image_5666.png,train
5667,5667,1060.0,lot47375,Edge-Loc,wf_image_5667.png,train
5668,5668,1109.0,lot45402,Center,wf_image_5668.png,train
5669,5669,904.0,lot45628,Center,wf_image_5669.png,train
5670,5670,2126.0,lot21579,Edge-Ring,wf_image_5670.png,train
5671,5671,1376.0,lot45714,Edge-Loc,wf_image_5671.png,cal
5672,5672,533.0,lot40548,Edge-Loc,wf_image_5672.png,cal
5673,5673,710.0,lot4810,Edge-Loc,wf_image_5673.png,train
5674,5674,1291.0,lot12743,Edge-Ring,wf_image_5674.png,train
5675,5675,515.0,lot10395,Center,wf_image_5675.png,val
5676,5676,1080.0,lot23181,Donut,wf_image_5676.png,train
5677,5677,600.0,lot47508,Edge-Loc,wf_image_5677.png,train
5678,5678,518.0,lot44008,Scratch,wf_image_5678.png,test
5679,5679,1075.0,lot25392,Edge-Ring,wf_image_5679.png,val
5680,5680,508.0,lot45043,Edge-Loc,wf_image_5680.png,val
5681,5681,1334.0,lot17106,Center,wf_image_5681.png,train
5682,5682,1109.0,lot45497,Edge-Loc,wf_image_5682.png,test
5683,5683,2126.0,lot20908,Edge-Ring,wf_image_5683.png,train
5684,5684,516.0,lot43567,Edge-Loc,wf_image_5684.png,train
5685,5685,3036.0,lot12768,Edge-Ring,wf_image_5685.png,train
5686,5686,518.0,lot45283,Center,wf_image_5686.png,train
5687,5687,515.0,lot39593,Center,wf_image_5687.png,cal
5688,5688,845.0,lot42213,Edge-Loc,wf_image_5688.png,train
5689,5689,1801.0,lot5916,Edge-Loc,wf_image_5689.png,train
5690,5690,845.0,lot42205,Edge-Loc,wf_image_5690.png,cal
5691,5691,776.0,lot40998,Random,wf_image_5691.png,test
5692,5692,562.0,lot46840,Near-full,wf_image_5692.png,train
5693,5693,1376.0,lot45888,Edge-Loc,wf_image_5693.png,cal
5694,5694,3036.0,lot12749,Edge-Ring,wf_image_5694.png,train
5695,5695,562.0,lot47082,Edge-Loc,wf_image_5695.png,test
5696,5696,1060.0,lot47395,Scratch,wf_image_5696.png,val
5697,5697,3036.0,lot11965,Edge-Ring,wf_image_5697.png,train
5698,5698,533.0,lot40379,Edge-Loc,wf_image_5698.png,test
5699,5699,776.0,lot40950,Center,wf_image_5699.png,cal
5700,5700,1253.0,lot2693,Edge-Ring,wf_image_5700.png,train
5701,5701,2126.0,lot20904,Edge-Ring,wf_image_5701.png,train
5702,5702,518.0,lot44865,Edge-Loc,wf_image_5702.png,test
5703,5703,533.0,lot40511,Loc,wf_image_5703.png,cal
5704,5704,3036.0,lot2076,Edge-Ring,wf_image_5704.png,train
5705,5705,533.0,lot12076,Center,wf_image_5705.png,cal
5706,5706,776.0,lot40953,Near-full,wf_image_5706.png,train
5707,5707,1376.0,lot45746,Edge-Loc,wf_image_5707.png,train
5708,5708,518.0,lot45010,Loc,wf_image_5708.png,train
5709,5709,1376.0,lot45871,Center,wf_image_5709.png,test
5710,5710,515.0,lot36902,Center,wf_image_5710.png,train
5711,5711,1109.0,lot45531,Edge-Loc,wf_image_5711.png,val
5712,5712,1109.0,lot11510,Center,wf_image_5712.png,val
5713,5713,733.0,lot39440,Center,wf_image_5713.png,test
5714,5714,846.0,lot5621,Edge-Loc,wf_image_5714.png,train
5715,5715,3036.0,lot12758,Edge-Ring,wf_image_5715.png,train
5716,5716,776.0,lot40848,Edge-Loc,wf_image_5716.png,train
5717,5717,1080.0,lot18735,Random,wf_image_5717.png,train
5718,5718,1658.0,lot16607,Edge-Ring,wf_image_5718.png,train
5719,5719,1075.0,lot13960,Edge-Ring,wf_image_5719.png,cal
5720,5720,1999.0,lot14768,Edge-Ring,wf_image_5720.png,train
5721,5721,741.0,lot44176,Near-full,wf_image_5721.png,train
5722,5722,1376.0,lot45709,Edge-Loc,wf_image_5722.png,test
5723,5723,518.0,lot15637,Random,wf_image_5723.png,train
5724,5724,1060.0,lot47391,Scratch,wf_image_5724.png,test
5725,5725,562.0,lot46740,Loc,wf_image_5725.png,train
5726,5726,515.0,lot35961,Center,wf_image_5726.png,test
5727,5727,939.0,lot6222,Edge-Loc,wf_image_5727.png,train
5728,5728,1075.0,lot13967,Edge-Ring,wf_image_5728.png,val
5729,5729,3927.0,lot9154,Edge-Ring,wf_image_5729.png,test
5730,5730,1291.0,lot13716,Edge-Ring,wf_image_5730.png,train
5731,5731,843.0,lot42247,Donut,wf_image_5731.png,cal
5732,5732,515.0,lot36833,Center,wf_image_5732.png,test
5733,5733,1999.0,lot15009,Edge-Ring,wf_image_5733.png,cal
5734,5734,2126.0,lot22479,Edge-Ring,wf_image_5734.png,train
5735,5735,533.0,lot40456,Loc,wf_image_5735.png,test
5736,5736,12662.0,lot19858,Edge-Ring,wf_image_5736.png,train
5737,5737,518.0,lot45269,Loc,wf_image_5737.png,train
5738,5738,515.0,lot3664,Edge-Loc,wf_image_5738.png,train
5739,5739,1376.0,lot45723,Edge-Loc,wf_image_5739.png,train
5740,5740,2126.0,lot20908,Edge-Ring,wf_image_5740.png,train
5741,5741,1226.0,lot23640,Center,wf_image_5741.png,test
5742,5742,741.0,lot2861,Edge-Ring,wf_image_5742.png,train
5743,5743,562.0,lot46836,Edge-Loc,wf_image_5743.png,train
5744,5744,1349.0,lot2377,Random,wf_image_5744.png,test
5745,5745,533.0,lot40552,Edge-Loc,wf_image_5745.png,train
5746,5746,533.0,lot40557,Edge-Loc,wf_image_5746.png,train
5747,5747,741.0,lot44473,Near-full,wf_image_5747.png,train
5748,5748,562.0,lot46813,Edge-Loc,wf_image_5748.png,train
5749,5749,533.0,lot40421,Center,wf_image_5749.png,val
5750,5750,1075.0,lot25391,Edge-Ring,wf_image_5750.png,train
5751,5751,2126.0,lot22490,Edge-Ring,wf_image_5751.png,test
5752,5752,904.0,lot45641,Loc,wf_image_5752.png,train
5753,5753,844.0,lot42209,Donut,wf_image_5753.png,val
5754,5754,515.0,lot36559,Center,wf_image_5754.png,test
5755,5755,1060.0,lot47326,Edge-Loc,wf_image_5755.png,train
5756,5756,515.0,lot35965,Center,wf_image_5756.png,test
5757,5757,3036.0,lot10187,Edge-Ring,wf_image_5757.png,train
5758,5758,939.0,lot8039,Edge-Loc,wf_image_5758.png,test
5759,5759,1658.0,lot16554,Edge-Ring,wf_image_5759.png,train
5760,5760,1376.0,lot45765,Edge-Loc,wf_image_5760.png,val
5761,5761,1801.0,lot5908,Edge-Loc,wf_image_5761.png,test
5762,5762,846.0,lot5386,Edge-Loc,wf_image_5762.png,val
5763,5763,515.0,lot36837,Center,wf_image_5763.png,train
5764,5764,741.0,lot44231,Loc,wf_image_5764.png,train
5765,5765,2126.0,lot18382,Edge-Ring,wf_image_5765.png,train
5766,5766,1080.0,lot21535,Random,wf_image_5766.png,train
5767,5767,515.0,lot36762,Center,wf_image_5767.png,cal
5768,5768,3036.0,lot11971,Edge-Ring,wf_image_5768.png,train
5769,5769,2126.0,lot20736,Edge-Ring,wf_image_5769.png,test
5770,5770,1074.0,lot44163,Edge-Ring,wf_image_5770.png,train
5771,5771,846.0,lot5628,Edge-Loc,wf_image_5771.png,test
5772,5772,1075.0,lot2510,Edge-Ring,wf_image_5772.png,train
5773,5773,562.0,lot46784,Scratch,wf_image_5773.png,test
5774,5774,518.0,lot15598,Loc,wf_image_5774.png,train
5775,5775,741.0,lot44185,Near-full,wf_image_5775.png,cal
5776,5776,1349.0,lot2423,Random,wf_image_5776.png,train
5777,5777,533.0,lot42174,Center,wf_image_5777.png,train
5778,5778,1060.0,lot47362,Scratch,wf_image_5778.png,val
5779,5779,3036.0,lot12757,Edge-Ring,wf_image_5779.png,cal
5780,5780,845.0,lot42235,Edge-Loc,wf_image_5780.png,test
5781,5781,3927.0,lot9146,Edge-Ring,wf_image_5781.png,train
5782,5782,518.0,lot43946,Edge-Loc,wf_image_5782.png,val
5783,5783,3036.0,lot12769,Edge-Ring,wf_image_5783.png,train
5784,5784,1129.0,lot5174,Loc,wf_image_5784.png,train
5785,5785,533.0,lot40403,Edge-Loc,wf_image_5785.png,test
5786,5786,1376.0,lot19252,Center,wf_image_5786.png,train
5787,5787,516.0,lot43510,Scratch,wf_image_5787.png,train
5788,5788,1109.0,lot45351,Edge-Loc,wf_image_5788.png,train
5789,5789,844.0,lot42237,Loc,wf_image_5789.png,train
5790,5790,939.0,lot3841,Edge-Loc,wf_image_5790.png,train
5791,5791,3036.0,lot2076,Edge-Ring,wf_image_5791.png,train
5792,5792,1075.0,lot23099,Edge-Ring,wf_image_5792.png,train
5793,5793,533.0,lot42134,Loc,wf_image_5793.png,train
5794,5794,1129.0,lot42707,Edge-Ring,wf_image_5794.png,cal
5795,5795,733.0,lot35096,Center,wf_image_5795.png,train
5796,5796,776.0,lot41128,Scratch,wf_image_5796.png,train
5797,5797,741.0,lot44307,Scratch,wf_image_5797.png,test
5798,5798,562.0,lot46832,Center,wf_image_5798.png,train
5799,5799,1075.0,lot13961,Edge-Ring,wf_image_5799.png,val
5800,5800,600.0,lot47525,Loc,wf_image_5800.png,train
5801,5801,741.0,lot44187,Near-full,wf_image_5801.png,train
5802,5802,1658.0,lot16606,Edge-Ring,wf_image_5802.png,train
5803,5803,518.0,lot20772,Center,wf_image_5803.png,train
5804,5804,2126.0,lot21580,Edge-Ring,wf_image_5804.png,cal
5805,5805,1109.0,lot45382,Scratch,wf_image_5805.png,cal
5806,5806,1075.0,lot2151,Edge-Ring,wf_image_5806.png,train
5807,5807,1075.0,lot2517,Random,wf_image_5807.png,train
5808,5808,1060.0,lot47466,Edge-Loc,wf_image_5808.png,train
5809,5809,845.0,lot42366,Edge-Loc,wf_image_5809.png,test
5810,5810,776.0,lot40872,Edge-Loc,wf_image_5810.png,train
5811,5811,710.0,lot38532,Edge-Loc,wf_image_5811.png,train
5812,5812,1109.0,lot45316,Edge-Loc,wf_image_5812.png,test
5813,5813,515.0,lot36897,Center,wf_image_5813.png,cal
5814,5814,562.0,lot47015,Edge-Ring,wf_image_5814.png,test
5815,5815,515.0,lot39609,Center,wf_image_5815.png,train
5816,5816,733.0,lot39452,Center,wf_image_5816.png,train
5817,5817,1075.0,lot2521,Edge-Ring,wf_image_5817.png,train
5818,5818,515.0,lot36942,Center,wf_image_5818.png,train
5819,5819,1109.0,lot45595,Loc,wf_image_5819.png,train
5820,5820,600.0,lot47519,Edge-Ring,wf_image_5820.png,train
5821,5821,1658.0,lot18375,Edge-Ring,wf_image_5821.png,train
5822,5822,600.0,lot47493,Edge-Ring,wf_image_5822.png,test
5823,5823,1129.0,lot11884,Edge-Ring,wf_image_5823.png,test
5824,5824,845.0,lot42182,Edge-Loc,wf_image_5824.png,train
5825,5825,843.0,lot42374,Loc,wf_image_5825.png,train
5826,5826,562.0,lot47141,Loc,wf_image_5826.png,test
5827,5827,776.0,lot40735,Loc,wf_image_5827.png,val
5828,5828,1226.0,lot23634,Center,wf_image_5828.png,test
5829,5829,776.0,lot44133,Scratch,wf_image_5829.png,cal
5830,5830,3036.0,lot12744,Edge-Ring,wf_image_5830.png,train
5831,5831,600.0,lot47519,Edge-Ring,wf_image_5831.png,val
5832,5832,1291.0,lot11987,Edge-Ring,wf_image_5832.png,train
5833,5833,1376.0,lot45770,Edge-Loc,wf_image_5833.png,test
5834,5834,741.0,lot44340,Loc,wf_image_5834.png,train
5835,5835,533.0,lot40368,Center,wf_image_5835.png,train
5836,5836,1109.0,lot45359,Loc,wf_image_5836.png,test
5837,5837,1658.0,lot16536,Edge-Ring,wf_image_5837.png,test
5838,5838,1080.0,lot23493,Center,wf_image_5838.png,train
5839,5839,515.0,lot36826,Center,wf_image_5839.png,test
5840,5840,3036.0,lot11844,Edge-Ring,wf_image_5840.png,train
5841,5841,741.0,lot44434,Edge-Loc,wf_image_5841.png,test
5842,5842,515.0,lot32896,Center,wf_image_5842.png,train
5843,5843,844.0,lot42308,Scratch,wf_image_5843.png,test
5844,5844,939.0,lot6021,Edge-Ring,wf_image_5844.png,train
5845,5845,516.0,lot43483,Edge-Loc,wf_image_5845.png,cal
5846,5846,562.0,lot46757,Edge-Loc,wf_image_5846.png,train
5847,5847,1920.0,lot15163,Random,wf_image_5847.png,val
5848,5848,3036.0,lot11630,Edge-Ring,wf_image_5848.png,val
5849,5849,1075.0,lot2523,Edge-Ring,wf_image_5849.png,cal
5850,5850,516.0,lot43142,Center,wf_image_5850.png,train
5851,5851,562.0,lot46751,Edge-Loc,wf_image_5851.png,train
5852,5852,1376.0,lot45822,Edge-Loc,wf_image_5852.png,cal
5853,5853,1129.0,lot42616,Scratch,wf_image_5853.png,cal
5854,5854,562.0,lot46734,Edge-Loc,wf_image_5854.png,train
5855,5855,1109.0,lot45580,Loc,wf_image_5855.png,train
5856,5856,1801.0,lot4082,Edge-Loc,wf_image_5856.png,train
5857,5857,518.0,lot45271,Center,wf_image_5857.png,train
5858,5858,533.0,lot40370,Loc,wf_image_5858.png,train
5859,5859,741.0,lot3081,Edge-Ring,wf_image_5859.png,train
5860,5860,939.0,lot6114,Center,wf_image_5860.png,cal
5861,5861,741.0,lot44243,Loc,wf_image_5861.png,test
5862,5862,2126.0,lot22476,Edge-Ring,wf_image_5862.png,cal
5863,5863,1080.0,lot23179,Edge-Loc,wf_image_5863.png,train
5864,5864,1226.0,lot23639,Center,wf_image_5864.png,train
5865,5865,1109.0,lot45319,Edge-Loc,wf_image_5865.png,train
5866,5866,600.0,lot47485,Loc,wf_image_5866.png,train
5867,5867,3036.0,lot11880,Edge-Ring,wf_image_5867.png,train
5868,5868,515.0,lot36899,Center,wf_image_5868.png,test
5869,5869,515.0,lot36834,Center,wf_image_5869.png,train
5870,5870,515.0,lot36637,Center,wf_image_5870.png,train
5871,5871,515.0,lot36738,Center,wf_image_5871.png,cal
5872,5872,3036.0,lot11856,Edge-Ring,wf_image_5872.png,test
5873,5873,515.0,lot36865,Center,wf_image_5873.png,train
5874,5874,3036.0,lot12756,Edge-Ring,wf_image_5874.png,val
5875,5875,600.0,lot47488,Scratch,wf_image_5875.png,test
5876,5876,710.0,lot35721,Scratch,wf_image_5876.png,train
5877,5877,2126.0,lot21043,Edge-Ring,wf_image_5877.png,test
5878,5878,776.0,lot5832,Loc,wf_image_5878.png,test
5879,5879,1658.0,lot16601,Edge-Ring,wf_image_5879.png,train
5880,5880,533.0,lot40435,Edge-Ring,wf_image_5880.png,train
5881,5881,846.0,lot33893,Edge-Loc,wf_image_5881.png,train
5882,5882,516.0,lot43548,Edge-Loc,wf_image_5882.png,val
5883,5883,1075.0,lot2506,Edge-Ring,wf_image_5883.png,train
5884,5884,2126.0,lot21044,Edge-Ring,wf_image_5884.png,val
5885,5885,1421.0,lot44805,Random,wf_image_5885.png,train
5886,5886,515.0,lot36857,Center,wf_image_5886.png,train
5887,5887,1060.0,lot47270,Scratch,wf_image_5887.png,val
5888,5888,904.0,lot4090,Loc,wf_image_5888.png,val
5889,5889,600.0,lot47541,Edge-Loc,wf_image_5889.png,train
5890,5890,2126.0,lot22471,Edge-Ring,wf_image_5890.png,train
5891,5891,1801.0,lot4646,Edge-Loc,wf_image_5891.png,train
5892,5892,1075.0,lot13964,Edge-Ring,wf_image_5892.png,train
5893,5893,904.0,lot45637,Random,wf_image_5893.png,cal
5894,5894,12662.0,lot19852,Edge-Ring,wf_image_5894.png,val
5895,5895,710.0,lot40201,Edge-Loc,wf_image_5895.png,train
5896,5896,533.0,lot13101,Edge-Loc,wf_image_5896.png,train
5897,5897,1421.0,lot44794,Edge-Ring,wf_image_5897.png,test
5898,5898,3036.0,lot9337,Edge-Ring,wf_image_5898.png,train
5899,5899,1376.0,lot45936,Loc,wf_image_5899.png,test
5900,5900,842.0,lot42358,Donut,wf_image_5900.png,train
5901,5901,515.0,lot36727,Center,wf_image_5901.png,val
5902,5902,776.0,lot44096,Loc,wf_image_5902.png,val
5903,5903,515.0,lot36962,Center,wf_image_5903.png,train
5904,5904,2126.0,lot20133,Edge-Ring,wf_image_5904.png,test
5905,5905,3036.0,lot12758,Edge-Ring,wf_image_5905.png,val
5906,5906,2126.0,lot21039,Edge-Ring,wf_image_5906.png,test
5907,5907,1109.0,lot45313,Loc,wf_image_5907.png,test
5908,5908,1075.0,lot13960,Edge-Ring,wf_image_5908.png,cal
5909,5909,1074.0,lot44162,Edge-Ring,wf_image_5909.png,train
5910,5910,515.0,lot36637,Center,wf_image_5910.png,train
5911,5911,842.0,lot42269,Loc,wf_image_5911.png,cal
5912,5912,533.0,lot40623,Loc,wf_image_5912.png,train
5913,5913,1349.0,lot2425,Random,wf_image_5913.png,train
5914,5914,3036.0,lot11965,Edge-Ring,wf_image_5914.png,train
5915,5915,515.0,lot36637,Center,wf_image_5915.png,cal
5916,5916,1376.0,lot45764,Edge-Loc,wf_image_5916.png,train
5917,5917,939.0,lot5980,Edge-Loc,wf_image_5917.png,test
5918,5918,12662.0,lot17286,Edge-Ring,wf_image_5918.png,train
5919,5919,562.0,lot47072,Loc,wf_image_5919.png,test
5920,5920,2126.0,lot21580,Edge-Ring,wf_image_5920.png,train
5921,5921,1136.0,lot42750,Scratch,wf_image_5921.png,test
5922,5922,600.0,lot47495,Scratch,wf_image_5922.png,train
5923,5923,1334.0,lot17158,Donut,wf_image_5923.png,train
5924,5924,1801.0,lot4707,Edge-Loc,wf_image_5924.png,val
5925,5925,776.0,lot40862,Near-full,wf_image_5925.png,val
5926,5926,1075.0,lot2525,Edge-Ring,wf_image_5926.png,test
5927,5927,776.0,lot41116,Scratch,wf_image_5927.png,val
5928,5928,846.0,lot33911,Donut,wf_image_5928.png,train
5929,5929,1658.0,lot16601,Edge-Ring,wf_image_5929.png,cal
5930,5930,533.0,lot182,Loc,wf_image_5930.png,val
5931,5931,776.0,lot40941,Scratch,wf_image_5931.png,val
5932,5932,1139.0,lot18874,Loc,wf_image_5932.png,cal
5933,5933,516.0,lot43185,Center,wf_image_5933.png,train
5934,5934,515.0,lot39608,Center,wf_image_5934.png,train
5935,5935,1129.0,lot7455,Center,wf_image_5935.png,train
5936,5936,1376.0,lot45730,Random,wf_image_5936.png,train
5937,5937,515.0,lot37036,Center,wf_image_5937.png,val
5938,5938,3036.0,lot12767,Edge-Ring,wf_image_5938.png,cal
5939,5939,562.0,lot46865,Center,wf_image_5939.png,test
5940,5940,562.0,lot46795,Edge-Loc,wf_image_5940.png,test
5941,5941,518.0,lot15671,Random,wf_image_5941.png,val
5942,5942,2126.0,lot18019,Edge-Ring,wf_image_5942.png,test
5943,5943,1334.0,lot16988,Donut,wf_image_5943.png,cal
5944,5944,1060.0,lot47470,Edge-Loc,wf_image_5944.png,cal
5945,5945,3036.0,lot12759,Edge-Ring,wf_image_5945.png,cal
5946,5946,1291.0,lot7397,Edge-Ring,wf_image_5946.png,val
5947,5947,3036.0,lot12745,Edge-Ring,wf_image_5947.png,cal
5948,5948,939.0,lot6402,Edge-Ring,wf_image_5948.png,train
5949,5949,515.0,lot39520,Center,wf_image_5949.png,train
5950,5950,518.0,lot45256,Loc,wf_image_5950.png,val
5951,5951,12662.0,lot19839,Edge-Ring,wf_image_5951.png,train
5952,5952,1109.0,lot45311,Edge-Loc,wf_image_5952.png,train
5953,5953,1376.0,lot45882,Edge-Loc,wf_image_5953.png,train
5954,5954,741.0,lot3046,Edge-Ring,wf_image_5954.png,test
5955,5955,1334.0,lot17102,Random,wf_image_5955.png,test
5956,5956,1421.0,lot44786,Edge-Ring,wf_image_5956.png,cal
5957,5957,733.0,lot35105,Center,wf_image_5957.png,train
5958,5958,1139.0,lot15460,Random,wf_image_5958.png,train
5959,5959,1075.0,lot44165,Edge-Ring,wf_image_5959.png,train
5960,5960,1376.0,lot45755,Edge-Loc,wf_image_5960.png,test
5961,5961,844.0,lot7294,Edge-Loc,wf_image_5961.png,cal
5962,5962,3036.0,lot2076,Edge-Ring,wf_image_5962.png,test
5963,5963,1060.0,lot47431,Edge-Loc,wf_image_5963.png,val
5964,5964,1421.0,lot44786,Edge-Ring,wf_image_5964.png,train
5965,5965,733.0,lot39436,Center,wf_image_5965.png,cal
5966,5966,518.0,lot43928,Edge-Ring,wf_image_5966.png,train
5967,5967,842.0,lot42227,Loc,wf_image_5967.png,val
5968,5968,2126.0,lot22476,Edge-Ring,wf_image_5968.png,test
5969,5969,515.0,lot36838,Center,wf_image_5969.png,cal
5970,5970,3036.0,lot12749,Edge-Ring,wf_image_5970.png,val
5971,5971,3927.0,lot2160,Edge-Ring,wf_image_5971.png,cal
5972,5972,1139.0,lot15622,Random,wf_image_5972.png,cal
5973,5973,1075.0,lot23100,Edge-Ring,wf_image_5973.png,train
5974,5974,904.0,lot45644,Center,wf_image_5974.png,cal
5975,5975,1334.0,lot17109,Donut,wf_image_5975.png,train
5976,5976,1080.0,lot26301,Edge-Loc,wf_image_5976.png,train
5977,5977,533.0,lot40570,Random,wf_image_5977.png,train
5978,5978,1075.0,lot13962,Edge-Ring,wf_image_5978.png,train
5979,5979,1636.0,lot24663,Loc,wf_image_5979.png,train
5980,5980,515.0,lot36610,Center,wf_image_5980.png,train
5981,5981,1075.0,lot12906,Edge-Ring,wf_image_5981.png,train
5982,5982,776.0,lot44127,Center,wf_image_5982.png,train
5983,5983,1075.0,lot2520,Edge-Ring,wf_image_5983.png,train
5984,5984,710.0,lot4466,Edge-Loc,wf_image_5984.png,cal
5985,5985,1129.0,lot42638,Center,wf_image_5985.png,train
5986,5986,12662.0,lot19849,Edge-Ring,wf_image_5986.png,train
5987,5987,904.0,lot45637,Loc,wf_image_5987.png,test
5988,5988,1349.0,lot2375,Random,wf_image_5988.png,val
5989,5989,516.0,lot43042,Edge-Loc,wf_image_5989.png,train
5990,5990,515.0,lot39696,Center,wf_image_5990.png,cal
5991,5991,1376.0,lot45838,Edge-Loc,wf_image_5991.png,val
5992,5992,904.0,lot45625,Center,wf_image_5992.png,cal
5993,5993,1658.0,lot16605,Edge-Ring,wf_image_5993.png,train
5994,5994,562.0,lot47119,Scratch,wf_image_5994.png,train
5995,5995,1075.0,lot2497,Edge-Ring,wf_image_5995.png,train
5996,5996,776.0,lot41051,Edge-Loc,wf_image_5996.png,train
5997,5997,939.0,lot6113,Center,wf_image_5997.png,val
5998,5998,1109.0,lot45344,Center,wf_image_5998.png,train
5999,5999,1109.0,lot45573,Scratch,wf_image_5999.png,test
6000,6000,1080.0,lot26473,Edge-Loc,wf_image_6000.png,train
6001,6001,1376.0,lot45801,Edge-Loc,wf_image_6001.png,val
6002,6002,1060.0,lot47288,Scratch,wf_image_6002.png,train
6003,6003,3036.0,lot11855,Edge-Ring,wf_image_6003.png,cal
6004,6004,1109.0,lot45399,Loc,wf_image_6004.png,train
6005,6005,1376.0,lot45926,Scratch,wf_image_6005.png,test
6006,6006,1658.0,lot20568,Edge-Ring,wf_image_6006.png,cal
6007,6007,1075.0,lot13962,Edge-Ring,wf_image_6007.png,test
6008,6008,562.0,lot46956,Scratch,wf_image_6008.png,train
6009,6009,515.0,lot36833,Center,wf_image_6009.png,train
6010,6010,2126.0,lot20906,Edge-Ring,wf_image_6010.png,val
6011,6011,3036.0,lot12759,Edge-Ring,wf_image_6011.png,train
6012,6012,1075.0,lot23100,Edge-Ring,wf_image_6012.png,train
6013,6013,1129.0,lot11885,Edge-Ring,wf_image_6013.png,train
6014,6014,741.0,lot44357,Edge-Loc,wf_image_6014.png,val
6015,6015,515.0,lot36768,Center,wf_image_6015.png,train
6016,6016,1109.0,lot45570,Edge-Loc,wf_image_6016.png,train
6017,6017,533.0,lot40652,Scratch,wf_image_6017.png,train
6018,6018,515.0,lot10242,Center,wf_image_6018.png,train
6019,6019,1060.0,lot47314,Edge-Loc,wf_image_6019.png,cal
6020,6020,939.0,lot6198,Edge-Loc,wf_image_6020.png,val
6021,6021,1075.0,lot12909,Edge-Ring,wf_image_6021.png,test
6022,6022,741.0,lot2548,Scratch,wf_image_6022.png,train
6023,6023,1658.0,lot16605,Edge-Ring,wf_image_6023.png,train
6024,6024,1075.0,lot13964,Edge-Ring,wf_image_6024.png,train
6025,6025,1801.0,lot6426,Edge-Loc,wf_image_6025.png,test
6026,6026,3927.0,lot10009,Edge-Ring,wf_image_6026.png,cal
6027,6027,1801.0,lot11464,Loc,wf_image_6027.png,train
6028,6028,533.0,lot5730,Edge-Loc,wf_image_6028.png,test
6029,6029,2126.0,lot20903,Edge-Ring,wf_image_6029.png,val
6030,6030,518.0,lot44019,Scratch,wf_image_6030.png,train
6031,6031,562.0,lot46910,Edge-Loc,wf_image_6031.png,val
6032,6032,1129.0,lot11885,Edge-Ring,wf_image_6032.png,cal
6033,6033,1334.0,lot17146,Donut,wf_image_6033.png,train
6034,6034,1291.0,lot13709,Edge-Ring,wf_image_6034.png,val
6035,6035,533.0,lot40638,Scratch,wf_image_6035.png,train
6036,6036,2126.0,lot21581,Edge-Ring,wf_image_6036.png,cal
6037,6037,1376.0,lot45780,Edge-Loc,wf_image_6037.png,test
6038,6038,904.0,lot45635,Center,wf_image_6038.png,train
6039,6039,1075.0,lot2522,Edge-Ring,wf_image_6039.png,train
6040,6040,3036.0,lot11843,Edge-Ring,wf_image_6040.png,train
6041,6041,515.0,lot39578,Center,wf_image_6041.png,test
6042,6042,564.0,lot24235,Center,wf_image_6042.png,train
6043,6043,939.0,lot6225,Loc,wf_image_6043.png,train
6044,6044,741.0,lot44260,Scratch,wf_image_6044.png,train
6045,6045,846.0,lot5290,Edge-Loc,wf_image_6045.png,val
6046,6046,1075.0,lot2527,Edge-Ring,wf_image_6046.png,test
6047,6047,846.0,lot5634,Loc,wf_image_6047.png,val
6048,6048,1075.0,lot15187,Edge-Ring,wf_image_6048.png,train
6049,6049,3036.0,lot11966,Edge-Ring,wf_image_6049.png,test
6050,6050,515.0,lot35966,Center,wf_image_6050.png,test
6051,6051,564.0,lot24229,Center,wf_image_6051.png,train
6052,6052,1060.0,lot47410,Center,wf_image_6052.png,test
6053,6053,939.0,lot3919,Edge-Loc,wf_image_6053.png,test
6054,6054,533.0,lot40408,Near-full,wf_image_6054.png,train
6055,6055,845.0,lot42241,Loc,wf_image_6055.png,cal
6056,6056,12662.0,lot17285,Edge-Ring,wf_image_6056.png,train
6057,6057,1421.0,lot44788,Edge-Ring,wf_image_6057.png,train
6058,6058,3036.0,lot12746,Edge-Ring,wf_image_6058.png,train
6059,6059,562.0,lot46760,Edge-Loc,wf_image_6059.png,test
6060,6060,939.0,lot5993,Loc,wf_image_6060.png,train
6061,6061,741.0,lot2379,Edge-Loc,wf_image_6061.png,train
6062,6062,741.0,lot44203,Edge-Ring,wf_image_6062.png,train
6063,6063,515.0,lot39675,Center,wf_image_6063.png,test
6064,6064,2126.0,lot20906,Edge-Ring,wf_image_6064.png,cal
6065,6065,533.0,lot40594,Center,wf_image_6065.png,train
6066,6066,515.0,lot36876,Center,wf_image_6066.png,val
6067,6067,3036.0,lot12765,Edge-Ring,wf_image_6067.png,cal
6068,6068,1060.0,lot47273,Center,wf_image_6068.png,test
6069,6069,515.0,lot39696,Center,wf_image_6069.png,test
6070,6070,1075.0,lot2509,Edge-Ring,wf_image_6070.png,train
6071,6071,515.0,lot37013,Center,wf_image_6071.png,cal
6072,6072,741.0,lot44233,Scratch,wf_image_6072.png,test
6073,6073,1075.0,lot2503,Edge-Ring,wf_image_6073.png,train
6074,6074,1060.0,lot40327,Edge-Loc,wf_image_6074.png,train
6075,6075,1109.0,lot45399,Loc,wf_image_6075.png,train
6076,6076,533.0,lot40639,Loc,wf_image_6076.png,test
6077,6077,515.0,lot39611,Center,wf_image_6077.png,cal
6078,6078,1075.0,lot44168,Edge-Ring,wf_image_6078.png,train
6079,6079,3927.0,lot11171,Edge-Ring,wf_image_6079.png,train
6080,6080,1109.0,lot45553,Center,wf_image_6080.png,train
6081,6081,1075.0,lot13491,Edge-Ring,wf_image_6081.png,test
6082,6082,1075.0,lot2756,Edge-Ring,wf_image_6082.png,train
6083,6083,515.0,lot36596,Center,wf_image_6083.png,test
6084,6084,845.0,lot42236,Loc,wf_image_6084.png,test
6085,6085,776.0,lot40731,Loc,wf_image_6085.png,train
6086,6086,2126.0,lot22474,Edge-Ring,wf_image_6086.png,train
6087,6087,1226.0,lot23648,Center,wf_image_6087.png,cal
6088,6088,1376.0,lot45704,Edge-Ring,wf_image_6088.png,test
6089,6089,515.0,lot36631,Center,wf_image_6089.png,train
6090,6090,3036.0,lot12751,Edge-Ring,wf_image_6090.png,test
6091,6091,1658.0,lot16602,Edge-Ring,wf_image_6091.png,val
6092,6092,3927.0,lot10008,Edge-Ring,wf_image_6092.png,train
6093,6093,845.0,lot42279,Donut,wf_image_6093.png,train
6094,6094,1080.0,lot21627,Random,wf_image_6094.png,train
6095,6095,515.0,lot36881,Center,wf_image_6095.png,test
6096,6096,1658.0,lot16600,Edge-Ring,wf_image_6096.png,train
6097,6097,776.0,lot41042,Edge-Loc,wf_image_6097.png,train
6098,6098,844.0,lot42374,Scratch,wf_image_6098.png,train
6099,6099,776.0,lot40799,Random,wf_image_6099.png,test
6100,6100,1075.0,lot15187,Edge-Ring,wf_image_6100.png,test
6101,6101,776.0,lot41037,Scratch,wf_image_6101.png,train
6102,6102,741.0,lot2971,Donut,wf_image_6102.png,test
6103,6103,1349.0,lot2420,Random,wf_image_6103.png,test
6104,6104,516.0,lot43373,Edge-Loc,wf_image_6104.png,test
6105,6105,3036.0,lot11969,Edge-Ring,wf_image_6105.png,test
6106,6106,1075.0,lot2523,Edge-Ring,wf_image_6106.png,train
6107,6107,844.0,lot42212,Edge-Loc,wf_image_6107.png,val
6108,6108,3036.0,lot12748,Edge-Ring,wf_image_6108.png,train
6109,6109,515.0,lot36639,Center,wf_image_6109.png,val
6110,6110,842.0,lot42209,Center,wf_image_6110.png,train
6111,6111,845.0,lot7245,Edge-Loc,wf_image_6111.png,val
6112,6112,1075.0,lot2519,Edge-Ring,wf_image_6112.png,train
6113,6113,1080.0,lot23180,Center,wf_image_6113.png,val
6114,6114,1109.0,lot45478,Center,wf_image_6114.png,train
6115,6115,3036.0,lot11970,Edge-Ring,wf_image_6115.png,train
6116,6116,1075.0,lot23109,Edge-Ring,wf_image_6116.png,train
6117,6117,515.0,lot36718,Center,wf_image_6117.png,train
6118,6118,1075.0,lot2521,Edge-Ring,wf_image_6118.png,val
6119,6119,1075.0,lot2516,Edge-Ring,wf_image_6119.png,train
6120,6120,12662.0,lot19852,Edge-Ring,wf_image_6120.png,train
6121,6121,533.0,lot40358,Scratch,wf_image_6121.png,test
6122,6122,845.0,lot7274,Edge-Loc,wf_image_6122.png,val
6123,6123,3036.0,lot12761,Edge-Ring,wf_image_6123.png,train
6124,6124,3927.0,lot10009,Edge-Ring,wf_image_6124.png,train
6125,6125,1129.0,lot42648,Scratch,wf_image_6125.png,train
6126,6126,1129.0,lot5179,Edge-Loc,wf_image_6126.png,train
6127,6127,776.0,lot4869,Edge-Loc,wf_image_6127.png,train
6128,6128,1073.0,lot44162,Edge-Ring,wf_image_6128.png,train
6129,6129,600.0,lot47542,Edge-Loc,wf_image_6129.png,train
6130,6130,1376.0,lot16678,Loc,wf_image_6130.png,test
6131,6131,3036.0,lot2076,Edge-Ring,wf_image_6131.png,train
6132,6132,518.0,lot45240,Loc,wf_image_6132.png,cal
6133,6133,3036.0,lot11856,Edge-Ring,wf_image_6133.png,train
6134,6134,776.0,lot41126,Loc,wf_image_6134.png,val
6135,6135,3927.0,lot10009,Edge-Ring,wf_image_6135.png,train
6136,6136,1658.0,lot16601,Edge-Ring,wf_image_6136.png,train
6137,6137,776.0,lot40938,Scratch,wf_image_6137.png,train
6138,6138,1658.0,lot16606,Edge-Ring,wf_image_6138.png,test
6139,6139,939.0,lot3844,Edge-Loc,wf_image_6139.png,train
6140,6140,515.0,lot39556,Center,wf_image_6140.png,train
6141,6141,518.0,lot45254,Loc,wf_image_6141.png,test
6142,6142,1334.0,lot17150,Donut,wf_image_6142.png,cal
6143,6143,515.0,lot36942,Center,wf_image_6143.png,train
6144,6144,1080.0,lot21645,Loc,wf_image_6144.png,val
6145,6145,741.0,lot44363,Edge-Loc,wf_image_6145.png,test
6146,6146,1999.0,lot14919,Edge-Ring,wf_image_6146.png,train
6147,6147,1658.0,lot18375,Edge-Ring,wf_image_6147.png,train
6148,6148,939.0,lot6224,Loc,wf_image_6148.png,train
6149,6149,904.0,lot45627,Loc,wf_image_6149.png,val
6150,6150,2126.0,lot18378,Edge-Ring,wf_image_6150.png,val
6151,6151,1658.0,lot16599,Edge-Ring,wf_image_6151.png,val
6152,6152,846.0,lot36509,Edge-Loc,wf_image_6152.png,cal
6153,6153,1376.0,lot45798,Edge-Loc,wf_image_6153.png,cal
6154,6154,741.0,lot44179,Near-full,wf_image_6154.png,train
6155,6155,516.0,lot43528,Edge-Loc,wf_image_6155.png,train
6156,6156,844.0,lot42202,Donut,wf_image_6156.png,train
6157,6157,562.0,lot47106,Edge-Loc,wf_image_6157.png,train
6158,6158,3036.0,lot12757,Edge-Ring,wf_image_6158.png,train
6159,6159,1075.0,lot23099,Edge-Ring,wf_image_6159.png,test
6160,6160,844.0,lot41971,Donut,wf_image_6160.png,cal
6161,6161,3036.0,lot12764,Edge-Ring,wf_image_6161.png,train
6162,6162,939.0,lot6394,Edge-Ring,wf_image_6162.png,train
6163,6163,2126.0,lot22475,Edge-Ring,wf_image_6163.png,test
6164,6164,1060.0,lot47356,Loc,wf_image_6164.png,test
6165,6165,3036.0,lot10187,Edge-Ring,wf_image_6165.png,train
6166,6166,12662.0,lot17263,Edge-Ring,wf_image_6166.png,train
6167,6167,1658.0,lot20568,Edge-Ring,wf_image_6167.png,train
6168,6168,1075.0,lot23106,Edge-Ring,wf_image_6168.png,test
6169,6169,518.0,lot43984,Edge-Ring,wf_image_6169.png,train
6170,6170,562.0,lot46824,Edge-Loc,wf_image_6170.png,train
6171,6171,518.0,lot45259,Loc,wf_image_6171.png,test
6172,6172,533.0,lot40564,Loc,wf_image_6172.png,cal
6173,6173,600.0,lot47535,Edge-Loc,wf_image_6173.png,train
6174,6174,516.0,lot43319,Edge-Loc,wf_image_6174.png,train
6175,6175,1080.0,lot21511,Edge-Ring,wf_image_6175.png,train
6176,6176,533.0,lot42126,Scratch,wf_image_6176.png,train
6177,6177,533.0,lot40473,Loc,wf_image_6177.png,train
6178,6178,1075.0,lot12906,Edge-Ring,wf_image_6178.png,test
6179,6179,515.0,lot36637,Center,wf_image_6179.png,cal
6180,6180,1658.0,lot16604,Edge-Ring,wf_image_6180.png,test
6181,6181,2126.0,lot20728,Edge-Ring,wf_image_6181.png,val
6182,6182,1109.0,lot45550,Center,wf_image_6182.png,val
6183,6183,2126.0,lot20733,Edge-Ring,wf_image_6183.png,train
6184,6184,1075.0,lot2520,Edge-Ring,wf_image_6184.png,test
6185,6185,2126.0,lot18017,Edge-Ring,wf_image_6185.png,train
6186,6186,904.0,lot45626,Center,wf_image_6186.png,test
6187,6187,741.0,lot44405,Scratch,wf_image_6187.png,train
6188,6188,515.0,lot36857,Center,wf_image_6188.png,cal
6189,6189,600.0,lot47503,Loc,wf_image_6189.png,cal
6190,6190,1074.0,lot44170,Edge-Ring,wf_image_6190.png,train
6191,6191,533.0,lot42175,Loc,wf_image_6191.png,train
6192,6192,515.0,lot36691,Center,wf_image_6192.png,train
6193,6193,1060.0,lot47274,Edge-Loc,wf_image_6193.png,train
6194,6194,1334.0,lot17111,Loc,wf_image_6194.png,train
6195,6195,12662.0,lot17000,Edge-Ring,wf_image_6195.png,train
6196,6196,3036.0,lot11967,Edge-Ring,wf_image_6196.png,train
6197,6197,3036.0,lot12769,Edge-Ring,wf_image_6197.png,train
6198,6198,3927.0,lot9153,Edge-Ring,wf_image_6198.png,cal
6199,6199,533.0,lot40553,Edge-Loc,wf_image_6199.png,train
6200,6200,515.0,lot39560,Center,wf_image_6200.png,val
6201,6201,515.0,lot35902,Center,wf_image_6201.png,val
6202,6202,2126.0,lot20732,Edge-Ring,wf_image_6202.png,train
6203,6203,516.0,lot43374,Edge-Loc,wf_image_6203.png,train
6204,6204,741.0,lot44321,Loc,wf_image_6204.png,train
6205,6205,515.0,lot36910,Center,wf_image_6205.png,train
6206,6206,3036.0,lot11856,Edge-Ring,wf_image_6206.png,train
6207,6207,515.0,lot39560,Center,wf_image_6207.png,test
6208,6208,515.0,lot12885,Center,wf_image_6208.png,test
6209,6209,533.0,lot11004,Loc,wf_image_6209.png,train
6210,6210,1075.0,lot12909,Edge-Ring,wf_image_6210.png,test
6211,6211,3036.0,lot11877,Edge-Ring,wf_image_6211.png,train
6212,6212,1334.0,lot17184,Donut,wf_image_6212.png,train
6213,6213,1109.0,lot45573,Random,wf_image_6213.png,train
6214,6214,516.0,lot43594,Edge-Loc,wf_image_6214.png,train
6215,6215,562.0,lot46745,Edge-Loc,wf_image_6215.png,cal
6216,6216,518.0,lot44911,Edge-Loc,wf_image_6216.png,val
6217,6217,515.0,lot35938,Center,wf_image_6217.png,train
6218,6218,776.0,lot40821,Edge-Loc,wf_image_6218.png,train
6219,6219,2126.0,lot21039,Edge-Ring,wf_image_6219.png,test
6220,6220,846.0,lot36189,Center,wf_image_6220.png,train
6221,6221,3036.0,lot11880,Edge-Ring,wf_image_6221.png,train
6222,6222,904.0,lot45640,Loc,wf_image_6222.png,train
6223,6223,2126.0,lot20907,Edge-Ring,wf_image_6223.png,val
6224,6224,3036.0,lot11878,Edge-Ring,wf_image_6224.png,test
6225,6225,1075.0,lot44167,Edge-Ring,wf_image_6225.png,train
6226,6226,515.0,lot36717,Center,wf_image_6226.png,cal
6227,6227,515.0,lot36722,Center,wf_image_6227.png,train
6228,6228,904.0,lot45645,Edge-Ring,wf_image_6228.png,test
6229,6229,516.0,lot43059,Edge-Loc,wf_image_6229.png,train
6230,6230,776.0,lot40735,Center,wf_image_6230.png,val
6231,6231,1109.0,lot45324,Loc,wf_image_6231.png,train
6232,6232,515.0,lot36777,Center,wf_image_6232.png,test
6233,6233,733.0,lot26843,Edge-Ring,wf_image_6233.png,train
6234,6234,12662.0,lot19856,Edge-Ring,wf_image_6234.png,train
6235,6235,562.0,lot46929,Edge-Ring,wf_image_6235.png,test
6236,6236,515.0,lot6173,Center,wf_image_6236.png,train
6237,6237,2126.0,lot18377,Edge-Ring,wf_image_6237.png,test
6238,6238,1421.0,lot44791,Random,wf_image_6238.png,train
6239,6239,562.0,lot46932,Edge-Ring,wf_image_6239.png,train
6240,6240,1080.0,lot26324,Edge-Loc,wf_image_6240.png,train
6241,6241,776.0,lot40862,Edge-Loc,wf_image_6241.png,train
6242,6242,1129.0,lot11884,Edge-Ring,wf_image_6242.png,train
6243,6243,1080.0,lot21748,Random,wf_image_6243.png,train
6244,6244,1376.0,lot45858,Edge-Loc,wf_image_6244.png,train
6245,6245,2126.0,lot18018,Edge-Ring,wf_image_6245.png,train
6246,6246,1658.0,lot16606,Edge-Ring,wf_image_6246.png,train
6247,6247,776.0,lot40782,Edge-Ring,wf_image_6247.png,train
6248,6248,515.0,lot36974,Center,wf_image_6248.png,val
6249,6249,1129.0,lot42736,Edge-Loc,wf_image_6249.png,train
6250,6250,1075.0,lot13969,Edge-Ring,wf_image_6250.png,train
6251,6251,1421.0,lot44782,Edge-Ring,wf_image_6251.png,test
6252,6252,518.0,lot44900,Edge-Loc,wf_image_6252.png,train
6253,6253,2126.0,lot18019,Edge-Ring,wf_image_6253.png,test
6254,6254,1075.0,lot13491,Edge-Ring,wf_image_6254.png,train
6255,6255,562.0,lot46735,Scratch,wf_image_6255.png,train
6256,6256,1349.0,lot2375,Random,wf_image_6256.png,test
6257,6257,1075.0,lot23108,Edge-Ring,wf_image_6257.png,test
6258,6258,562.0,lot46921,Edge-Loc,wf_image_6258.png,train
6259,6259,2126.0,lot20911,Edge-Ring,wf_image_6259.png,train
6260,6260,1109.0,lot45562,Center,wf_image_6260.png,train
6261,6261,3036.0,lot11968,Edge-Ring,wf_image_6261.png,test
6262,6262,515.0,lot10242,Center,wf_image_6262.png,cal
6263,6263,1376.0,lot45940,Edge-Loc,wf_image_6263.png,cal
6264,6264,741.0,lot44175,Near-full,wf_image_6264.png,val
6265,6265,515.0,lot39533,Center,wf_image_6265.png,test
6266,6266,515.0,lot36901,Center,wf_image_6266.png,train
6267,6267,845.0,lot42220,Donut,wf_image_6267.png,train
6268,6268,3036.0,lot9334,Edge-Ring,wf_image_6268.png,test
6269,6269,1349.0,lot2422,Random,wf_image_6269.png,train
6270,6270,776.0,lot41161,Scratch,wf_image_6270.png,test
6271,6271,1421.0,lot44798,Edge-Ring,wf_image_6271.png,train
6272,6272,518.0,lot43931,Loc,wf_image_6272.png,train
6273,6273,1349.0,lot2432,Random,wf_image_6273.png,test
6274,6274,564.0,lot24238,Center,wf_image_6274.png,train
6275,6275,518.0,lot44002,Edge-Loc,wf_image_6275.png,train
6276,6276,3927.0,lot9147,Edge-Ring,wf_image_6276.png,test
6277,6277,533.0,lot42142,Loc,wf_image_6277.png,train
6278,6278,515.0,lot36834,Center,wf_image_6278.png,test
6279,6279,533.0,lot42156,Random,wf_image_6279.png,train
6280,6280,1075.0,lot12905,Edge-Ring,wf_image_6280.png,test
6281,6281,939.0,lot6074,Edge-Loc,wf_image_6281.png,train
6282,6282,1075.0,lot2525,Edge-Ring,wf_image_6282.png,test
6283,6283,2126.0,lot22478,Edge-Ring,wf_image_6283.png,train
6284,6284,12662.0,lot17286,Edge-Ring,wf_image_6284.png,train
6285,6285,2126.0,lot20732,Edge-Ring,wf_image_6285.png,cal
6286,6286,533.0,lot110,Edge-Loc,wf_image_6286.png,train
6287,6287,515.0,lot36682,Center,wf_image_6287.png,test
6288,6288,776.0,lot44128,Loc,wf_image_6288.png,train
6289,6289,1226.0,lot23657,Center,wf_image_6289.png,train
6290,6290,2126.0,lot20906,Edge-Ring,wf_image_6290.png,cal
6291,6291,3036.0,lot12765,Edge-Ring,wf_image_6291.png,train
6292,6292,1075.0,lot2437,Edge-Ring,wf_image_6292.png,train
6293,6293,1299.0,lot8368,Center,wf_image_6293.png,val
6294,6294,3927.0,lot9155,Edge-Ring,wf_image_6294.png,train
6295,6295,1137.0,lot42743,Scratch,wf_image_6295.png,test
6296,6296,515.0,lot36711,Center,wf_image_6296.png,train
6297,6297,1139.0,lot15563,Random,wf_image_6297.png,cal
6298,6298,562.0,lot47160,Scratch,wf_image_6298.png,cal
6299,6299,1075.0,lot2510,Edge-Ring,wf_image_6299.png,test
6300,6300,515.0,lot3692,Edge-Loc,wf_image_6300.png,train
6301,6301,1073.0,lot44166,Edge-Ring,wf_image_6301.png,train
6302,6302,2126.0,lot20904,Edge-Ring,wf_image_6302.png,train
6303,6303,904.0,lot45623,Loc,wf_image_6303.png,train
6304,6304,1075.0,lot13960,Edge-Ring,wf_image_6304.png,train
6305,6305,845.0,lot41971,Loc,wf_image_6305.png,test
6306,6306,1109.0,lot45330,Edge-Loc,wf_image_6306.png,val
6307,6307,515.0,lot36671,Center,wf_image_6307.png,test
6308,6308,12662.0,lot16999,Edge-Ring,wf_image_6308.png,train
6309,6309,515.0,lot36743,Center,wf_image_6309.png,cal
6310,6310,1060.0,lot47464,Edge-Loc,wf_image_6310.png,train
6311,6311,1253.0,lot2699,Edge-Ring,wf_image_6311.png,val
6312,6312,1060.0,lot47436,Edge-Loc,wf_image_6312.png,val
6313,6313,846.0,lot36497,Loc,wf_image_6313.png,test
6314,6314,515.0,lot36762,Center,wf_image_6314.png,cal
6315,6315,1658.0,lot23844,Edge-Ring,wf_image_6315.png,train
6316,6316,3036.0,lot12745,Edge-Ring,wf_image_6316.png,cal
6317,6317,515.0,lot36769,Center,wf_image_6317.png,train
6318,6318,515.0,lot36930,Center,wf_image_6318.png,cal
6319,6319,515.0,lot36846,Center,wf_image_6319.png,train
6320,6320,518.0,lot43955,Edge-Ring,wf_image_6320.png,cal
6321,6321,507.0,lot45204,Center,wf_image_6321.png,train
6322,6322,1109.0,lot45539,Center,wf_image_6322.png,test
6323,6323,845.0,lot42248,Loc,wf_image_6323.png,train
6324,6324,1075.0,lot2514,Edge-Ring,wf_image_6324.png,train
6325,6325,1636.0,lot20802,Scratch,wf_image_6325.png,train
6326,6326,600.0,lot47491,Edge-Loc,wf_image_6326.png,train
6327,6327,1129.0,lot42647,Scratch,wf_image_6327.png,train
6328,6328,939.0,lot11035,Edge-Loc,wf_image_6328.png,test
6329,6329,515.0,lot35953,Center,wf_image_6329.png,train
6330,6330,1060.0,lot47283,Loc,wf_image_6330.png,cal
6331,6331,2126.0,lot18022,Edge-Ring,wf_image_6331.png,train
6332,6332,1349.0,lot2429,Random,wf_image_6332.png,cal
6333,6333,710.0,lot4397,Donut,wf_image_6333.png,test
6334,6334,1075.0,lot23108,Edge-Ring,wf_image_6334.png,train
6335,6335,516.0,lot43327,Edge-Loc,wf_image_6335.png,train
6336,6336,473.0,lot45075,Edge-Loc,wf_image_6336.png,train
6337,6337,3927.0,lot2160,Edge-Ring,wf_image_6337.png,train
6338,6338,1075.0,lot25393,Edge-Ring,wf_image_6338.png,train
6339,6339,1291.0,lot11988,Edge-Ring,wf_image_6339.png,cal
6340,6340,3927.0,lot2534,Edge-Ring,wf_image_6340.png,test
6341,6341,518.0,lot43975,Scratch,wf_image_6341.png,test
6342,6342,515.0,lot39539,Center,wf_image_6342.png,val
6343,6343,2126.0,lot22475,Edge-Ring,wf_image_6343.png,train
6344,6344,3036.0,lot12759,Edge-Ring,wf_image_6344.png,train
6345,6345,533.0,lot40412,Loc,wf_image_6345.png,train
6346,6346,939.0,lot6118,Edge-Loc,wf_image_6346.png,cal
6347,6347,533.0,lot7653,Loc,wf_image_6347.png,test
6348,6348,710.0,lot38615,Edge-Loc,wf_image_6348.png,test
6349,6349,846.0,lot33895,Edge-Ring,wf_image_6349.png,train
6350,6350,846.0,lot5290,Edge-Loc,wf_image_6350.png,train
6351,6351,1109.0,lot45402,Loc,wf_image_6351.png,train
6352,6352,776.0,lot41070,Edge-Loc,wf_image_6352.png,train
6353,6353,1658.0,lot20568,Edge-Ring,wf_image_6353.png,test
6354,6354,3036.0,lot12768,Edge-Ring,wf_image_6354.png,train
6355,6355,3927.0,lot2153,Edge-Ring,wf_image_6355.png,cal
6356,6356,1658.0,lot20569,Edge-Ring,wf_image_6356.png,train
6357,6357,3036.0,lot10184,Edge-Ring,wf_image_6357.png,train
6358,6358,516.0,lot43548,Edge-Loc,wf_image_6358.png,test
6359,6359,3036.0,lot11877,Edge-Ring,wf_image_6359.png,train
6360,6360,710.0,lot38534,Edge-Loc,wf_image_6360.png,val
6361,6361,516.0,lot43535,Edge-Loc,wf_image_6361.png,train
6362,6362,1376.0,lot45902,Edge-Loc,wf_image_6362.png,cal
6363,6363,1291.0,lot13716,Edge-Ring,wf_image_6363.png,train
6364,6364,1075.0,lot23107,Edge-Ring,wf_image_6364.png,val
6365,6365,776.0,lot40782,Scratch,wf_image_6365.png,train
6366,6366,1334.0,lot17125,Donut,wf_image_6366.png,train
6367,6367,515.0,lot36877,Center,wf_image_6367.png,train
6368,6368,1075.0,lot23105,Edge-Ring,wf_image_6368.png,val
6369,6369,1999.0,lot14822,Edge-Ring,wf_image_6369.png,train
6370,6370,1075.0,lot44168,Edge-Ring,wf_image_6370.png,test
6371,6371,1075.0,lot2526,Edge-Ring,wf_image_6371.png,cal
6372,6372,1060.0,lot47454,Edge-Loc,wf_image_6372.png,test
6373,6373,741.0,lot44280,Edge-Ring,wf_image_6373.png,test
6374,6374,2126.0,lot20729,Edge-Ring,wf_image_6374.png,cal
6375,6375,1080.0,lot21748,Random,wf_image_6375.png,train
6376,6376,2126.0,lot18380,Edge-Ring,wf_image_6376.png,train
6377,6377,533.0,lot221,Edge-Loc,wf_image_6377.png,train
6378,6378,515.0,lot36566,Center,wf_image_6378.png,train
6379,6379,533.0,lot40481,Loc,wf_image_6379.png,test
6380,6380,1801.0,lot4084,Edge-Loc,wf_image_6380.png,train
6381,6381,939.0,lot6331,Loc,wf_image_6381.png,train
6382,6382,1080.0,lot21479,Random,wf_image_6382.png,val
6383,6383,515.0,lot32944,Center,wf_image_6383.png,test
6384,6384,12662.0,lot17285,Edge-Ring,wf_image_6384.png,train
6385,6385,741.0,lot2138,Scratch,wf_image_6385.png,cal
6386,6386,12662.0,lot19849,Edge-Ring,wf_image_6386.png,train
6387,6387,515.0,lot36683,Center,wf_image_6387.png,cal
6388,6388,1060.0,lot47336,Random,wf_image_6388.png,train
6389,6389,533.0,lot42159,Loc,wf_image_6389.png,train
6390,6390,776.0,lot44054,Edge-Loc,wf_image_6390.png,train
6391,6391,904.0,lot45634,Random,wf_image_6391.png,cal
6392,6392,1658.0,lot16599,Edge-Ring,wf_image_6392.png,cal
6393,6393,533.0,lot40373,Loc,wf_image_6393.png,train
6394,6394,1376.0,lot45841,Edge-Loc,wf_image_6394.png,train
6395,6395,533.0,lot40520,Random,wf_image_6395.png,val
6396,6396,3036.0,lot11630,Edge-Ring,wf_image_6396.png,train
6397,6397,3927.0,lot2154,Edge-Ring,wf_image_6397.png,test
6398,6398,1137.0,lot42789,Loc,wf_image_6398.png,test
6399,6399,844.0,lot42219,Donut,wf_image_6399.png,cal
6400,6400,1075.0,lot2527,Edge-Ring,wf_image_6400.png,test
6401,6401,776.0,lot40934,Center,wf_image_6401.png,train
6402,6402,600.0,lot47477,Edge-Loc,wf_image_6402.png,train
6403,6403,1801.0,lot4722,Edge-Ring,wf_image_6403.png,test
6404,6404,515.0,lot36660,Center,wf_image_6404.png,train
6405,6405,515.0,lot36695,Center,wf_image_6405.png,train
6406,6406,846.0,lot7357,Random,wf_image_6406.png,train
6407,6407,1109.0,lot45369,Loc,wf_image_6407.png,train
6408,6408,741.0,lot44232,Scratch,wf_image_6408.png,train
6409,6409,1075.0,lot2512,Edge-Ring,wf_image_6409.png,val
6410,6410,1075.0,lot2436,Edge-Ring,wf_image_6410.png,train
6411,6411,3927.0,lot9148,Edge-Ring,wf_image_6411.png,test
6412,6412,1999.0,lot14527,Edge-Ring,wf_image_6412.png,val
6413,6413,533.0,lot255,Near-full,wf_image_6413.png,val
6414,6414,515.0,lot33171,Center,wf_image_6414.png,train
6415,6415,1080.0,lot21532,Edge-Loc,wf_image_6415.png,train
6416,6416,2126.0,lot22488,Edge-Ring,wf_image_6416.png,train
6417,6417,1421.0,lot44811,Edge-Ring,wf_image_6417.png,cal
6418,6418,533.0,lot40330,Loc,wf_image_6418.png,train
6419,6419,904.0,lot45636,Scratch,wf_image_6419.png,train
6420,6420,1334.0,lot17158,Loc,wf_image_6420.png,train
6421,6421,516.0,lot42909,Loc,wf_image_6421.png,train
6422,6422,3036.0,lot11969,Edge-Ring,wf_image_6422.png,cal
6423,6423,1075.0,lot13964,Edge-Ring,wf_image_6423.png,test
6424,6424,846.0,lot36497,Loc,wf_image_6424.png,train
6425,6425,1075.0,lot2519,Edge-Ring,wf_image_6425.png,train
6426,6426,2126.0,lot18019,Edge-Ring,wf_image_6426.png,train
6427,6427,1075.0,lot2506,Edge-Ring,wf_image_6427.png,train
6428,6428,2126.0,lot21559,Edge-Ring,wf_image_6428.png,train
6429,6429,516.0,lot43428,Edge-Loc,wf_image_6429.png,train
6430,6430,904.0,lot45644,Random,wf_image_6430.png,val
6431,6431,1334.0,lot23143,Random,wf_image_6431.png,train
6432,6432,1080.0,lot21639,Loc,wf_image_6432.png,train
6433,6433,1129.0,lot42614,Scratch,wf_image_6433.png,train
6434,6434,776.0,lot41003,Scratch,wf_image_6434.png,test
6435,6435,1376.0,lot45889,Edge-Loc,wf_image_6435.png,train
6436,6436,776.0,lot40847,Edge-Loc,wf_image_6436.png,train
6437,6437,12662.0,lot17285,Edge-Ring,wf_image_6437.png,test
6438,6438,3036.0,lot10188,Edge-Ring,wf_image_6438.png,train
6439,6439,1793.0,lot4713,Edge-Ring,wf_image_6439.png,train
6440,6440,518.0,lot43957,Edge-Loc,wf_image_6440.png,val
6441,6441,515.0,lot36858,Center,wf_image_6441.png,test
6442,6442,518.0,lot44872,Edge-Loc,wf_image_6442.png,train
6443,6443,1075.0,lot2151,Edge-Ring,wf_image_6443.png,test
6444,6444,846.0,lot36209,Edge-Loc,wf_image_6444.png,test
6445,6445,562.0,lot46861,Edge-Loc,wf_image_6445.png,test
6446,6446,1801.0,lot5916,Edge-Loc,wf_image_6446.png,cal
6447,6447,1291.0,lot10942,Edge-Loc,wf_image_6447.png,train
6448,6448,1075.0,lot13966,Edge-Ring,wf_image_6448.png,train
6449,6449,533.0,lot30,Scratch,wf_image_6449.png,val
6450,6450,776.0,lot40779,Edge-Loc,wf_image_6450.png,train
6451,6451,2126.0,lot20736,Edge-Ring,wf_image_6451.png,val
6452,6452,2126.0,lot18018,Edge-Ring,wf_image_6452.png,train
6453,6453,600.0,lot47524,Scratch,wf_image_6453.png,train
6454,6454,733.0,lot39435,Center,wf_image_6454.png,train
6455,6455,515.0,lot32948,Center,wf_image_6455.png,cal
6456,6456,1376.0,lot45761,Edge-Loc,wf_image_6456.png,test
6457,6457,1334.0,lot17174,Donut,wf_image_6457.png,val
6458,6458,516.0,lot43552,Center,wf_image_6458.png,val
6459,6459,515.0,lot36552,Center,wf_image_6459.png,test
6460,6460,515.0,lot36894,Center,wf_image_6460.png,cal
6461,6461,843.0,lot42268,Edge-Loc,wf_image_6461.png,cal
6462,6462,12662.0,lot19851,Edge-Ring,wf_image_6462.png,val
6463,6463,776.0,lot40932,Loc,wf_image_6463.png,train
6464,6464,846.0,lot36329,Edge-Loc,wf_image_6464.png,train
6465,6465,710.0,lot35698,Scratch,wf_image_6465.png,train
6466,6466,1075.0,lot2497,Edge-Ring,wf_image_6466.png,train
6467,6467,1075.0,lot13967,Edge-Ring,wf_image_6467.png,train
6468,6468,1376.0,lot45763,Edge-Loc,wf_image_6468.png,train
6469,6469,562.0,lot47004,Edge-Loc,wf_image_6469.png,cal
6470,6470,515.0,lot36722,Center,wf_image_6470.png,val
6471,6471,515.0,lot36765,Center,wf_image_6471.png,train
6472,6472,1075.0,lot23105,Edge-Ring,wf_image_6472.png,train
6473,6473,1291.0,lot10050,Edge-Ring,wf_image_6473.png,val
6474,6474,1226.0,lot23598,Center,wf_image_6474.png,cal
6475,6475,564.0,lot24235,Loc,wf_image_6475.png,test
6476,6476,1080.0,lot23173,Center,wf_image_6476.png,train
6477,6477,562.0,lot46795,Edge-Loc,wf_image_6477.png,train
6478,6478,776.0,lot4153,Edge-Loc,wf_image_6478.png,val
6479,6479,562.0,lot46978,Loc,wf_image_6479.png,train
6480,6480,776.0,lot44140,Scratch,wf_image_6480.png,test
6481,6481,1658.0,lot23844,Edge-Ring,wf_image_6481.png,train
6482,6482,1226.0,lot23598,Center,wf_image_6482.png,train
6483,6483,710.0,lot38493,Center,wf_image_6483.png,train
6484,6484,562.0,lot46818,Loc,wf_image_6484.png,val
6485,6485,776.0,lot40938,Loc,wf_image_6485.png,test
6486,6486,600.0,lot47528,Edge-Ring,wf_image_6486.png,test
6487,6487,515.0,lot34922,Loc,wf_image_6487.png,test
6488,6488,533.0,lot12089,Center,wf_image_6488.png,train
6489,6489,845.0,lot42191,Edge-Ring,wf_image_6489.png,train
6490,6490,1129.0,lot42736,Edge-Loc,wf_image_6490.png,cal
6491,6491,1658.0,lot16606,Edge-Ring,wf_image_6491.png,test
6492,6492,1658.0,lot16599,Edge-Ring,wf_image_6492.png,val
6493,6493,533.0,lot40596,Loc,wf_image_6493.png,train
6494,6494,3036.0,lot12747,Edge-Ring,wf_image_6494.png,train
6495,6495,2126.0,lot20135,Edge-Ring,wf_image_6495.png,val
6496,6496,600.0,lot47482,Edge-Loc,wf_image_6496.png,train
6497,6497,1080.0,lot26313,Loc,wf_image_6497.png,test
6498,6498,1075.0,lot2501,Edge-Ring,wf_image_6498.png,test
6499,6499,518.0,lot43929,Loc,wf_image_6499.png,val
6500,6500,1376.0,lot45748,Edge-Loc,wf_image_6500.png,train
6501,6501,562.0,lot46897,Scratch,wf_image_6501.png,train
6502,6502,1376.0,lot45931,Loc,wf_image_6502.png,train
6503,6503,710.0,lot4499,Edge-Loc,wf_image_6503.png,train
6504,6504,776.0,lot40864,Edge-Loc,wf_image_6504.png,train
6505,6505,939.0,lot6003,Loc,wf_image_6505.png,test
6506,6506,1129.0,lot42665,Scratch,wf_image_6506.png,cal
6507,6507,515.0,lot35939,Center,wf_image_6507.png,test
6508,6508,518.0,lot44957,Loc,wf_image_6508.png,train
6509,6509,939.0,lot7854,Loc,wf_image_6509.png,test
6510,6510,515.0,lot39512,Center,wf_image_6510.png,train
6511,6511,2126.0,lot21040,Edge-Ring,wf_image_6511.png,train
6512,6512,515.0,lot36623,Center,wf_image_6512.png,train
6513,6513,1801.0,lot6697,Edge-Ring,wf_image_6513.png,cal
6514,6514,3927.0,lot10008,Edge-Ring,wf_image_6514.png,cal
6515,6515,515.0,lot10375,Random,wf_image_6515.png,train
6516,6516,776.0,lot3536,Edge-Loc,wf_image_6516.png,train
6517,6517,776.0,lot41145,Center,wf_image_6517.png,train
6518,6518,1109.0,lot45427,Edge-Loc,wf_image_6518.png,test
6519,6519,1376.0,lot45741,Edge-Loc,wf_image_6519.png,cal
6520,6520,3036.0,lot3108,Donut,wf_image_6520.png,train
6521,6521,533.0,lot40565,Near-full,wf_image_6521.png,train
6522,6522,1334.0,lot17160,Loc,wf_image_6522.png,train
6523,6523,842.0,lot41970,Loc,wf_image_6523.png,train
6524,6524,1109.0,lot45379,Center,wf_image_6524.png,train
6525,6525,515.0,lot39557,Center,wf_image_6525.png,train
6526,6526,3036.0,lot9337,Edge-Ring,wf_image_6526.png,train
6527,6527,515.0,lot35924,Center,wf_image_6527.png,cal
6528,6528,3036.0,lot2077,Edge-Ring,wf_image_6528.png,test
6529,6529,2126.0,lot20909,Edge-Ring,wf_image_6529.png,train
6530,6530,1060.0,lot47407,Edge-Loc,wf_image_6530.png,test
6531,6531,12662.0,lot17285,Edge-Ring,wf_image_6531.png,train
6532,6532,3036.0,lot2074,Edge-Ring,wf_image_6532.png,test
6533,6533,562.0,lot47147,Edge-Ring,wf_image_6533.png,cal
6534,6534,741.0,lot44315,Edge-Loc,wf_image_6534.png,train
6535,6535,1421.0,lot44776,Edge-Loc,wf_image_6535.png,test
6536,6536,1075.0,lot23105,Edge-Ring,wf_image_6536.png,train
6537,6537,1334.0,lot45987,Center,wf_image_6537.png,train
6538,6538,3036.0,lot12759,Edge-Ring,wf_image_6538.png,train
6539,6539,3036.0,lot12769,Edge-Ring,wf_image_6539.png,train
6540,6540,533.0,lot7541,Center,wf_image_6540.png,train
6541,6541,741.0,lot8359,Scratch,wf_image_6541.png,train
6542,6542,3036.0,lot2077,Edge-Ring,wf_image_6542.png,train
6543,6543,533.0,lot40569,Loc,wf_image_6543.png,val
6544,6544,1075.0,lot13961,Edge-Ring,wf_image_6544.png,train
6545,6545,1801.0,lot6428,Edge-Loc,wf_image_6545.png,train
6546,6546,562.0,lot46989,Edge-Loc,wf_image_6546.png,train
6547,6547,515.0,lot36546,Center,wf_image_6547.png,test
6548,6548,1075.0,lot23104,Edge-Ring,wf_image_6548.png,test
6549,6549,533.0,lot42129,Random,wf_image_6549.png,test
6550,6550,1080.0,lot26442,Edge-Loc,wf_image_6550.png,test
6551,6551,515.0,lot35965,Center,wf_image_6551.png,val
6552,6552,1075.0,lot25392,Edge-Ring,wf_image_6552.png,train
6553,6553,515.0,lot36558,Center,wf_image_6553.png,val
6554,6554,776.0,lot40821,Edge-Loc,wf_image_6554.png,train
6555,6555,516.0,lot43084,Edge-Loc,wf_image_6555.png,train
6556,6556,904.0,lot45642,Center,wf_image_6556.png,train
6557,6557,600.0,lot47502,Edge-Loc,wf_image_6557.png,train
6558,6558,2126.0,lot21579,Edge-Ring,wf_image_6558.png,val
6559,6559,741.0,lot44200,Loc,wf_image_6559.png,cal
6560,6560,2126.0,lot20730,Edge-Ring,wf_image_6560.png,val
6561,6561,516.0,lot43561,Edge-Loc,wf_image_6561.png,train
6562,6562,562.0,lot46924,Edge-Ring,wf_image_6562.png,cal
6563,6563,3036.0,lot12768,Edge-Ring,wf_image_6563.png,val
6564,6564,1075.0,lot2150,Edge-Ring,wf_image_6564.png,val
6565,6565,3036.0,lot2077,Edge-Ring,wf_image_6565.png,train
6566,6566,1226.0,lot23658,Center,wf_image_6566.png,train
6567,6567,3036.0,lot12756,Edge-Ring,wf_image_6567.png,train
6568,6568,741.0,lot44179,Edge-Loc,wf_image_6568.png,cal
6569,6569,1349.0,lot2425,Random,wf_image_6569.png,cal
6570,6570,515.0,lot39674,Center,wf_image_6570.png,test
6571,6571,3036.0,lot11878,Edge-Ring,wf_image_6571.png,train
6572,6572,3927.0,lot11172,Edge-Ring,wf_image_6572.png,train
6573,6573,1075.0,lot2436,Edge-Ring,wf_image_6573.png,cal
6574,6574,1999.0,lot14919,Edge-Ring,wf_image_6574.png,val
6575,6575,1060.0,lot47460,Scratch,wf_image_6575.png,val
6576,6576,939.0,lot3915,Edge-Loc,wf_image_6576.png,test
6577,6577,904.0,lot45636,Center,wf_image_6577.png,train
6578,6578,1349.0,lot2422,Random,wf_image_6578.png,train
6579,6579,776.0,lot40954,Loc,wf_image_6579.png,test
6580,6580,776.0,lot40773,Edge-Loc,wf_image_6580.png,train
6581,6581,515.0,lot36961,Center,wf_image_6581.png,train
6582,6582,710.0,lot40119,Loc,wf_image_6582.png,train
6583,6583,1334.0,lot17158,Donut,wf_image_6583.png,train
6584,6584,776.0,lot41080,Edge-Loc,wf_image_6584.png,cal
6585,6585,1304.0,lot4364,Edge-Loc,wf_image_6585.png,train
6586,6586,1376.0,lot45716,Edge-Ring,wf_image_6586.png,train
6587,6587,710.0,lot33465,Scratch,wf_image_6587.png,test
6588,6588,1421.0,lot44801,Edge-Ring,wf_image_6588.png,train
6589,6589,515.0,lot35926,Center,wf_image_6589.png,train
6590,6590,515.0,lot32792,Center,wf_image_6590.png,cal
6591,6591,515.0,lot36929,Center,wf_image_6591.png,train
6592,6592,1075.0,lot23100,Edge-Ring,wf_image_6592.png,cal
6593,6593,515.0,lot36931,Center,wf_image_6593.png,train
6594,6594,1334.0,lot17155,Donut,wf_image_6594.png,train
6595,6595,533.0,lot40471,Edge-Loc,wf_image_6595.png,train
6596,6596,1376.0,lot19252,Donut,wf_image_6596.png,train
6597,6597,1109.0,lot45599,Loc,wf_image_6597.png,train
6598,6598,1334.0,lot17122,Loc,wf_image_6598.png,val
6599,6599,843.0,lot42199,Edge-Loc,wf_image_6599.png,train
6600,6600,1658.0,lot16605,Edge-Ring,wf_image_6600.png,cal
6601,6601,1668.0,lot22206,Loc,wf_image_6601.png,val
6602,6602,562.0,lot47064,Scratch,wf_image_6602.png,train
6603,6603,843.0,lot42339,Edge-Loc,wf_image_6603.png,train
6604,6604,515.0,lot36834,Center,wf_image_6604.png,train
6605,6605,733.0,lot26996,Edge-Ring,wf_image_6605.png,train
6606,6606,1109.0,lot45554,Center,wf_image_6606.png,val
6607,6607,1060.0,lot47307,Scratch,wf_image_6607.png,val
6608,6608,836.0,lot7311,Loc,wf_image_6608.png,train
6609,6609,2126.0,lot18377,Edge-Ring,wf_image_6609.png,cal
6610,6610,518.0,lot45271,Center,wf_image_6610.png,train
6611,6611,776.0,lot40843,Edge-Loc,wf_image_6611.png,test
6612,6612,1376.0,lot26625,Edge-Ring,wf_image_6612.png,train
6613,6613,515.0,lot33121,Edge-Loc,wf_image_6613.png,train
6614,6614,1109.0,lot45314,Edge-Loc,wf_image_6614.png,train
6615,6615,1109.0,lot45529,Center,wf_image_6615.png,train
6616,6616,1349.0,lot2377,Random,wf_image_6616.png,train
6617,6617,1999.0,lot15000,Edge-Ring,wf_image_6617.png,test
6618,6618,3036.0,lot2075,Edge-Ring,wf_image_6618.png,val
6619,6619,515.0,lot36808,Center,wf_image_6619.png,cal
6620,6620,515.0,lot36837,Center,wf_image_6620.png,val
6621,6621,1421.0,lot44800,Edge-Ring,wf_image_6621.png,test
6622,6622,515.0,lot32791,Center,wf_image_6622.png,test
6623,6623,843.0,lot42271,Donut,wf_image_6623.png,train
6624,6624,1349.0,lot2425,Random,wf_image_6624.png,cal
6625,6625,533.0,lot40344,Center,wf_image_6625.png,test
6626,6626,516.0,lot43044,Edge-Loc,wf_image_6626.png,test
6627,6627,1291.0,lot10942,Edge-Loc,wf_image_6627.png,train
6628,6628,1658.0,lot16604,Edge-Ring,wf_image_6628.png,test
6629,6629,2126.0,lot18023,Edge-Ring,wf_image_6629.png,train
6630,6630,516.0,lot43560,Random,wf_image_6630.png,train
6631,6631,516.0,lot43067,Edge-Loc,wf_image_6631.png,train
6632,6632,12662.0,lot19842,Edge-Ring,wf_image_6632.png,train
6633,6633,1376.0,lot45790,Loc,wf_image_6633.png,train
6634,6634,515.0,lot35921,Center,wf_image_6634.png,train
6635,6635,1334.0,lot17184,Donut,wf_image_6635.png,cal
6636,6636,515.0,lot33065,Center,wf_image_6636.png,train
6637,6637,1109.0,lot45322,Edge-Loc,wf_image_6637.png,train
6638,6638,3036.0,lot11965,Edge-Ring,wf_image_6638.png,train
6639,6639,1999.0,lot14760,Edge-Ring,wf_image_6639.png,val
6640,6640,562.0,lot46745,Edge-Loc,wf_image_6640.png,val
6641,6641,1075.0,lot2494,Edge-Ring,wf_image_6641.png,train
6642,6642,533.0,lot10591,Edge-Loc,wf_image_6642.png,train
6643,6643,518.0,lot44014,Center,wf_image_6643.png,test
6644,6644,733.0,lot39453,Center,wf_image_6644.png,train
6645,6645,1109.0,lot45379,Edge-Loc,wf_image_6645.png,train
6646,6646,1226.0,lot20981,Center,wf_image_6646.png,train
6647,6647,845.0,lot42370,Center,wf_image_6647.png,test
6648,6648,562.0,lot46747,Edge-Loc,wf_image_6648.png,cal
6649,6649,1109.0,lot45570,Loc,wf_image_6649.png,train
6650,6650,515.0,lot36831,Center,wf_image_6650.png,test
6651,6651,3927.0,lot9152,Edge-Ring,wf_image_6651.png,train
6652,6652,3036.0,lot9337,Edge-Ring,wf_image_6652.png,test
6653,6653,3036.0,lot10186,Edge-Ring,wf_image_6653.png,train
6654,6654,1801.0,lot3222,Donut,wf_image_6654.png,train
6655,6655,515.0,lot36786,Center,wf_image_6655.png,train
6656,6656,712.0,lot39377,Center,wf_image_6656.png,train
6657,6657,2126.0,lot22475,Edge-Ring,wf_image_6657.png,train
6658,6658,533.0,lot40511,Random,wf_image_6658.png,train
6659,6659,12662.0,lot19856,Edge-Ring,wf_image_6659.png,train
6660,6660,1109.0,lot45498,Center,wf_image_6660.png,train
6661,6661,533.0,lot10591,Edge-Loc,wf_image_6661.png,cal
6662,6662,1080.0,lot26472,Edge-Loc,wf_image_6662.png,train
6663,6663,1801.0,lot8889,Scratch,wf_image_6663.png,train
6664,6664,2126.0,lot18380,Edge-Ring,wf_image_6664.png,train
6665,6665,1299.0,lot8368,Center,wf_image_6665.png,train
6666,6666,1421.0,lot44812,Center,wf_image_6666.png,test
6667,6667,1080.0,lot21748,Random,wf_image_6667.png,val
6668,6668,1080.0,lot21715,Loc,wf_image_6668.png,train
6669,6669,2126.0,lot22479,Edge-Ring,wf_image_6669.png,train
6670,6670,1999.0,lot14768,Edge-Ring,wf_image_6670.png,test
6671,6671,562.0,lot47010,Scratch,wf_image_6671.png,train
6672,6672,1349.0,lot2423,Random,wf_image_6672.png,val
6673,6673,3036.0,lot12770,Edge-Ring,wf_image_6673.png,train
6674,6674,1075.0,lot2511,Edge-Ring,wf_image_6674.png,cal
6675,6675,1075.0,lot2510,Edge-Ring,wf_image_6675.png,train
6676,6676,2126.0,lot21563,Edge-Ring,wf_image_6676.png,train
6677,6677,1129.0,lot42638,Loc,wf_image_6677.png,cal
6678,6678,3036.0,lot11969,Edge-Ring,wf_image_6678.png,cal
6679,6679,2126.0,lot20729,Edge-Ring,wf_image_6679.png,test
6680,6680,518.0,lot45250,Edge-Loc,wf_image_6680.png,test
6681,6681,12662.0,lot19856,Edge-Ring,wf_image_6681.png,train
6682,6682,1109.0,lot45331,Edge-Loc,wf_image_6682.png,cal
6683,6683,1349.0,lot2425,Random,wf_image_6683.png,train
6684,6684,1421.0,lot44800,Edge-Ring,wf_image_6684.png,train
6685,6685,3036.0,lot2076,Edge-Ring,wf_image_6685.png,test
6686,6686,518.0,lot43974,Loc,wf_image_6686.png,test
6687,6687,1109.0,lot45351,Edge-Loc,wf_image_6687.png,train
6688,6688,3036.0,lot11966,Edge-Ring,wf_image_6688.png,train
6689,6689,1349.0,lot2375,Random,wf_image_6689.png,test
6690,6690,844.0,lot42348,Loc,wf_image_6690.png,test
6691,6691,518.0,lot45008,Near-full,wf_image_6691.png,test
6692,6692,533.0,lot93,Edge-Loc,wf_image_6692.png,train
6693,6693,1109.0,lot45328,Edge-Loc,wf_image_6693.png,train
6694,6694,1376.0,lot45716,Edge-Loc,wf_image_6694.png,val
6695,6695,1421.0,lot44792,Edge-Ring,wf_image_6695.png,train
6696,6696,1080.0,lot23181,Donut,wf_image_6696.png,val
6697,6697,1060.0,lot47454,Loc,wf_image_6697.png,cal
6698,6698,710.0,lot38377,Random,wf_image_6698.png,test
6699,6699,1291.0,lot10050,Edge-Ring,wf_image_6699.png,train
6700,6700,516.0,lot42951,Edge-Loc,wf_image_6700.png,train
6701,6701,1334.0,lot17116,Center,wf_image_6701.png,test
6702,6702,1291.0,lot10051,Edge-Ring,wf_image_6702.png,cal
6703,6703,1334.0,lot17146,Donut,wf_image_6703.png,train
6704,6704,515.0,lot39674,Center,wf_image_6704.png,train
6705,6705,1074.0,lot44162,Edge-Ring,wf_image_6705.png,test
6706,6706,1075.0,lot2437,Edge-Ring,wf_image_6706.png,val
6707,6707,1658.0,lot16599,Edge-Ring,wf_image_6707.png,val
6708,6708,904.0,lot45641,Center,wf_image_6708.png,val
6709,6709,1658.0,lot19814,Edge-Ring,wf_image_6709.png,test
6710,6710,1060.0,lot47391,Scratch,wf_image_6710.png,cal
6711,6711,2126.0,lot21044,Edge-Ring,wf_image_6711.png,test
6712,6712,2126.0,lot22476,Edge-Ring,wf_image_6712.png,cal
6713,6713,3927.0,lot9146,Edge-Ring,wf_image_6713.png,train
6714,6714,1291.0,lot11988,Edge-Ring,wf_image_6714.png,train
6715,6715,515.0,lot36983,Center,wf_image_6715.png,train
6716,6716,2126.0,lot18022,Edge-Ring,wf_image_6716.png,val
6717,6717,1421.0,lot44804,Edge-Ring,wf_image_6717.png,train
6718,6718,1334.0,lot17155,Donut,wf_image_6718.png,train
6719,6719,1334.0,lot17155,Donut,wf_image_6719.png,test
6720,6720,1226.0,lot23612,Donut,wf_image_6720.png,train
6721,6721,516.0,lot42992,Edge-Loc,wf_image_6721.png,train
6722,6722,1075.0,lot23106,Edge-Ring,wf_image_6722.png,cal
6723,6723,1080.0,lot20120,Random,wf_image_6723.png,train
6724,6724,1075.0,lot44170,Edge-Ring,wf_image_6724.png,train
6725,6725,845.0,lot42253,Donut,wf_image_6725.png,train
6726,6726,518.0,lot45293,Edge-Loc,wf_image_6726.png,train
6727,6727,2126.0,lot21559,Edge-Ring,wf_image_6727.png,train
6728,6728,710.0,lot33364,Edge-Loc,wf_image_6728.png,cal
6729,6729,1421.0,lot44804,Edge-Ring,wf_image_6729.png,train
6730,6730,600.0,lot47492,Edge-Loc,wf_image_6730.png,val
6731,6731,3036.0,lot11878,Edge-Ring,wf_image_6731.png,test
6732,6732,904.0,lot45644,Edge-Ring,wf_image_6732.png,train
6733,6733,1075.0,lot44171,Edge-Ring,wf_image_6733.png,train
6734,6734,515.0,lot36963,Center,wf_image_6734.png,train
6735,6735,1376.0,lot45920,Scratch,wf_image_6735.png,train
6736,6736,497.0,lot45085,Random,wf_image_6736.png,train
6737,6737,1129.0,lot42720,Edge-Loc,wf_image_6737.png,cal
6738,6738,1376.0,lot45764,Scratch,wf_image_6738.png,train
6739,6739,741.0,lot44480,Near-full,wf_image_6739.png,test
6740,6740,562.0,lot47160,Edge-Loc,wf_image_6740.png,train
6741,6741,1129.0,lot42738,Loc,wf_image_6741.png,train
6742,6742,1376.0,lot45863,Scratch,wf_image_6742.png,train
6743,6743,533.0,lot42154,Edge-Loc,wf_image_6743.png,val
6744,6744,845.0,lot42230,Loc,wf_image_6744.png,train
6745,6745,1421.0,lot44770,Scratch,wf_image_6745.png,train
6746,6746,2126.0,lot21039,Edge-Ring,wf_image_6746.png,train
6747,6747,600.0,lot47497,Edge-Ring,wf_image_6747.png,train
6748,6748,1075.0,lot13969,Edge-Ring,wf_image_6748.png,test
6749,6749,515.0,lot32899,Center,wf_image_6749.png,train
6750,6750,1075.0,lot2510,Edge-Ring,wf_image_6750.png,test
6751,6751,515.0,lot36882,Center,wf_image_6751.png,train
6752,6752,1376.0,lot45759,Loc,wf_image_6752.png,cal
6753,6753,3927.0,lot2153,Edge-Ring,wf_image_6753.png,cal
6754,6754,1658.0,lot16554,Edge-Ring,wf_image_6754.png,train
6755,6755,710.0,lot38590,Loc,wf_image_6755.png,train
6756,6756,3927.0,lot9147,Edge-Ring,wf_image_6756.png,test
6757,6757,1080.0,lot21797,Loc,wf_image_6757.png,train
6758,6758,1658.0,lot16536,Edge-Ring,wf_image_6758.png,test
6759,6759,3036.0,lot12765,Edge-Ring,wf_image_6759.png,val
6760,6760,2126.0,lot21044,Edge-Ring,wf_image_6760.png,train
6761,6761,3036.0,lot2076,Edge-Ring,wf_image_6761.png,test
6762,6762,3036.0,lot10183,Edge-Ring,wf_image_6762.png,train
6763,6763,3927.0,lot9154,Edge-Ring,wf_image_6763.png,test
6764,6764,515.0,lot36783,Center,wf_image_6764.png,test
6765,6765,1349.0,lot2426,Random,wf_image_6765.png,train
6766,6766,3036.0,lot11631,Edge-Ring,wf_image_6766.png,train
6767,6767,939.0,lot3877,Edge-Loc,wf_image_6767.png,train
6768,6768,2126.0,lot21559,Edge-Ring,wf_image_6768.png,train
6769,6769,1075.0,lot2502,Edge-Ring,wf_image_6769.png,cal
6770,6770,2126.0,lot21579,Edge-Ring,wf_image_6770.png,test
6771,6771,3927.0,lot11171,Edge-Ring,wf_image_6771.png,test
6772,6772,1075.0,lot2505,Edge-Ring,wf_image_6772.png,val
6773,6773,562.0,lot46976,Edge-Loc,wf_image_6773.png,train
6774,6774,562.0,lot47187,Edge-Loc,wf_image_6774.png,val
6775,6775,1075.0,lot23103,Edge-Ring,wf_image_6775.png,val
6776,6776,1075.0,lot44167,Edge-Ring,wf_image_6776.png,cal
6777,6777,600.0,lot47518,Edge-Ring,wf_image_6777.png,train
6778,6778,776.0,lot40793,Scratch,wf_image_6778.png,test
6779,6779,1075.0,lot2525,Edge-Ring,wf_image_6779.png,train
6780,6780,1253.0,lot2614,Edge-Ring,wf_image_6780.png,train
6781,6781,515.0,lot36673,Center,wf_image_6781.png,train
6782,6782,904.0,lot45642,Center,wf_image_6782.png,train
6783,6783,904.0,lot45627,Center,wf_image_6783.png,train
6784,6784,2126.0,lot21579,Edge-Ring,wf_image_6784.png,cal
6785,6785,515.0,lot36741,Center,wf_image_6785.png,test
6786,6786,1075.0,lot23097,Edge-Ring,wf_image_6786.png,train
6787,6787,1075.0,lot23098,Edge-Ring,wf_image_6787.png,test
6788,6788,505.0,lot45139,Near-full,wf_image_6788.png,train
6789,6789,3036.0,lot11878,Edge-Ring,wf_image_6789.png,train
6790,6790,1376.0,lot45748,Loc,wf_image_6790.png,cal
6791,6791,3036.0,lot12769,Edge-Ring,wf_image_6791.png,train
6792,6792,518.0,lot44000,Edge-Loc,wf_image_6792.png,val
6793,6793,3036.0,lot12767,Edge-Ring,wf_image_6793.png,val
6794,6794,1334.0,lot17125,Donut,wf_image_6794.png,train
6795,6795,1658.0,lot16554,Edge-Ring,wf_image_6795.png,train
6796,6796,1291.0,lot13714,Edge-Ring,wf_image_6796.png,train
6797,6797,1075.0,lot2503,Edge-Ring,wf_image_6797.png,test
6798,6798,1349.0,lot2434,Random,wf_image_6798.png,cal
6799,6799,516.0,lot43559,Edge-Loc,wf_image_6799.png,cal
6800,6800,515.0,lot36822,Center,wf_image_6800.png,train
6801,6801,1658.0,lot23110,Edge-Ring,wf_image_6801.png,train
6802,6802,710.0,lot35466,Center,wf_image_6802.png,cal
6803,6803,1075.0,lot2437,Edge-Ring,wf_image_6803.png,cal
6804,6804,1999.0,lot14928,Edge-Ring,wf_image_6804.png,train
6805,6805,1349.0,lot2377,Random,wf_image_6805.png,train
6806,6806,533.0,lot40560,Random,wf_image_6806.png,train
6807,6807,516.0,lot43526,Center,wf_image_6807.png,cal
6808,6808,1129.0,lot42644,Scratch,wf_image_6808.png,train
6809,6809,2126.0,lot21038,Edge-Ring,wf_image_6809.png,train
6810,6810,741.0,lot44325,Center,wf_image_6810.png,train
6811,6811,1421.0,lot44778,Edge-Ring,wf_image_6811.png,train
6812,6812,1139.0,lot15561,Random,wf_image_6812.png,test
6813,6813,533.0,lot123,Edge-Loc,wf_image_6813.png,train
6814,6814,3036.0,lot12751,Edge-Ring,wf_image_6814.png,cal
6815,6815,515.0,lot36546,Center,wf_image_6815.png,test
6816,6816,1080.0,lot21444,Random,wf_image_6816.png,cal
6817,6817,2126.0,lot21044,Edge-Ring,wf_image_6817.png,test
6818,6818,3036.0,lot10183,Edge-Ring,wf_image_6818.png,val
6819,6819,741.0,lot44186,Scratch,wf_image_6819.png,val
6820,6820,533.0,lot40502,Loc,wf_image_6820.png,train
6821,6821,533.0,lot216,Loc,wf_image_6821.png,train
6822,6822,904.0,lot1992,Edge-Ring,wf_image_6822.png,train
6823,6823,515.0,lot36638,Center,wf_image_6823.png,test
6824,6824,1109.0,lot45317,Loc,wf_image_6824.png,test
6825,6825,710.0,lot33260,Edge-Loc,wf_image_6825.png,cal
6826,6826,741.0,lot44283,Edge-Loc,wf_image_6826.png,train
6827,6827,515.0,lot36719,Center,wf_image_6827.png,test
6828,6828,2126.0,lot21563,Edge-Ring,wf_image_6828.png,test
6829,6829,1376.0,lot45791,Edge-Loc,wf_image_6829.png,cal
6830,6830,2126.0,lot21041,Edge-Ring,wf_image_6830.png,train
6831,6831,3036.0,lot11879,Edge-Ring,wf_image_6831.png,cal
6832,6832,741.0,lot44259,Edge-Loc,wf_image_6832.png,val
6833,6833,1109.0,lot45384,Edge-Loc,wf_image_6833.png,train
6834,6834,1658.0,lot16600,Edge-Ring,wf_image_6834.png,test
6835,6835,2126.0,lot22483,Edge-Ring,wf_image_6835.png,train
6836,6836,3036.0,lot11690,Edge-Ring,wf_image_6836.png,test
6837,6837,3036.0,lot2077,Edge-Ring,wf_image_6837.png,val
6838,6838,1226.0,lot23648,Center,wf_image_6838.png,val
6839,6839,600.0,lot47508,Edge-Ring,wf_image_6839.png,train
6840,6840,1075.0,lot2498,Edge-Ring,wf_image_6840.png,train
6841,6841,1376.0,lot45761,Loc,wf_image_6841.png,test
6842,6842,515.0,lot36942,Center,wf_image_6842.png,cal
6843,6843,1658.0,lot16601,Edge-Ring,wf_image_6843.png,test
6844,6844,600.0,lot47499,Loc,wf_image_6844.png,test
6845,6845,1075.0,lot2520,Edge-Ring,wf_image_6845.png,cal
6846,6846,1075.0,lot2526,Edge-Ring,wf_image_6846.png,cal
6847,6847,562.0,lot46864,Edge-Ring,wf_image_6847.png,train
6848,6848,1376.0,lot26624,Edge-Ring,wf_image_6848.png,test
6849,6849,1075.0,lot13969,Edge-Ring,wf_image_6849.png,train
6850,6850,3036.0,lot10182,Edge-Ring,wf_image_6850.png,test
6851,6851,2126.0,lot18382,Edge-Ring,wf_image_6851.png,test
6852,6852,1075.0,lot2514,Edge-Ring,wf_image_6852.png,test
6853,6853,846.0,lot5657,Edge-Loc,wf_image_6853.png,train
6854,6854,776.0,lot40948,Edge-Loc,wf_image_6854.png,test
6855,6855,1376.0,lot45728,Scratch,wf_image_6855.png,train
6856,6856,3036.0,lot12750,Edge-Ring,wf_image_6856.png,cal
6857,6857,3927.0,lot9150,Edge-Ring,wf_image_6857.png,test
6858,6858,1291.0,lot11150,Edge-Ring,wf_image_6858.png,train
6859,6859,1376.0,lot45754,Edge-Loc,wf_image_6859.png,train
6860,6860,1376.0,lot45717,Edge-Loc,wf_image_6860.png,test
6861,6861,710.0,lot35296,Loc,wf_image_6861.png,train
6862,6862,1376.0,lot45712,Edge-Loc,wf_image_6862.png,train
6863,6863,1658.0,lot16607,Edge-Ring,wf_image_6863.png,train
6864,6864,3036.0,lot12750,Edge-Ring,wf_image_6864.png,train
6865,6865,1075.0,lot23097,Edge-Ring,wf_image_6865.png,train
6866,6866,741.0,lot44318,Center,wf_image_6866.png,val
6867,6867,844.0,lot42238,Edge-Loc,wf_image_6867.png,cal
6868,6868,1376.0,lot16540,Loc,wf_image_6868.png,train
6869,6869,939.0,lot6331,Loc,wf_image_6869.png,train
6870,6870,1658.0,lot16598,Edge-Ring,wf_image_6870.png,train
6871,6871,533.0,lot42172,Loc,wf_image_6871.png,test
6872,6872,515.0,lot35938,Center,wf_image_6872.png,test
6873,6873,515.0,lot37013,Center,wf_image_6873.png,cal
6874,6874,515.0,lot36723,Center,wf_image_6874.png,train
6875,6875,533.0,lot165,Edge-Loc,wf_image_6875.png,test
6876,6876,1658.0,lot20568,Edge-Ring,wf_image_6876.png,test
6877,6877,3036.0,lot10185,Edge-Ring,wf_image_6877.png,train
6878,6878,1075.0,lot23105,Edge-Ring,wf_image_6878.png,test
6879,6879,515.0,lot33166,Center,wf_image_6879.png,train
6880,6880,733.0,lot39451,Center,wf_image_6880.png,test
6881,6881,515.0,lot35907,Center,wf_image_6881.png,train
6882,6882,3036.0,lot12761,Edge-Ring,wf_image_6882.png,val
6883,6883,1075.0,lot2502,Edge-Ring,wf_image_6883.png,test
6884,6884,1334.0,lot17169,Donut,wf_image_6884.png,train
6885,6885,1109.0,lot45325,Edge-Loc,wf_image_6885.png,val
6886,6886,1060.0,lot47327,Edge-Loc,wf_image_6886.png,train
6887,6887,515.0,lot36553,Center,wf_image_6887.png,train
6888,6888,845.0,lot7239,Loc,wf_image_6888.png,train
6889,6889,515.0,lot36910,Center,wf_image_6889.png,train
6890,6890,939.0,lot2783,Edge-Loc,wf_image_6890.png,val
6891,6891,1109.0,lot45453,Random,wf_image_6891.png,train
6892,6892,3036.0,lot11972,Edge-Ring,wf_image_6892.png,test
6893,6893,3036.0,lot12760,Edge-Ring,wf_image_6893.png,test
6894,6894,1075.0,lot13967,Edge-Ring,wf_image_6894.png,cal
6895,6895,1376.0,lot45900,Edge-Loc,wf_image_6895.png,train
6896,6896,533.0,lot40417,Edge-Loc,wf_image_6896.png,train
6897,6897,710.0,lot4197,Edge-Loc,wf_image_6897.png,train
6898,6898,2126.0,lot20905,Edge-Ring,wf_image_6898.png,train
6899,6899,776.0,lot41155,Loc,wf_image_6899.png,train
6900,6900,1349.0,lot2423,Random,wf_image_6900.png,cal
6901,6901,1080.0,lot26289,Edge-Ring,wf_image_6901.png,train
6902,6902,1376.0,lot45895,Edge-Loc,wf_image_6902.png,cal
6903,6903,515.0,lot39511,Center,wf_image_6903.png,val
6904,6904,3036.0,lot2076,Edge-Ring,wf_image_6904.png,val
6905,6905,1075.0,lot44171,Edge-Ring,wf_image_6905.png,train
6906,6906,3036.0,lot10188,Edge-Ring,wf_image_6906.png,cal
6907,6907,733.0,lot34944,Center,wf_image_6907.png,train
6908,6908,939.0,lot2783,Edge-Loc,wf_image_6908.png,train
6909,6909,1109.0,lot45326,Edge-Loc,wf_image_6909.png,train
6910,6910,904.0,lot45647,Edge-Loc,wf_image_6910.png,train
6911,6911,843.0,lot42231,Loc,wf_image_6911.png,train
6912,6912,533.0,lot40422,Loc,wf_image_6912.png,train
6913,6913,1109.0,lot45598,Donut,wf_image_6913.png,train
6914,6914,1109.0,lot45309,Edge-Loc,wf_image_6914.png,test
6915,6915,12662.0,lot19842,Edge-Ring,wf_image_6915.png,train
6916,6916,533.0,lot135,Scratch,wf_image_6916.png,train
6917,6917,1075.0,lot2495,Edge-Ring,wf_image_6917.png,train
6918,6918,3036.0,lot9337,Edge-Ring,wf_image_6918.png,train
6919,6919,520.0,lot1625,Scratch,wf_image_6919.png,train
6920,6920,516.0,lot43173,Edge-Ring,wf_image_6920.png,train
6921,6921,600.0,lot47517,Loc,wf_image_6921.png,val
6922,6922,776.0,lot40942,Scratch,wf_image_6922.png,train
6923,6923,1109.0,lot45555,Edge-Loc,wf_image_6923.png,test
6924,6924,1376.0,lot45717,Edge-Loc,wf_image_6924.png,train
6925,6925,3036.0,lot11972,Edge-Ring,wf_image_6925.png,test
6926,6926,1334.0,lot17169,Donut,wf_image_6926.png,test
6927,6927,733.0,lot31592,Edge-Ring,wf_image_6927.png,train
6928,6928,1999.0,lot14998,Edge-Ring,wf_image_6928.png,train
6929,6929,1109.0,lot45534,Scratch,wf_image_6929.png,cal
6930,6930,1349.0,lot2425,Random,wf_image_6930.png,train
6931,6931,1999.0,lot14524,Edge-Ring,wf_image_6931.png,test
6932,6932,3927.0,lot2154,Edge-Ring,wf_image_6932.png,val
6933,6933,1075.0,lot2520,Edge-Ring,wf_image_6933.png,train
6934,6934,1075.0,lot13966,Edge-Ring,wf_image_6934.png,train
6935,6935,1349.0,lot2420,Random,wf_image_6935.png,cal
6936,6936,1075.0,lot2521,Edge-Ring,wf_image_6936.png,test
6937,6937,1658.0,lot16598,Edge-Ring,wf_image_6937.png,val
6938,6938,518.0,lot44018,Edge-Ring,wf_image_6938.png,test
6939,6939,1075.0,lot12907,Edge-Ring,wf_image_6939.png,cal
6940,6940,3036.0,lot12772,Edge-Ring,wf_image_6940.png,train
6941,6941,515.0,lot39579,Center,wf_image_6941.png,cal
6942,6942,600.0,lot47505,Edge-Ring,wf_image_6942.png,train
6943,6943,1075.0,lot2527,Edge-Ring,wf_image_6943.png,train
6944,6944,515.0,lot36927,Center,wf_image_6944.png,cal
6945,6945,12662.0,lot19864,Edge-Ring,wf_image_6945.png,train
6946,6946,1109.0,lot45386,Edge-Loc,wf_image_6946.png,train
6947,6947,515.0,lot39580,Center,wf_image_6947.png,val
6948,6948,1075.0,lot2500,Edge-Ring,wf_image_6948.png,train
6949,6949,12662.0,lot16999,Edge-Ring,wf_image_6949.png,train
6950,6950,1129.0,lot5179,Edge-Loc,wf_image_6950.png,train
6951,6951,733.0,lot35097,Center,wf_image_6951.png,test
6952,6952,515.0,lot39597,Center,wf_image_6952.png,train
6953,6953,1075.0,lot2495,Edge-Ring,wf_image_6953.png,val
6954,6954,1226.0,lot22193,Center,wf_image_6954.png,val
6955,6955,1334.0,lot17148,Donut,wf_image_6955.png,val
6956,6956,3036.0,lot12756,Edge-Ring,wf_image_6956.png,train
6957,6957,516.0,lot43361,Loc,wf_image_6957.png,val
6958,6958,2126.0,lot22476,Edge-Ring,wf_image_6958.png,cal
6959,6959,533.0,lot8,Edge-Ring,wf_image_6959.png,val
6960,6960,3036.0,lot12766,Edge-Ring,wf_image_6960.png,train
6961,6961,1080.0,lot21758,Random,wf_image_6961.png,test
6962,6962,2126.0,lot20729,Edge-Ring,wf_image_6962.png,train
6963,6963,1080.0,lot21623,Edge-Ring,wf_image_6963.png,train
6964,6964,1075.0,lot2501,Edge-Ring,wf_image_6964.png,train
6965,6965,843.0,lot42237,Donut,wf_image_6965.png,train
6966,6966,1334.0,lot17130,Donut,wf_image_6966.png,train
6967,6967,1304.0,lot3299,Edge-Ring,wf_image_6967.png,train
6968,6968,1109.0,lot45310,Edge-Loc,wf_image_6968.png,cal
6969,6969,904.0,lot45629,Scratch,wf_image_6969.png,train
6970,6970,3036.0,lot12761,Edge-Ring,wf_image_6970.png,val
6971,6971,2126.0,lot18377,Edge-Ring,wf_image_6971.png,val
6972,6972,776.0,lot40791,Loc,wf_image_6972.png,train
6973,6973,841.0,lot42225,Donut,wf_image_6973.png,train
6974,6974,3036.0,lot12746,Edge-Ring,wf_image_6974.png,val
6975,6975,1658.0,lot23110,Edge-Ring,wf_image_6975.png,train
6976,6976,2126.0,lot21563,Edge-Ring,wf_image_6976.png,train
6977,6977,2126.0,lot22475,Edge-Ring,wf_image_6977.png,train
6978,6978,516.0,lot43538,Edge-Loc,wf_image_6978.png,train
6979,6979,1376.0,lot45723,Loc,wf_image_6979.png,train
6980,6980,1226.0,lot19240,Loc,wf_image_6980.png,test
6981,6981,904.0,lot45639,Center,wf_image_6981.png,train
6982,6982,1291.0,lot11150,Edge-Ring,wf_image_6982.png,train
6983,6983,741.0,lot44251,Near-full,wf_image_6983.png,test
6984,6984,3036.0,lot12750,Edge-Ring,wf_image_6984.png,test
6985,6985,1129.0,lot9344,Edge-Ring,wf_image_6985.png,test
6986,6986,12662.0,lot19852,Edge-Ring,wf_image_6986.png,test
6987,6987,12662.0,lot19852,Edge-Ring,wf_image_6987.png,train
6988,6988,600.0,lot47511,Loc,wf_image_6988.png,train
6989,6989,2126.0,lot20735,Edge-Ring,wf_image_6989.png,train
6990,6990,533.0,lot238,Scratch,wf_image_6990.png,cal
6991,6991,842.0,lot42214,Loc,wf_image_6991.png,test
6992,6992,1334.0,lot17125,Donut,wf_image_6992.png,test
6993,6993,710.0,lot9165,Edge-Loc,wf_image_6993.png,train
6994,6994,516.0,lot43036,Random,wf_image_6994.png,test
6995,6995,1376.0,lot45896,Donut,wf_image_6995.png,train
6996,6996,533.0,lot40362,Loc,wf_image_6996.png,train
6997,6997,533.0,lot40361,Edge-Loc,wf_image_6997.png,test
6998,6998,1080.0,lot21664,Edge-Loc,wf_image_6998.png,train
6999,6999,515.0,lot36546,Center,wf_image_6999.png,cal
7000,7000,2126.0,lot21044,Edge-Ring,wf_image_7000.png,train
7001,7001,2126.0,lot18376,Edge-Ring,wf_image_7001.png,val
7002,7002,1075.0,lot25391,Edge-Ring,wf_image_7002.png,train
7003,7003,515.0,lot36989,Center,wf_image_7003.png,train
7004,7004,1349.0,lot2432,Random,wf_image_7004.png,train
7005,7005,1658.0,lot16603,Edge-Ring,wf_image_7005.png,val
7006,7006,1129.0,lot42679,Random,wf_image_7006.png,train
7007,7007,904.0,lot45648,Center,wf_image_7007.png,train
7008,7008,1291.0,lot13717,Edge-Ring,wf_image_7008.png,val
7009,7009,1376.0,lot45802,Random,wf_image_7009.png,test
7010,7010,1074.0,lot44170,Edge-Ring,wf_image_7010.png,train
7011,7011,843.0,lot42373,Loc,wf_image_7011.png,train
7012,7012,500.0,lot45126,Near-full,wf_image_7012.png,train
7013,7013,1658.0,lot16606,Edge-Ring,wf_image_7013.png,test
7014,7014,1226.0,lot22193,Center,wf_image_7014.png,train
7015,7015,1075.0,lot13965,Edge-Ring,wf_image_7015.png,train
7016,7016,904.0,lot45632,Center,wf_image_7016.png,train
7017,7017,733.0,lot34956,Center,wf_image_7017.png,test
7018,7018,1080.0,lot23494,Donut,wf_image_7018.png,test
7019,7019,776.0,lot41063,Loc,wf_image_7019.png,test
7020,7020,1226.0,lot23648,Center,wf_image_7020.png,train
7021,7021,939.0,lot7940,Edge-Ring,wf_image_7021.png,test
7022,7022,904.0,lot45637,Loc,wf_image_7022.png,test
7023,7023,562.0,lot47111,Scratch,wf_image_7023.png,val
7024,7024,1334.0,lot17159,Donut,wf_image_7024.png,val
7025,7025,1349.0,lot2432,Random,wf_image_7025.png,train
7026,7026,1075.0,lot2513,Edge-Ring,wf_image_7026.png,train
7027,7027,515.0,lot36637,Center,wf_image_7027.png,train
7028,7028,843.0,lot42245,Donut,wf_image_7028.png,test
7029,7029,515.0,lot36737,Center,wf_image_7029.png,test
7030,7030,3927.0,lot9157,Edge-Ring,wf_image_7030.png,val
7031,7031,600.0,lot47510,Edge-Ring,wf_image_7031.png,val
7032,7032,562.0,lot47133,Loc,wf_image_7032.png,cal
7033,7033,1129.0,lot42732,Loc,wf_image_7033.png,train
7034,7034,1376.0,lot45922,Loc,wf_image_7034.png,train
7035,7035,1658.0,lot16602,Edge-Ring,wf_image_7035.png,train
7036,7036,600.0,lot47527,Edge-Ring,wf_image_7036.png,train
7037,7037,1129.0,lot42702,Scratch,wf_image_7037.png,train
7038,7038,2126.0,lot21579,Edge-Ring,wf_image_7038.png,train
7039,7039,1060.0,lot47443,Center,wf_image_7039.png,test
7040,7040,600.0,lot47490,Scratch,wf_image_7040.png,train
7041,7041,1075.0,lot12906,Edge-Ring,wf_image_7041.png,test
7042,7042,516.0,lot42957,Edge-Loc,wf_image_7042.png,train
7043,7043,1226.0,lot23648,Center,wf_image_7043.png,val
7044,7044,1075.0,lot2512,Edge-Ring,wf_image_7044.png,test
7045,7045,1129.0,lot42707,Center,wf_image_7045.png,test
7046,7046,1658.0,lot16604,Edge-Ring,wf_image_7046.png,cal
7047,7047,1349.0,lot2426,Random,wf_image_7047.png,train
7048,7048,939.0,lot2783,Edge-Ring,wf_image_7048.png,cal
7049,7049,904.0,lot45623,Center,wf_image_7049.png,train
7050,7050,518.0,lot43950,Edge-Ring,wf_image_7050.png,cal
7051,7051,3927.0,lot9154,Edge-Ring,wf_image_7051.png,train
7052,7052,515.0,lot6175,Loc,wf_image_7052.png,train
7053,7053,1075.0,lot2488,Edge-Ring,wf_image_7053.png,train
7054,7054,3036.0,lot12767,Edge-Ring,wf_image_7054.png,train
7055,7055,1421.0,lot44785,Edge-Loc,wf_image_7055.png,test
7056,7056,1075.0,lot2525,Edge-Ring,wf_image_7056.png,cal
7057,7057,2126.0,lot18018,Edge-Ring,wf_image_7057.png,train
7058,7058,904.0,lot45630,Center,wf_image_7058.png,cal
7059,7059,1334.0,lot17169,Donut,wf_image_7059.png,cal
7060,7060,776.0,lot8153,Center,wf_image_7060.png,train
7061,7061,515.0,lot36937,Center,wf_image_7061.png,cal
7062,7062,515.0,lot34924,Loc,wf_image_7062.png,val
7063,7063,1291.0,lot10051,Edge-Ring,wf_image_7063.png,train
7064,7064,939.0,lot3836,Edge-Loc,wf_image_7064.png,train
7065,7065,533.0,lot12088,Center,wf_image_7065.png,train
7066,7066,3036.0,lot12767,Edge-Ring,wf_image_7066.png,train
7067,7067,562.0,lot46922,Edge-Ring,wf_image_7067.png,train
7068,7068,844.0,lot7242,Edge-Loc,wf_image_7068.png,train
7069,7069,515.0,lot35905,Center,wf_image_7069.png,train
7070,7070,1291.0,lot10942,Edge-Loc,wf_image_7070.png,train
7071,7071,2126.0,lot22490,Edge-Ring,wf_image_7071.png,cal
7072,7072,515.0,lot10241,Center,wf_image_7072.png,train
7073,7073,518.0,lot15635,Random,wf_image_7073.png,test
7074,7074,1421.0,lot44786,Edge-Ring,wf_image_7074.png,test
7075,7075,600.0,lot47542,Edge-Loc,wf_image_7075.png,cal
7076,7076,516.0,lot43247,Loc,wf_image_7076.png,cal
7077,7077,1075.0,lot13965,Edge-Ring,wf_image_7077.png,train
7078,7078,3036.0,lot2077,Edge-Ring,wf_image_7078.png,train
7079,7079,1075.0,lot13969,Edge-Ring,wf_image_7079.png,val
7080,7080,844.0,lot42368,Edge-Loc,wf_image_7080.png,val
7081,7081,12662.0,lot17000,Edge-Ring,wf_image_7081.png,test
7082,7082,3036.0,lot12744,Edge-Ring,wf_image_7082.png,test
7083,7083,1801.0,lot4662,Donut,wf_image_7083.png,train
7084,7084,939.0,lot7846,Loc,wf_image_7084.png,test
7085,7085,516.0,lot42900,Random,wf_image_7085.png,val
7086,7086,562.0,lot46785,Edge-Loc,wf_image_7086.png,cal
7087,7087,845.0,lot7315,Loc,wf_image_7087.png,train
7088,7088,1075.0,lot2504,Edge-Ring,wf_image_7088.png,train
7089,7089,3036.0,lot11965,Edge-Ring,wf_image_7089.png,train
7090,7090,1139.0,lot15619,Near-full,wf_image_7090.png,test
7091,7091,3036.0,lot11877,Edge-Ring,wf_image_7091.png,train
7092,7092,1376.0,lot45834,Edge-Loc,wf_image_7092.png,train
7093,7093,533.0,lot12109,Loc,wf_image_7093.png,train
7094,7094,2126.0,lot18377,Edge-Ring,wf_image_7094.png,train
7095,7095,3927.0,lot9151,Edge-Ring,wf_image_7095.png,train
7096,7096,1075.0,lot2517,Edge-Ring,wf_image_7096.png,train
7097,7097,1075.0,lot2149,Edge-Ring,wf_image_7097.png,cal
7098,7098,939.0,lot6404,Edge-Ring,wf_image_7098.png,train
7099,7099,515.0,lot36837,Center,wf_image_7099.png,test
7100,7100,3927.0,lot10008,Edge-Ring,wf_image_7100.png,cal
7101,7101,2126.0,lot18380,Edge-Ring,wf_image_7101.png,test
7102,7102,3036.0,lot12760,Edge-Ring,wf_image_7102.png,train
7103,7103,939.0,lot6027,Edge-Ring,wf_image_7103.png,train
7104,7104,710.0,lot33298,Edge-Loc,wf_image_7104.png,train
7105,7105,710.0,lot35280,Loc,wf_image_7105.png,train
7106,7106,1376.0,lot24560,Center,wf_image_7106.png,train
7107,7107,1334.0,lot17130,Donut,wf_image_7107.png,test
7108,7108,733.0,lot26845,Edge-Ring,wf_image_7108.png,train
7109,7109,1075.0,lot13967,Edge-Ring,wf_image_7109.png,test
7110,7110,846.0,lot30037,Edge-Ring,wf_image_7110.png,train
7111,7111,1075.0,lot2502,Edge-Ring,wf_image_7111.png,cal
7112,7112,741.0,lot44191,Edge-Loc,wf_image_7112.png,train
7113,7113,516.0,lot43446,Loc,wf_image_7113.png,train
7114,7114,1109.0,lot45597,Edge-Loc,wf_image_7114.png,train
7115,7115,1075.0,lot2519,Edge-Ring,wf_image_7115.png,val
7116,7116,741.0,lot44467,Edge-Loc,wf_image_7116.png,train
7117,7117,562.0,lot47144,Edge-Loc,wf_image_7117.png,train
7118,7118,1226.0,lot23639,Center,wf_image_7118.png,val
7119,7119,515.0,lot35933,Center,wf_image_7119.png,train
7120,7120,1376.0,lot45846,Loc,wf_image_7120.png,train
7121,7121,1376.0,lot45764,Edge-Loc,wf_image_7121.png,test
7122,7122,3036.0,lot11690,Edge-Ring,wf_image_7122.png,val
7123,7123,515.0,lot32779,Center,wf_image_7123.png,train
7124,7124,3927.0,lot10008,Edge-Ring,wf_image_7124.png,train
7125,7125,1291.0,lot11988,Edge-Ring,wf_image_7125.png,test
7126,7126,846.0,lot10846,Scratch,wf_image_7126.png,val
7127,7127,776.0,lot41112,Edge-Loc,wf_image_7127.png,train
7128,7128,533.0,lot42144,Loc,wf_image_7128.png,train
7129,7129,2126.0,lot18023,Edge-Ring,wf_image_7129.png,train
7130,7130,1139.0,lot15558,Near-full,wf_image_7130.png,test
7131,7131,845.0,lot42208,Edge-Loc,wf_image_7131.png,train
7132,7132,2126.0,lot21040,Edge-Ring,wf_image_7132.png,val
7133,7133,1075.0,lot11590,Edge-Loc,wf_image_7133.png,train
7134,7134,1075.0,lot44168,Edge-Ring,wf_image_7134.png,train
7135,7135,1139.0,lot15561,Random,wf_image_7135.png,test
7136,7136,1376.0,lot45690,Edge-Loc,wf_image_7136.png,test
7137,7137,1075.0,lot2499,Edge-Ring,wf_image_7137.png,val
7138,7138,3036.0,lot9335,Edge-Ring,wf_image_7138.png,train
7139,7139,1421.0,lot44807,Edge-Ring,wf_image_7139.png,train
7140,7140,741.0,lot44491,Edge-Loc,wf_image_7140.png,cal
7141,7141,741.0,lot44553,Edge-Loc,wf_image_7141.png,train
7142,7142,2126.0,lot21044,Edge-Ring,wf_image_7142.png,test
7143,7143,1109.0,lot45536,Edge-Loc,wf_image_7143.png,train
7144,7144,515.0,lot36765,Center,wf_image_7144.png,train
7145,7145,515.0,lot36782,Center,wf_image_7145.png,train
7146,7146,533.0,lot257,Loc,wf_image_7146.png,train
7147,7147,1109.0,lot45321,Center,wf_image_7147.png,train
7148,7148,533.0,lot10966,Edge-Loc,wf_image_7148.png,cal
7149,7149,741.0,lot44277,Loc,wf_image_7149.png,train
7150,7150,1109.0,lot45361,Edge-Loc,wf_image_7150.png,cal
7151,7151,1075.0,lot23098,Edge-Ring,wf_image_7151.png,val
7152,7152,533.0,lot12141,Random,wf_image_7152.png,cal
7153,7153,516.0,lot43013,Edge-Loc,wf_image_7153.png,test
7154,7154,515.0,lot35964,Center,wf_image_7154.png,train
7155,7155,2126.0,lot22473,Edge-Ring,wf_image_7155.png,cal
7156,7156,1075.0,lot13967,Edge-Ring,wf_image_7156.png,test
7157,7157,3036.0,lot11969,Edge-Ring,wf_image_7157.png,cal
7158,7158,3036.0,lot2074,Edge-Ring,wf_image_7158.png,train
7159,7159,1376.0,lot45895,Edge-Loc,wf_image_7159.png,train
7160,7160,515.0,lot36847,Center,wf_image_7160.png,val
7161,7161,3036.0,lot11843,Edge-Ring,wf_image_7161.png,train
7162,7162,3036.0,lot9334,Edge-Ring,wf_image_7162.png,val
7163,7163,1109.0,lot45344,Scratch,wf_image_7163.png,test
7164,7164,776.0,lot5816,Edge-Loc,wf_image_7164.png,train
7165,7165,1075.0,lot2504,Edge-Ring,wf_image_7165.png,val
7166,7166,3927.0,lot11172,Edge-Ring,wf_image_7166.png,val
7167,7167,600.0,lot47495,Center,wf_image_7167.png,cal
7168,7168,3036.0,lot12751,Edge-Ring,wf_image_7168.png,train
7169,7169,1421.0,lot44804,Edge-Loc,wf_image_7169.png,train
7170,7170,1109.0,lot45502,Scratch,wf_image_7170.png,val
7171,7171,1349.0,lot2377,Random,wf_image_7171.png,test
7172,7172,776.0,lot40869,Scratch,wf_image_7172.png,val
7173,7173,712.0,lot39279,Loc,wf_image_7173.png,train
7174,7174,515.0,lot32851,Center,wf_image_7174.png,train
7175,7175,939.0,lot2273,Edge-Ring,wf_image_7175.png,val
7176,7176,2126.0,lot22480,Edge-Ring,wf_image_7176.png,train
7177,7177,3036.0,lot12765,Edge-Ring,wf_image_7177.png,train
7178,7178,562.0,lot46789,Edge-Loc,wf_image_7178.png,train
7179,7179,741.0,lot44176,Edge-Loc,wf_image_7179.png,test
7180,7180,2126.0,lot22479,Edge-Ring,wf_image_7180.png,train
7181,7181,515.0,lot36696,Center,wf_image_7181.png,train
7182,7182,776.0,lot40754,Loc,wf_image_7182.png,test
7183,7183,516.0,lot42881,Random,wf_image_7183.png,train
7184,7184,2126.0,lot20134,Edge-Ring,wf_image_7184.png,train
7185,7185,2126.0,lot20906,Edge-Ring,wf_image_7185.png,train
7186,7186,2126.0,lot20134,Edge-Ring,wf_image_7186.png,train
7187,7187,1421.0,lot44785,Loc,wf_image_7187.png,val
7188,7188,710.0,lot4184,Edge-Loc,wf_image_7188.png,train
7189,7189,1109.0,lot45342,Center,wf_image_7189.png,test
7190,7190,2126.0,lot18020,Edge-Ring,wf_image_7190.png,val
7191,7191,1109.0,lot45501,Loc,wf_image_7191.png,train
7192,7192,1075.0,lot2512,Edge-Ring,wf_image_7192.png,train
7193,7193,842.0,lot42317,Loc,wf_image_7193.png,test
7194,7194,515.0,lot10375,Center,wf_image_7194.png,train
7195,7195,1421.0,lot44809,Edge-Loc,wf_image_7195.png,test
7196,7196,515.0,lot12886,Center,wf_image_7196.png,train
7197,7197,1109.0,lot45337,Edge-Loc,wf_image_7197.png,train
7198,7198,741.0,lot44428,Edge-Loc,wf_image_7198.png,train
7199,7199,2126.0,lot22471,Edge-Ring,wf_image_7199.png,train
7200,7200,12662.0,lot17262,Edge-Ring,wf_image_7200.png,train
7201,7201,518.0,lot43900,Random,wf_image_7201.png,train
7202,7202,515.0,lot35947,Center,wf_image_7202.png,train
7203,7203,533.0,lot40536,Edge-Loc,wf_image_7203.png,test
7204,7204,516.0,lot42912,Loc,wf_image_7204.png,cal
7205,7205,845.0,lot42357,Donut,wf_image_7205.png,test
7206,7206,1658.0,lot16599,Edge-Ring,wf_image_7206.png,train
7207,7207,846.0,lot29798,Edge-Ring,wf_image_7207.png,train
7208,7208,515.0,lot36634,Center,wf_image_7208.png,cal
7209,7209,741.0,lot44322,Loc,wf_image_7209.png,train
7210,7210,3036.0,lot10186,Edge-Ring,wf_image_7210.png,train
7211,7211,1109.0,lot45378,Edge-Loc,wf_image_7211.png,train
7212,7212,515.0,lot36565,Center,wf_image_7212.png,cal
7213,7213,741.0,lot2233,Edge-Ring,wf_image_7213.png,train
7214,7214,1075.0,lot13491,Edge-Ring,wf_image_7214.png,train
7215,7215,3927.0,lot11172,Edge-Ring,wf_image_7215.png,train
7216,7216,1109.0,lot45585,Loc,wf_image_7216.png,val
7217,7217,1129.0,lot42711,Scratch,wf_image_7217.png,train
7218,7218,1226.0,lot23662,Center,wf_image_7218.png,val
7219,7219,1226.0,lot23642,Donut,wf_image_7219.png,cal
7220,7220,3036.0,lot9337,Edge-Ring,wf_image_7220.png,val
7221,7221,3036.0,lot12749,Edge-Ring,wf_image_7221.png,test
7222,7222,776.0,lot40766,Center,wf_image_7222.png,train
7223,7223,1109.0,lot45581,Center,wf_image_7223.png,test
7224,7224,518.0,lot43976,Edge-Ring,wf_image_7224.png,train
7225,7225,741.0,lot44502,Loc,wf_image_7225.png,test
7226,7226,1291.0,lot11988,Edge-Ring,wf_image_7226.png,test
7227,7227,3036.0,lot11968,Edge-Ring,wf_image_7227.png,train
7228,7228,904.0,lot45646,Center,wf_image_7228.png,train
7229,7229,515.0,lot36921,Center,wf_image_7229.png,train
7230,7230,776.0,lot40786,Loc,wf_image_7230.png,train
7231,7231,1801.0,lot4642,Edge-Loc,wf_image_7231.png,cal
7232,7232,1080.0,lot21535,Random,wf_image_7232.png,train
7233,7233,1075.0,lot2508,Edge-Ring,wf_image_7233.png,cal
7234,7234,1376.0,lot45898,Edge-Loc,wf_image_7234.png,train
7235,7235,1060.0,lot47454,Center,wf_image_7235.png,test
7236,7236,1658.0,lot20568,Edge-Ring,wf_image_7236.png,cal
7237,7237,1129.0,lot42717,Loc,wf_image_7237.png,train
7238,7238,12662.0,lot19864,Edge-Ring,wf_image_7238.png,train
7239,7239,904.0,lot4090,Loc,wf_image_7239.png,train
7240,7240,600.0,lot47498,Edge-Ring,wf_image_7240.png,test
7241,7241,12662.0,lot17000,Edge-Ring,wf_image_7241.png,val
7242,7242,741.0,lot44189,Loc,wf_image_7242.png,train
7243,7243,710.0,lot9303,Edge-Loc,wf_image_7243.png,test
7244,7244,1137.0,lot42785,Loc,wf_image_7244.png,test
7245,7245,1658.0,lot20569,Edge-Ring,wf_image_7245.png,train
7246,7246,562.0,lot46790,Edge-Loc,wf_image_7246.png,test
7247,7247,2126.0,lot20735,Edge-Ring,wf_image_7247.png,val
7248,7248,520.0,lot1639,Edge-Ring,wf_image_7248.png,train
7249,7249,845.0,lot42208,Edge-Loc,wf_image_7249.png,train
7250,7250,562.0,lot47160,Scratch,wf_image_7250.png,train
7251,7251,1658.0,lot16606,Edge-Ring,wf_image_7251.png,test
7252,7252,12662.0,lot19856,Edge-Ring,wf_image_7252.png,test
7253,7253,1075.0,lot13967,Edge-Ring,wf_image_7253.png,test
7254,7254,1109.0,lot45471,Center,wf_image_7254.png,train
7255,7255,741.0,lot44468,Edge-Ring,wf_image_7255.png,train
7256,7256,3927.0,lot9146,Edge-Ring,wf_image_7256.png,train
7257,7257,846.0,lot36497,Loc,wf_image_7257.png,train
7258,7258,2126.0,lot20731,Edge-Ring,wf_image_7258.png,train
7259,7259,515.0,lot36782,Center,wf_image_7259.png,val
7260,7260,1658.0,lot16601,Edge-Ring,wf_image_7260.png,val
7261,7261,3927.0,lot11172,Edge-Ring,wf_image_7261.png,train
7262,7262,1421.0,lot44778,Edge-Ring,wf_image_7262.png,test
7263,7263,939.0,lot6092,Edge-Ring,wf_image_7263.png,val
7264,7264,3036.0,lot12764,Edge-Ring,wf_image_7264.png,test
7265,7265,3927.0,lot9157,Edge-Ring,wf_image_7265.png,test
7266,7266,1075.0,lot23103,Edge-Ring,wf_image_7266.png,val
7267,7267,518.0,lot44945,Loc,wf_image_7267.png,val
7268,7268,3036.0,lot12759,Edge-Ring,wf_image_7268.png,train
7269,7269,843.0,lot7244,Loc,wf_image_7269.png,train
7270,7270,3036.0,lot12761,Edge-Ring,wf_image_7270.png,train
7271,7271,1334.0,lot45955,Edge-Loc,wf_image_7271.png,test
7272,7272,2126.0,lot21559,Edge-Ring,wf_image_7272.png,train
7273,7273,533.0,lot40397,Loc,wf_image_7273.png,train
7274,7274,3036.0,lot12744,Edge-Ring,wf_image_7274.png,train
7275,7275,1349.0,lot2377,Random,wf_image_7275.png,train
7276,7276,515.0,lot36766,Center,wf_image_7276.png,val
7277,7277,1109.0,lot45308,Edge-Loc,wf_image_7277.png,val
7278,7278,1999.0,lot14822,Edge-Ring,wf_image_7278.png,train
7279,7279,1075.0,lot2512,Edge-Ring,wf_image_7279.png,cal
7280,7280,1421.0,lot44786,Edge-Ring,wf_image_7280.png,val
7281,7281,1376.0,lot45747,Loc,wf_image_7281.png,cal
7282,7282,904.0,lot4090,Loc,wf_image_7282.png,test
7283,7283,2126.0,lot21042,Edge-Ring,wf_image_7283.png,train
7284,7284,1376.0,lot45818,Edge-Loc,wf_image_7284.png,train
7285,7285,1074.0,lot44166,Edge-Ring,wf_image_7285.png,cal
7286,7286,1075.0,lot12906,Edge-Ring,wf_image_7286.png,val
7287,7287,1658.0,lot20569,Edge-Ring,wf_image_7287.png,train
7288,7288,2126.0,lot21042,Edge-Ring,wf_image_7288.png,train
7289,7289,3036.0,lot12768,Edge-Ring,wf_image_7289.png,test
7290,7290,515.0,lot32885,Center,wf_image_7290.png,train
7291,7291,562.0,lot46964,Loc,wf_image_7291.png,test
7292,7292,12662.0,lot19856,Edge-Ring,wf_image_7292.png,train
7293,7293,1334.0,lot17169,Donut,wf_image_7293.png,train
7294,7294,1075.0,lot2151,Edge-Ring,wf_image_7294.png,test
7295,7295,1080.0,lot21658,Center,wf_image_7295.png,cal
7296,7296,533.0,lot11,Edge-Loc,wf_image_7296.png,test
7297,7297,1291.0,lot11150,Edge-Ring,wf_image_7297.png,cal
7298,7298,710.0,lot9194,Random,wf_image_7298.png,train
7299,7299,712.0,lot2072,Edge-Loc,wf_image_7299.png,test
7300,7300,2126.0,lot21044,Edge-Ring,wf_image_7300.png,train
7301,7301,494.0,lot45093,Loc,wf_image_7301.png,test
7302,7302,3927.0,lot9150,Edge-Ring,wf_image_7302.png,train
7303,7303,515.0,lot35961,Center,wf_image_7303.png,test
7304,7304,2126.0,lot18019,Edge-Ring,wf_image_7304.png,test
7305,7305,515.0,lot36710,Center,wf_image_7305.png,cal
7306,7306,904.0,lot45623,Center,wf_image_7306.png,train
7307,7307,533.0,lot40645,Loc,wf_image_7307.png,test
7308,7308,515.0,lot32899,Center,wf_image_7308.png,val
7309,7309,1075.0,lot13491,Edge-Ring,wf_image_7309.png,test
7310,7310,516.0,lot42967,Edge-Loc,wf_image_7310.png,test
7311,7311,1075.0,lot2508,Edge-Ring,wf_image_7311.png,train
7312,7312,776.0,lot40941,Random,wf_image_7312.png,train
7313,7313,776.0,lot40845,Scratch,wf_image_7313.png,train
7314,7314,533.0,lot40587,Edge-Loc,wf_image_7314.png,train
7315,7315,1109.0,lot45435,Loc,wf_image_7315.png,test
7316,7316,1334.0,lot17180,Loc,wf_image_7316.png,train
7317,7317,1801.0,lot5896,Edge-Loc,wf_image_7317.png,train
7318,7318,3036.0,lot12777,Edge-Ring,wf_image_7318.png,cal
7319,7319,1334.0,lot17115,Donut,wf_image_7319.png,train
7320,7320,1060.0,lot47339,Loc,wf_image_7320.png,train
7321,7321,1658.0,lot16598,Edge-Ring,wf_image_7321.png,train
7322,7322,845.0,lot42297,Edge-Loc,wf_image_7322.png,test
7323,7323,846.0,lot36088,Center,wf_image_7323.png,cal
7324,7324,533.0,lot42132,Edge-Loc,wf_image_7324.png,train
7325,7325,842.0,lot42358,Edge-Loc,wf_image_7325.png,train
7326,7326,2126.0,lot20737,Edge-Ring,wf_image_7326.png,train
7327,7327,515.0,lot36657,Center,wf_image_7327.png,train
7328,7328,741.0,lot44189,Near-full,wf_image_7328.png,cal
7329,7329,1075.0,lot44170,Edge-Ring,wf_image_7329.png,val
7330,7330,515.0,lot36596,Center,wf_image_7330.png,train
7331,7331,741.0,lot44497,Edge-Loc,wf_image_7331.png,cal
7332,7332,1226.0,lot23598,Center,wf_image_7332.png,train
7333,7333,845.0,lot41971,Loc,wf_image_7333.png,train
7334,7334,2126.0,lot20911,Edge-Ring,wf_image_7334.png,train
7335,7335,2126.0,lot20906,Edge-Ring,wf_image_7335.png,train
7336,7336,3036.0,lot10188,Edge-Ring,wf_image_7336.png,train
7337,7337,1376.0,lot45836,Scratch,wf_image_7337.png,train
7338,7338,1376.0,lot45898,Edge-Loc,wf_image_7338.png,cal
7339,7339,2126.0,lot22480,Edge-Ring,wf_image_7339.png,train
7340,7340,562.0,lot46772,Edge-Loc,wf_image_7340.png,cal
7341,7341,1999.0,lot14928,Edge-Ring,wf_image_7341.png,train
7342,7342,3036.0,lot11879,Edge-Ring,wf_image_7342.png,train
7343,7343,733.0,lot39509,Center,wf_image_7343.png,train
7344,7344,600.0,lot47542,Edge-Ring,wf_image_7344.png,test
7345,7345,1334.0,lot17155,Donut,wf_image_7345.png,test
7346,7346,3036.0,lot11969,Edge-Ring,wf_image_7346.png,train
7347,7347,515.0,lot36881,Center,wf_image_7347.png,train
7348,7348,1135.0,lot42748,Random,wf_image_7348.png,train
7349,7349,3036.0,lot12757,Edge-Ring,wf_image_7349.png,test
7350,7350,515.0,lot36629,Center,wf_image_7350.png,train
7351,7351,562.0,lot46946,Edge-Loc,wf_image_7351.png,train
7352,7352,846.0,lot36104,Loc,wf_image_7352.png,val
7353,7353,515.0,lot10326,Center,wf_image_7353.png,cal
7354,7354,515.0,lot36592,Center,wf_image_7354.png,train
7355,7355,904.0,lot45642,Center,wf_image_7355.png,train
7356,7356,939.0,lot3893,Edge-Loc,wf_image_7356.png,val
7357,7357,515.0,lot35938,Center,wf_image_7357.png,test
7358,7358,1060.0,lot47464,Edge-Loc,wf_image_7358.png,test
7359,7359,516.0,lot43594,Loc,wf_image_7359.png,cal
7360,7360,12662.0,lot19864,Edge-Ring,wf_image_7360.png,val
7361,7361,12662.0,lot19849,Edge-Ring,wf_image_7361.png,cal
7362,7362,1291.0,lot10050,Edge-Ring,wf_image_7362.png,val
7363,7363,515.0,lot33097,Center,wf_image_7363.png,train
7364,7364,1801.0,lot8867,Edge-Ring,wf_image_7364.png,train
7365,7365,516.0,lot42934,Edge-Loc,wf_image_7365.png,train
7366,7366,1658.0,lot16554,Edge-Ring,wf_image_7366.png,train
7367,7367,776.0,lot41156,Edge-Loc,wf_image_7367.png,train
7368,7368,1999.0,lot15000,Edge-Ring,wf_image_7368.png,train
7369,7369,736.0,lot12438,Center,wf_image_7369.png,train
7370,7370,515.0,lot36675,Center,wf_image_7370.png,test
7371,7371,3036.0,lot12758,Edge-Ring,wf_image_7371.png,val
7372,7372,1060.0,lot47295,Scratch,wf_image_7372.png,val
7373,7373,2126.0,lot21038,Edge-Ring,wf_image_7373.png,cal
7374,7374,2126.0,lot21042,Edge-Ring,wf_image_7374.png,train
7375,7375,515.0,lot36838,Center,wf_image_7375.png,train
7376,7376,1129.0,lot5179,Edge-Loc,wf_image_7376.png,train
7377,7377,846.0,lot5621,Edge-Loc,wf_image_7377.png,train
7378,7378,1080.0,lot21484,Edge-Ring,wf_image_7378.png,val
7379,7379,518.0,lot43962,Edge-Ring,wf_image_7379.png,val
7380,7380,533.0,lot40626,Loc,wf_image_7380.png,train
7381,7381,3927.0,lot9148,Edge-Ring,wf_image_7381.png,train
7382,7382,1075.0,lot2756,Edge-Ring,wf_image_7382.png,test
7383,7383,1801.0,lot4666,Edge-Loc,wf_image_7383.png,cal
7384,7384,515.0,lot36884,Center,wf_image_7384.png,train
7385,7385,712.0,lot38694,Center,wf_image_7385.png,train
7386,7386,1334.0,lot45985,Random,wf_image_7386.png,cal
7387,7387,1060.0,lot47406,Scratch,wf_image_7387.png,train
7388,7388,1801.0,lot5902,Donut,wf_image_7388.png,train
7389,7389,518.0,lot44017,Edge-Loc,wf_image_7389.png,val
7390,7390,1109.0,lot45342,Edge-Loc,wf_image_7390.png,val
7391,7391,515.0,lot39558,Center,wf_image_7391.png,val
7392,7392,1334.0,lot17155,Donut,wf_image_7392.png,test
7393,7393,1109.0,lot45590,Loc,wf_image_7393.png,val
7394,7394,1075.0,lot13964,Edge-Ring,wf_image_7394.png,train
7395,7395,1129.0,lot42678,Edge-Loc,wf_image_7395.png,cal
7396,7396,2126.0,lot18019,Edge-Ring,wf_image_7396.png,train
7397,7397,12662.0,lot17000,Edge-Ring,wf_image_7397.png,train
7398,7398,1075.0,lot44167,Edge-Ring,wf_image_7398.png,cal
7399,7399,1109.0,lot45323,Edge-Loc,wf_image_7399.png,test
7400,7400,710.0,lot38100,Edge-Loc,wf_image_7400.png,train
7401,7401,1334.0,lot17149,Donut,wf_image_7401.png,train
7402,7402,939.0,lot6120,Edge-Loc,wf_image_7402.png,train
7403,7403,518.0,lot45258,Edge-Loc,wf_image_7403.png,train
7404,7404,1658.0,lot16599,Edge-Ring,wf_image_7404.png,val
7405,7405,518.0,lot43932,Loc,wf_image_7405.png,train
7406,7406,533.0,lot159,Random,wf_image_7406.png,train
7407,7407,1075.0,lot2526,Edge-Ring,wf_image_7407.png,train
7408,7408,12662.0,lot19856,Edge-Ring,wf_image_7408.png,train
7409,7409,1075.0,lot23107,Edge-Ring,wf_image_7409.png,train
7410,7410,3036.0,lot10186,Edge-Ring,wf_image_7410.png,test
7411,7411,515.0,lot36991,Center,wf_image_7411.png,train
7412,7412,1376.0,lot45863,Scratch,wf_image_7412.png,train
7413,7413,844.0,lot42361,Loc,wf_image_7413.png,train
7414,7414,515.0,lot36961,Center,wf_image_7414.png,train
7415,7415,1801.0,lot4084,Edge-Loc,wf_image_7415.png,train
7416,7416,2126.0,lot22477,Edge-Ring,wf_image_7416.png,val
7417,7417,939.0,lot8039,Edge-Loc,wf_image_7417.png,test
7418,7418,3927.0,lot9156,Edge-Ring,wf_image_7418.png,test
7419,7419,1999.0,lot14524,Edge-Ring,wf_image_7419.png,train
7420,7420,843.0,lot42207,Donut,wf_image_7420.png,test
7421,7421,1075.0,lot2508,Edge-Ring,wf_image_7421.png,val
7422,7422,3036.0,lot12767,Edge-Ring,wf_image_7422.png,test
7423,7423,516.0,lot43170,Center,wf_image_7423.png,test
7424,7424,516.0,lot43010,Loc,wf_image_7424.png,train
7425,7425,741.0,lot44336,Loc,wf_image_7425.png,train
7426,7426,1139.0,lot16894,Center,wf_image_7426.png,train
7427,7427,3036.0,lot11690,Edge-Ring,wf_image_7427.png,train
7428,7428,1334.0,lot17168,Donut,wf_image_7428.png,train
7429,7429,515.0,lot35921,Center,wf_image_7429.png,test
7430,7430,1376.0,lot45716,Loc,wf_image_7430.png,test
7431,7431,515.0,lot36893,Center,wf_image_7431.png,train
7432,7432,1129.0,lot42692,Random,wf_image_7432.png,train
7433,7433,3036.0,lot9337,Edge-Ring,wf_image_7433.png,train
7434,7434,533.0,lot40549,Center,wf_image_7434.png,train
7435,7435,3036.0,lot10184,Edge-Ring,wf_image_7435.png,test
7436,7436,1291.0,lot13712,Edge-Ring,wf_image_7436.png,val
7437,7437,1376.0,lot19250,Loc,wf_image_7437.png,test
7438,7438,1129.0,lot11022,Center,wf_image_7438.png,train
7439,7439,1421.0,lot44794,Edge-Ring,wf_image_7439.png,train
7440,7440,776.0,lot3219,Scratch,wf_image_7440.png,val
7441,7441,3036.0,lot12745,Edge-Ring,wf_image_7441.png,train
7442,7442,1080.0,lot21679,Donut,wf_image_7442.png,train
7443,7443,515.0,lot33096,Center,wf_image_7443.png,test
7444,7444,3036.0,lot10188,Edge-Ring,wf_image_7444.png,cal
7445,7445,3927.0,lot10008,Edge-Ring,wf_image_7445.png,test
7446,7446,516.0,lot42890,Edge-Loc,wf_image_7446.png,cal
7447,7447,1075.0,lot2488,Edge-Ring,wf_image_7447.png,train
7448,7448,776.0,lot40850,Edge-Loc,wf_image_7448.png,train
7449,7449,600.0,lot47517,Loc,wf_image_7449.png,train
7450,7450,1075.0,lot12909,Edge-Ring,wf_image_7450.png,cal
7451,7451,600.0,lot47505,Edge-Loc,wf_image_7451.png,train
7452,7452,939.0,lot7873,Loc,wf_image_7452.png,test
7453,7453,1075.0,lot2496,Edge-Ring,wf_image_7453.png,train
7454,7454,2126.0,lot22478,Edge-Ring,wf_image_7454.png,train
7455,7455,3036.0,lot12760,Edge-Ring,wf_image_7455.png,cal
7456,7456,515.0,lot35898,Center,wf_image_7456.png,train
7457,7457,562.0,lot47054,Edge-Loc,wf_image_7457.png,val
7458,7458,3036.0,lot11843,Edge-Ring,wf_image_7458.png,cal
7459,7459,845.0,lot42200,Donut,wf_image_7459.png,test
7460,7460,515.0,lot32047,Edge-Ring,wf_image_7460.png,cal
7461,7461,518.0,lot44906,Edge-Loc,wf_image_7461.png,train
7462,7462,1376.0,lot45701,Edge-Loc,wf_image_7462.png,train
7463,7463,733.0,lot33012,Scratch,wf_image_7463.png,val
7464,7464,1376.0,lot45851,Edge-Loc,wf_image_7464.png,test
7465,7465,533.0,lot40435,Edge-Loc,wf_image_7465.png,test
7466,7466,562.0,lot47032,Loc,wf_image_7466.png,train
7467,7467,1421.0,lot44803,Edge-Ring,wf_image_7467.png,train
7468,7468,3036.0,lot11969,Edge-Ring,wf_image_7468.png,train
7469,7469,1999.0,lot14822,Edge-Ring,wf_image_7469.png,train
7470,7470,2126.0,lot18380,Edge-Ring,wf_image_7470.png,train
7471,7471,845.0,lot42253,Edge-Loc,wf_image_7471.png,val
7472,7472,533.0,lot171,Random,wf_image_7472.png,train
7473,7473,904.0,lot45628,Center,wf_image_7473.png,test
7474,7474,515.0,lot33073,Center,wf_image_7474.png,test
7475,7475,516.0,lot42899,Loc,wf_image_7475.png,train
7476,7476,1075.0,lot25391,Edge-Ring,wf_image_7476.png,train
7477,7477,1376.0,lot16540,Loc,wf_image_7477.png,val
7478,7478,741.0,lot44503,Edge-Loc,wf_image_7478.png,train
7479,7479,2126.0,lot18023,Edge-Ring,wf_image_7479.png,train
7480,7480,1060.0,lot47297,Scratch,wf_image_7480.png,train
7481,7481,3927.0,lot9148,Edge-Ring,wf_image_7481.png,train
7482,7482,1075.0,lot2513,Edge-Ring,wf_image_7482.png,train
7483,7483,1075.0,lot12910,Edge-Ring,wf_image_7483.png,train
7484,7484,533.0,lot201,Loc,wf_image_7484.png,train
7485,7485,3036.0,lot11972,Edge-Ring,wf_image_7485.png,train
7486,7486,2126.0,lot22480,Edge-Ring,wf_image_7486.png,test
7487,7487,498.0,lot45126,Edge-Loc,wf_image_7487.png,test
7488,7488,533.0,lot40372,Center,wf_image_7488.png,train
7489,7489,562.0,lot47175,Loc,wf_image_7489.png,val
7490,7490,712.0,lot35789,Center,wf_image_7490.png,train
7491,7491,1421.0,lot44803,Edge-Ring,wf_image_7491.png,test
7492,7492,1658.0,lot19814,Edge-Ring,wf_image_7492.png,val
7493,7493,600.0,lot47519,Edge-Ring,wf_image_7493.png,test
7494,7494,844.0,lot42368,Edge-Ring,wf_image_7494.png,test
7495,7495,1075.0,lot13959,Edge-Ring,wf_image_7495.png,val
7496,7496,1075.0,lot13964,Edge-Ring,wf_image_7496.png,test
7497,7497,1075.0,lot2502,Edge-Ring,wf_image_7497.png,train
7498,7498,1075.0,lot13967,Edge-Ring,wf_image_7498.png,test
7499,7499,776.0,lot41070,Edge-Loc,wf_image_7499.png,train
7500,7500,515.0,lot36835,Center,wf_image_7500.png,train
7501,7501,1109.0,lot45411,Near-full,wf_image_7501.png,val
7502,7502,710.0,lot38289,Random,wf_image_7502.png,train
7503,7503,562.0,lot47101,Edge-Loc,wf_image_7503.png,train
7504,7504,1075.0,lot2502,Edge-Ring,wf_image_7504.png,test
7505,7505,1080.0,lot25451,Loc,wf_image_7505.png,test
7506,7506,1658.0,lot18375,Edge-Ring,wf_image_7506.png,train
7507,7507,1075.0,lot2488,Edge-Ring,wf_image_7507.png,val
7508,7508,2126.0,lot20903,Edge-Ring,wf_image_7508.png,cal
7509,7509,518.0,lot20772,Center,wf_image_7509.png,train
7510,7510,1075.0,lot2500,Edge-Ring,wf_image_7510.png,train
7511,7511,516.0,lot43266,Edge-Loc,wf_image_7511.png,val
7512,7512,733.0,lot35132,Center,wf_image_7512.png,train
7513,7513,1080.0,lot23173,Donut,wf_image_7513.png,train
7514,7514,1129.0,lot42649,Edge-Loc,wf_image_7514.png,train
7515,7515,736.0,lot12438,Center,wf_image_7515.png,train
7516,7516,845.0,lot42316,Edge-Loc,wf_image_7516.png,train
7517,7517,562.0,lot46731,Edge-Loc,wf_image_7517.png,train
7518,7518,2126.0,lot18018,Edge-Ring,wf_image_7518.png,train
7519,7519,3036.0,lot11879,Edge-Ring,wf_image_7519.png,val
7520,7520,515.0,lot36834,Center,wf_image_7520.png,test
7521,7521,518.0,lot43902,Loc,wf_image_7521.png,test
7522,7522,844.0,lot41969,Loc,wf_image_7522.png,train
7523,7523,1291.0,lot13715,Edge-Ring,wf_image_7523.png,val
7524,7524,3036.0,lot12756,Edge-Ring,wf_image_7524.png,cal
7525,7525,2126.0,lot20736,Edge-Ring,wf_image_7525.png,test
7526,7526,2126.0,lot21581,Edge-Ring,wf_image_7526.png,test
7527,7527,1376.0,lot45728,Edge-Loc,wf_image_7527.png,train
7528,7528,562.0,lot47157,Scratch,wf_image_7528.png,train
7529,7529,3036.0,lot2075,Edge-Ring,wf_image_7529.png,train
7530,7530,1291.0,lot11988,Edge-Ring,wf_image_7530.png,test
7531,7531,515.0,lot36707,Center,wf_image_7531.png,train
7532,7532,710.0,lot4384,Edge-Loc,wf_image_7532.png,train
7533,7533,1376.0,lot45860,Scratch,wf_image_7533.png,train
7534,7534,515.0,lot36718,Center,wf_image_7534.png,test
7535,7535,845.0,lot42312,Edge-Loc,wf_image_7535.png,train
7536,7536,1075.0,lot2514,Edge-Ring,wf_image_7536.png,train
7537,7537,515.0,lot35913,Center,wf_image_7537.png,test
7538,7538,1334.0,lot17114,Donut,wf_image_7538.png,test
7539,7539,1253.0,lot2693,Edge-Ring,wf_image_7539.png,test
7540,7540,1109.0,lot45579,Random,wf_image_7540.png,train
7541,7541,562.0,lot46791,Center,wf_image_7541.png,val
7542,7542,1060.0,lot40327,Edge-Loc,wf_image_7542.png,train
7543,7543,845.0,lot42271,Loc,wf_image_7543.png,train
7544,7544,3036.0,lot11857,Edge-Ring,wf_image_7544.png,val
7545,7545,712.0,lot41950,Random,wf_image_7545.png,train
7546,7546,939.0,lot5998,Loc,wf_image_7546.png,test
7547,7547,518.0,lot43965,Edge-Ring,wf_image_7547.png,train
7548,7548,1421.0,lot44786,Edge-Loc,wf_image_7548.png,val
7549,7549,1129.0,lot42684,Edge-Loc,wf_image_7549.png,cal
7550,7550,562.0,lot46844,Edge-Loc,wf_image_7550.png,train
7551,7551,846.0,lot5503,Edge-Loc,wf_image_7551.png,train
7552,7552,1109.0,lot45535,Center,wf_image_7552.png,train
7553,7553,600.0,lot47490,Scratch,wf_image_7553.png,train
7554,7554,3036.0,lot11967,Edge-Ring,wf_image_7554.png,train
7555,7555,515.0,lot10291,Center,wf_image_7555.png,train
7556,7556,600.0,lot47539,Scratch,wf_image_7556.png,cal
7557,7557,516.0,lot43540,Near-full,wf_image_7557.png,val
7558,7558,2126.0,lot18020,Edge-Ring,wf_image_7558.png,train
7559,7559,1291.0,lot7397,Edge-Ring,wf_image_7559.png,test
7560,7560,2126.0,lot22480,Edge-Ring,wf_image_7560.png,train
7561,7561,1658.0,lot16598,Edge-Ring,wf_image_7561.png,train
7562,7562,1075.0,lot2497,Edge-Ring,wf_image_7562.png,train
7563,7563,1109.0,lot45427,Center,wf_image_7563.png,train
7564,7564,3036.0,lot12764,Edge-Ring,wf_image_7564.png,train
7565,7565,533.0,lot40458,Loc,wf_image_7565.png,cal
7566,7566,1075.0,lot23098,Edge-Ring,wf_image_7566.png,train
7567,7567,12662.0,lot19848,Edge-Ring,wf_image_7567.png,cal
7568,7568,1075.0,lot11590,Edge-Ring,wf_image_7568.png,test
7569,7569,904.0,lot45637,Loc,wf_image_7569.png,cal
7570,7570,3036.0,lot12746,Edge-Ring,wf_image_7570.png,train
7571,7571,1999.0,lot15000,Edge-Ring,wf_image_7571.png,train
7572,7572,1334.0,lot17133,Donut,wf_image_7572.png,train
7573,7573,2126.0,lot21578,Edge-Ring,wf_image_7573.png,train
7574,7574,1075.0,lot12905,Edge-Ring,wf_image_7574.png,test
7575,7575,1376.0,lot45798,Edge-Loc,wf_image_7575.png,test
7576,7576,1999.0,lot14822,Edge-Ring,wf_image_7576.png,test
7577,7577,1075.0,lot2525,Edge-Ring,wf_image_7577.png,val
7578,7578,1334.0,lot45947,Loc,wf_image_7578.png,cal
7579,7579,1334.0,lot23195,Loc,wf_image_7579.png,test
7580,7580,3036.0,lot10187,Edge-Ring,wf_image_7580.png,train
7581,7581,515.0,lot39557,Center,wf_image_7581.png,val
7582,7582,1376.0,lot45823,Edge-Loc,wf_image_7582.png,val
7583,7583,515.0,lot36739,Center,wf_image_7583.png,train
7584,7584,1376.0,lot45730,Random,wf_image_7584.png,train
7585,7585,515.0,lot39610,Center,wf_image_7585.png,train
7586,7586,518.0,lot45278,Donut,wf_image_7586.png,train
7587,7587,3036.0,lot12759,Edge-Ring,wf_image_7587.png,test
7588,7588,844.0,lot42263,Random,wf_image_7588.png,test
7589,7589,3036.0,lot11970,Edge-Ring,wf_image_7589.png,test
7590,7590,733.0,lot39444,Center,wf_image_7590.png,test
7591,7591,533.0,lot40456,Loc,wf_image_7591.png,test
7592,7592,2126.0,lot18022,Edge-Ring,wf_image_7592.png,train
7593,7593,515.0,lot36595,Center,wf_image_7593.png,cal
7594,7594,712.0,lot27615,Edge-Ring,wf_image_7594.png,train
7595,7595,3927.0,lot9149,Edge-Ring,wf_image_7595.png,train
7596,7596,515.0,lot36764,Center,wf_image_7596.png,cal
7597,7597,2126.0,lot20730,Edge-Ring,wf_image_7597.png,train
7598,7598,12662.0,lot16999,Edge-Ring,wf_image_7598.png,cal
7599,7599,1376.0,lot45686,Edge-Loc,wf_image_7599.png,train
7600,7600,515.0,lot35917,Center,wf_image_7600.png,train
7601,7601,2126.0,lot18020,Edge-Ring,wf_image_7601.png,train
7602,7602,562.0,lot46952,Scratch,wf_image_7602.png,train
7603,7603,520.0,lot1637,Edge-Ring,wf_image_7603.png,train
7604,7604,3036.0,lot11880,Edge-Ring,wf_image_7604.png,cal
7605,7605,2126.0,lot18022,Edge-Ring,wf_image_7605.png,train
7606,7606,939.0,lot6020,Edge-Ring,wf_image_7606.png,train
7607,7607,1334.0,lot17169,Donut,wf_image_7607.png,train
7608,7608,1075.0,lot13964,Edge-Ring,wf_image_7608.png,train
7609,7609,939.0,lot6316,Loc,wf_image_7609.png,train
7610,7610,1075.0,lot2499,Edge-Ring,wf_image_7610.png,test
7611,7611,1801.0,lot6700,Edge-Loc,wf_image_7611.png,train
7612,7612,515.0,lot8220,Random,wf_image_7612.png,val
7613,7613,12662.0,lot19857,Edge-Ring,wf_image_7613.png,train
7614,7614,1999.0,lot14928,Edge-Ring,wf_image_7614.png,train
7615,7615,1075.0,lot2527,Edge-Ring,wf_image_7615.png,train
7616,7616,939.0,lot3842,Edge-Loc,wf_image_7616.png,train
7617,7617,3036.0,lot11966,Edge-Ring,wf_image_7617.png,train
7618,7618,562.0,lot46748,Edge-Loc,wf_image_7618.png,test
7619,7619,776.0,lot41149,Edge-Loc,wf_image_7619.png,train
7620,7620,3927.0,lot9150,Edge-Ring,wf_image_7620.png,cal
7621,7621,1376.0,lot45899,Center,wf_image_7621.png,cal
7622,7622,1075.0,lot2489,Edge-Ring,wf_image_7622.png,test
7623,7623,12662.0,lot19839,Edge-Ring,wf_image_7623.png,val
7624,7624,12662.0,lot17286,Edge-Ring,wf_image_7624.png,test
7625,7625,1129.0,lot42661,Edge-Loc,wf_image_7625.png,train
7626,7626,1334.0,lot17151,Donut,wf_image_7626.png,train
7627,7627,600.0,lot47499,Edge-Ring,wf_image_7627.png,train
7628,7628,1291.0,lot10049,Edge-Ring,wf_image_7628.png,test
7629,7629,1411.0,lot15567,Edge-Loc,wf_image_7629.png,cal
7630,7630,1060.0,lot47455,Edge-Loc,wf_image_7630.png,test
7631,7631,3927.0,lot9150,Edge-Ring,wf_image_7631.png,train
7632,7632,1060.0,lot47393,Loc,wf_image_7632.png,cal
7633,7633,2126.0,lot20133,Edge-Ring,wf_image_7633.png,test
7634,7634,1129.0,lot42712,Scratch,wf_image_7634.png,train
7635,7635,2126.0,lot20735,Edge-Ring,wf_image_7635.png,train
7636,7636,533.0,lot40562,Random,wf_image_7636.png,train
7637,7637,600.0,lot47534,Edge-Loc,wf_image_7637.png,test
7638,7638,1801.0,lot4641,Edge-Loc,wf_image_7638.png,train
7639,7639,562.0,lot46774,Edge-Ring,wf_image_7639.png,test
7640,7640,2126.0,lot20728,Edge-Ring,wf_image_7640.png,train
7641,7641,3036.0,lot2077,Edge-Ring,wf_image_7641.png,train
7642,7642,533.0,lot40502,Loc,wf_image_7642.png,train
7643,7643,515.0,lot36938,Center,wf_image_7643.png,cal
7644,7644,518.0,lot43979,Edge-Ring,wf_image_7644.png,train
7645,7645,3036.0,lot11967,Edge-Ring,wf_image_7645.png,test
7646,7646,1999.0,lot14768,Edge-Ring,wf_image_7646.png,train
7647,7647,516.0,lot43130,Loc,wf_image_7647.png,train
7648,7648,516.0,lot43495,Loc,wf_image_7648.png,train
7649,7649,776.0,lot41125,Loc,wf_image_7649.png,train
7650,7650,776.0,lot40942,Scratch,wf_image_7650.png,cal
7651,7651,515.0,lot35964,Center,wf_image_7651.png,train
7652,7652,515.0,lot36565,Center,wf_image_7652.png,test
7653,7653,1658.0,lot20568,Edge-Ring,wf_image_7653.png,train
7654,7654,518.0,lot43905,Edge-Loc,wf_image_7654.png,val
7655,7655,904.0,lot45630,Center,wf_image_7655.png,train
7656,7656,533.0,lot40561,Random,wf_image_7656.png,train
7657,7657,533.0,lot40518,Loc,wf_image_7657.png,train
7658,7658,1075.0,lot2520,Edge-Ring,wf_image_7658.png,test
7659,7659,562.0,lot46957,Edge-Loc,wf_image_7659.png,train
7660,7660,3036.0,lot12756,Edge-Ring,wf_image_7660.png,test
7661,7661,559.0,lot47047,Loc,wf_image_7661.png,train
7662,7662,2126.0,lot20903,Edge-Ring,wf_image_7662.png,val
7663,7663,3927.0,lot9147,Edge-Ring,wf_image_7663.png,test
7664,7664,904.0,lot9997,Center,wf_image_7664.png,train
7665,7665,515.0,lot39565,Center,wf_image_7665.png,train
7666,7666,600.0,lot47506,Edge-Loc,wf_image_7666.png,cal
7667,7667,741.0,lot44181,Near-full,wf_image_7667.png,train
7668,7668,1075.0,lot13959,Edge-Ring,wf_image_7668.png,train
7669,7669,516.0,lot43569,Center,wf_image_7669.png,cal
7670,7670,1075.0,lot2436,Edge-Ring,wf_image_7670.png,train
7671,7671,741.0,lot44522,Edge-Loc,wf_image_7671.png,cal
7672,7672,1075.0,lot44168,Edge-Ring,wf_image_7672.png,train
7673,7673,2126.0,lot20728,Edge-Ring,wf_image_7673.png,train
7674,7674,741.0,lot3191,Edge-Ring,wf_image_7674.png,cal
7675,7675,1060.0,lot47410,Edge-Loc,wf_image_7675.png,train
7676,7676,2126.0,lot22480,Edge-Ring,wf_image_7676.png,train
7677,7677,1801.0,lot4666,Edge-Loc,wf_image_7677.png,train
7678,7678,3036.0,lot2074,Edge-Ring,wf_image_7678.png,train
7679,7679,845.0,lot42279,Donut,wf_image_7679.png,train
7680,7680,939.0,lot6331,Loc,wf_image_7680.png,cal
7681,7681,710.0,lot33298,Edge-Loc,wf_image_7681.png,train
7682,7682,1075.0,lot2505,Edge-Ring,wf_image_7682.png,train
7683,7683,776.0,lot40795,Edge-Loc,wf_image_7683.png,val
7684,7684,518.0,lot43972,Scratch,wf_image_7684.png,cal
7685,7685,515.0,lot36546,Center,wf_image_7685.png,train
7686,7686,1376.0,lot45893,Edge-Loc,wf_image_7686.png,train
7687,7687,515.0,lot39609,Center,wf_image_7687.png,val
7688,7688,3036.0,lot11968,Edge-Ring,wf_image_7688.png,train
7689,7689,515.0,lot35909,Center,wf_image_7689.png,train
7690,7690,518.0,lot44908,Edge-Loc,wf_image_7690.png,train
7691,7691,741.0,lot2137,Scratch,wf_image_7691.png,train
7692,7692,845.0,lot42250,Donut,wf_image_7692.png,val
7693,7693,1796.0,lot4734,Edge-Loc,wf_image_7693.png,train
7694,7694,515.0,lot36835,Center,wf_image_7694.png,train
7695,7695,562.0,lot46795,Edge-Loc,wf_image_7695.png,train
7696,7696,712.0,lot39189,Center,wf_image_7696.png,test
7697,7697,1349.0,lot2428,Random,wf_image_7697.png,train
7698,7698,844.0,lot42194,Center,wf_image_7698.png,train
7699,7699,1334.0,lot45978,Scratch,wf_image_7699.png,train
7700,7700,1334.0,lot45985,Random,wf_image_7700.png,val
7701,7701,533.0,lot40661,Loc,wf_image_7701.png,train
7702,7702,1334.0,lot17184,Loc,wf_image_7702.png,train
7703,7703,733.0,lot39444,Center,wf_image_7703.png,val
7704,7704,516.0,lot43488,Loc,wf_image_7704.png,train
7705,7705,516.0,lot43584,Loc,wf_image_7705.png,train
7706,7706,844.0,lot42202,Edge-Loc,wf_image_7706.png,test
7707,7707,1334.0,lot17184,Loc,wf_image_7707.png,train
7708,7708,515.0,lot36865,Center,wf_image_7708.png,test
7709,7709,733.0,lot39443,Center,wf_image_7709.png,train
7710,7710,1109.0,lot45572,Edge-Loc,wf_image_7710.png,train
7711,7711,515.0,lot35917,Center,wf_image_7711.png,train
7712,7712,1139.0,lot42795,Loc,wf_image_7712.png,train
7713,7713,939.0,lot6119,Edge-Loc,wf_image_7713.png,train
7714,7714,12662.0,lot20604,Edge-Ring,wf_image_7714.png,test
7715,7715,1334.0,lot17189,Loc,wf_image_7715.png,cal
7716,7716,1109.0,lot45473,Loc,wf_image_7716.png,cal
7717,7717,1080.0,lot21697,Center,wf_image_7717.png,test
7718,7718,2126.0,lot21579,Edge-Ring,wf_image_7718.png,train
7719,7719,1334.0,lot17143,Donut,wf_image_7719.png,train
7720,7720,2126.0,lot20733,Edge-Ring,wf_image_7720.png,test
7721,7721,533.0,lot40658,Loc,wf_image_7721.png,train
7722,7722,741.0,lot44416,Loc,wf_image_7722.png,cal
7723,7723,904.0,lot45626,Center,wf_image_7723.png,val
7724,7724,1075.0,lot13965,Edge-Ring,wf_image_7724.png,test
7725,7725,1334.0,lot45985,Random,wf_image_7725.png,test
7726,7726,1060.0,lot47468,Edge-Loc,wf_image_7726.png,val
7727,7727,1658.0,lot19814,Edge-Ring,wf_image_7727.png,train
7728,7728,1080.0,lot23173,Loc,wf_image_7728.png,train
7729,7729,1226.0,lot22193,Center,wf_image_7729.png,train
7730,7730,3927.0,lot2534,Edge-Ring,wf_image_7730.png,train
7731,7731,1999.0,lot14919,Edge-Ring,wf_image_7731.png,val
7732,7732,518.0,lot44015,Edge-Ring,wf_image_7732.png,cal
7733,7733,845.0,lot42201,Scratch,wf_image_7733.png,train
7734,7734,518.0,lot44035,Random,wf_image_7734.png,train
7735,7735,1075.0,lot12905,Edge-Ring,wf_image_7735.png,train
7736,7736,520.0,lot1603,Edge-Loc,wf_image_7736.png,train
7737,7737,2126.0,lot20908,Edge-Ring,wf_image_7737.png,val
7738,7738,515.0,lot36695,Center,wf_image_7738.png,test
7739,7739,515.0,lot36739,Center,wf_image_7739.png,val
7740,7740,845.0,lot42196,Edge-Loc,wf_image_7740.png,train
7741,7741,2126.0,lot20737,Edge-Ring,wf_image_7741.png,test
7742,7742,1139.0,lot17486,Loc,wf_image_7742.png,train
7743,7743,515.0,lot35939,Center,wf_image_7743.png,train
7744,7744,904.0,lot45635,Random,wf_image_7744.png,test
7745,7745,3036.0,lot11631,Edge-Ring,wf_image_7745.png,train
7746,7746,846.0,lot36085,Edge-Loc,wf_image_7746.png,train
7747,7747,1376.0,lot45885,Edge-Loc,wf_image_7747.png,cal
7748,7748,939.0,lot6118,Edge-Loc,wf_image_7748.png,cal
7749,7749,1376.0,lot45859,Edge-Loc,wf_image_7749.png,train
7750,7750,3036.0,lot2077,Edge-Ring,wf_image_7750.png,train
7751,7751,2126.0,lot22486,Edge-Ring,wf_image_7751.png,test
7752,7752,845.0,lot42227,Loc,wf_image_7752.png,train
7753,7753,600.0,lot47489,Loc,wf_image_7753.png,train
7754,7754,3036.0,lot10187,Edge-Ring,wf_image_7754.png,train
7755,7755,1291.0,lot13715,Edge-Ring,wf_image_7755.png,test
7756,7756,1334.0,lot17116,Donut,wf_image_7756.png,train
7757,7757,3036.0,lot11966,Edge-Ring,wf_image_7757.png,train
7758,7758,3927.0,lot9154,Edge-Ring,wf_image_7758.png,test
7759,7759,1129.0,lot5687,Loc,wf_image_7759.png,val
7760,7760,12662.0,lot19851,Edge-Ring,wf_image_7760.png,train
7761,7761,1291.0,lot13709,Edge-Ring,wf_image_7761.png,test
7762,7762,1075.0,lot25393,Edge-Ring,wf_image_7762.png,cal
7763,7763,776.0,lot40995,Loc,wf_image_7763.png,cal
7764,7764,3036.0,lot11966,Edge-Ring,wf_image_7764.png,train
7765,7765,1253.0,lot2698,Random,wf_image_7765.png,val
7766,7766,845.0,lot42319,Loc,wf_image_7766.png,cal
7767,7767,3036.0,lot11690,Edge-Ring,wf_image_7767.png,train
7768,7768,846.0,lot7371,Edge-Ring,wf_image_7768.png,test
7769,7769,515.0,lot36633,Center,wf_image_7769.png,train
7770,7770,1109.0,lot45307,Random,wf_image_7770.png,val
7771,7771,515.0,lot35898,Center,wf_image_7771.png,cal
7772,7772,1334.0,lot17137,Donut,wf_image_7772.png,train
7773,7773,710.0,lot38405,Edge-Loc,wf_image_7773.png,val
7774,7774,1139.0,lot18808,Edge-Loc,wf_image_7774.png,train
7775,7775,600.0,lot47508,Edge-Ring,wf_image_7775.png,train
7776,7776,1060.0,lot47393,Edge-Ring,wf_image_7776.png,val
7777,7777,12662.0,lot19842,Edge-Ring,wf_image_7777.png,cal
7778,7778,1075.0,lot23104,Edge-Ring,wf_image_7778.png,test
7779,7779,1658.0,lot20569,Edge-Ring,wf_image_7779.png,cal
7780,7780,516.0,lot43370,Edge-Loc,wf_image_7780.png,train
7781,7781,3036.0,lot12758,Edge-Ring,wf_image_7781.png,cal
7782,7782,939.0,lot7854,Loc,wf_image_7782.png,train
7783,7783,518.0,lot45242,Loc,wf_image_7783.png,train
7784,7784,515.0,lot11055,Random,wf_image_7784.png,val
7785,7785,515.0,lot36549,Center,wf_image_7785.png,train
7786,7786,710.0,lot4395,Donut,wf_image_7786.png,train
7787,7787,515.0,lot35918,Center,wf_image_7787.png,test
7788,7788,3036.0,lot10182,Edge-Ring,wf_image_7788.png,cal
7789,7789,1075.0,lot2496,Edge-Ring,wf_image_7789.png,train
7790,7790,600.0,lot47517,Random,wf_image_7790.png,test
7791,7791,1291.0,lot11150,Edge-Ring,wf_image_7791.png,test
7792,7792,515.0,lot36670,Center,wf_image_7792.png,train
7793,7793,564.0,lot23112,Center,wf_image_7793.png,train
7794,7794,515.0,lot32896,Center,wf_image_7794.png,train
7795,7795,1376.0,lot45916,Scratch,wf_image_7795.png,test
7796,7796,533.0,lot158,Random,wf_image_7796.png,train
7797,7797,1075.0,lot2500,Edge-Ring,wf_image_7797.png,val
7798,7798,1129.0,lot42618,Scratch,wf_image_7798.png,train
7799,7799,1075.0,lot2509,Edge-Ring,wf_image_7799.png,train
7800,7800,1129.0,lot9344,Edge-Ring,wf_image_7800.png,train
7801,7801,1334.0,lot16989,Center,wf_image_7801.png,train
7802,7802,1075.0,lot13962,Edge-Ring,wf_image_7802.png,test
7803,7803,3036.0,lot9334,Edge-Ring,wf_image_7803.png,cal
7804,7804,710.0,lot38337,Loc,wf_image_7804.png,train
7805,7805,1999.0,lot15009,Edge-Ring,wf_image_7805.png,train
7806,7806,2126.0,lot20911,Edge-Ring,wf_image_7806.png,val
7807,7807,1291.0,lot10942,Edge-Loc,wf_image_7807.png,test
7808,7808,515.0,lot39511,Center,wf_image_7808.png,train
7809,7809,3927.0,lot9157,Edge-Ring,wf_image_7809.png,train
7810,7810,562.0,lot46911,Edge-Loc,wf_image_7810.png,cal
7811,7811,2126.0,lot22488,Edge-Ring,wf_image_7811.png,train
7812,7812,741.0,lot44331,Random,wf_image_7812.png,train
7813,7813,1080.0,lot24207,Donut,wf_image_7813.png,val
7814,7814,776.0,lot40912,Loc,wf_image_7814.png,cal
7815,7815,939.0,lot6060,Center,wf_image_7815.png,train
7816,7816,1999.0,lot14527,Edge-Ring,wf_image_7816.png,train
7817,7817,1109.0,lot45353,Edge-Loc,wf_image_7817.png,train
7818,7818,518.0,lot43964,Random,wf_image_7818.png,train
7819,7819,3036.0,lot12768,Edge-Ring,wf_image_7819.png,test
7820,7820,518.0,lot15491,Random,wf_image_7820.png,val
7821,7821,515.0,lot39567,Center,wf_image_7821.png,train
7822,7822,1658.0,lot18375,Edge-Ring,wf_image_7822.png,train
7823,7823,776.0,lot5800,Edge-Loc,wf_image_7823.png,val
7824,7824,3036.0,lot2075,Edge-Ring,wf_image_7824.png,train
7825,7825,1421.0,lot44807,Edge-Ring,wf_image_7825.png,train
7826,7826,1291.0,lot7397,Edge-Ring,wf_image_7826.png,train
7827,7827,3036.0,lot12760,Edge-Ring,wf_image_7827.png,test
7828,7828,1075.0,lot2498,Edge-Ring,wf_image_7828.png,cal
7829,7829,600.0,lot47487,Loc,wf_image_7829.png,test
7830,7830,939.0,lot3876,Edge-Ring,wf_image_7830.png,train
7831,7831,1075.0,lot23106,Edge-Ring,wf_image_7831.png,train
7832,7832,516.0,lot42927,Near-full,wf_image_7832.png,train
7833,7833,1075.0,lot2517,Edge-Ring,wf_image_7833.png,train
7834,7834,2126.0,lot20133,Edge-Ring,wf_image_7834.png,train
7835,7835,515.0,lot36991,Center,wf_image_7835.png,train
7836,7836,516.0,lot42939,Edge-Loc,wf_image_7836.png,test
7837,7837,845.0,lot41971,Donut,wf_image_7837.png,train
7838,7838,733.0,lot39505,Center,wf_image_7838.png,train
7839,7839,515.0,lot36766,Center,wf_image_7839.png,train
7840,7840,1075.0,lot2506,Edge-Ring,wf_image_7840.png,val
7841,7841,1109.0,lot45314,Loc,wf_image_7841.png,train
7842,7842,1109.0,lot45342,Edge-Loc,wf_image_7842.png,val
7843,7843,533.0,lot137,Edge-Loc,wf_image_7843.png,train
7844,7844,12662.0,lot19856,Edge-Ring,wf_image_7844.png,train
7845,7845,3036.0,lot11972,Edge-Ring,wf_image_7845.png,train
7846,7846,600.0,lot47507,Edge-Loc,wf_image_7846.png,train
7847,7847,733.0,lot39503,Center,wf_image_7847.png,train
7848,7848,3036.0,lot10187,Edge-Ring,wf_image_7848.png,train
7849,7849,515.0,lot3665,Edge-Loc,wf_image_7849.png,val
7850,7850,1349.0,lot2422,Random,wf_image_7850.png,val
7851,7851,1999.0,lot15009,Edge-Ring,wf_image_7851.png,val
7852,7852,776.0,lot8149,Edge-Loc,wf_image_7852.png,val
7853,7853,516.0,lot42955,Loc,wf_image_7853.png,cal
7854,7854,1421.0,lot44778,Edge-Ring,wf_image_7854.png,test
7855,7855,1658.0,lot16602,Edge-Ring,wf_image_7855.png,val
7856,7856,515.0,lot36635,Center,wf_image_7856.png,train
7857,7857,776.0,lot41035,Scratch,wf_image_7857.png,val
7858,7858,2126.0,lot20729,Edge-Ring,wf_image_7858.png,train
7859,7859,3927.0,lot2155,Edge-Ring,wf_image_7859.png,cal
7860,7860,846.0,lot5447,Loc,wf_image_7860.png,train
7861,7861,515.0,lot36681,Center,wf_image_7861.png,train
7862,7862,516.0,lot42915,Loc,wf_image_7862.png,cal
7863,7863,2126.0,lot20731,Edge-Ring,wf_image_7863.png,train
7864,7864,1060.0,lot47327,Loc,wf_image_7864.png,test
7865,7865,518.0,lot43958,Edge-Ring,wf_image_7865.png,val
7866,7866,515.0,lot32866,Center,wf_image_7866.png,train
7867,7867,515.0,lot36948,Edge-Loc,wf_image_7867.png,train
7868,7868,2126.0,lot20730,Edge-Ring,wf_image_7868.png,cal
7869,7869,2126.0,lot22477,Edge-Ring,wf_image_7869.png,train
7870,7870,3036.0,lot12754,Edge-Ring,wf_image_7870.png,val
7871,7871,939.0,lot6219,Edge-Loc,wf_image_7871.png,train
7872,7872,515.0,lot33064,Center,wf_image_7872.png,test
7873,7873,776.0,lot41053,Center,wf_image_7873.png,train
7874,7874,1075.0,lot12910,Edge-Ring,wf_image_7874.png,cal
7875,7875,1075.0,lot23106,Edge-Ring,wf_image_7875.png,train
7876,7876,1801.0,lot8892,Center,wf_image_7876.png,train
7877,7877,515.0,lot36681,Center,wf_image_7877.png,train
7878,7878,1075.0,lot2149,Edge-Ring,wf_image_7878.png,train
7879,7879,1075.0,lot13963,Edge-Ring,wf_image_7879.png,train
7880,7880,562.0,lot46835,Scratch,wf_image_7880.png,train
7881,7881,562.0,lot46808,Edge-Loc,wf_image_7881.png,train
7882,7882,904.0,lot45639,Center,wf_image_7882.png,train
7883,7883,1060.0,lot47441,Center,wf_image_7883.png,train
7884,7884,776.0,lot4950,Edge-Loc,wf_image_7884.png,test
7885,7885,2126.0,lot21563,Edge-Ring,wf_image_7885.png,train
7886,7886,1075.0,lot23105,Edge-Ring,wf_image_7886.png,test
7887,7887,710.0,lot33545,Edge-Loc,wf_image_7887.png,train
7888,7888,1075.0,lot2512,Edge-Ring,wf_image_7888.png,val
7889,7889,515.0,lot33075,Center,wf_image_7889.png,test
7890,7890,533.0,lot40566,Edge-Loc,wf_image_7890.png,train
7891,7891,1075.0,lot23102,Edge-Ring,wf_image_7891.png,test
7892,7892,3036.0,lot12763,Edge-Ring,wf_image_7892.png,val
7893,7893,776.0,lot40927,Scratch,wf_image_7893.png,train
7894,7894,845.0,lot42280,Edge-Loc,wf_image_7894.png,train
7895,7895,1080.0,lot18746,Edge-Ring,wf_image_7895.png,train
7896,7896,1376.0,lot45879,Edge-Loc,wf_image_7896.png,train
7897,7897,1075.0,lot2501,Edge-Ring,wf_image_7897.png,cal
7898,7898,1334.0,lot17184,Donut,wf_image_7898.png,train
7899,7899,516.0,lot43561,Loc,wf_image_7899.png,train
7900,7900,1999.0,lot15045,Edge-Ring,wf_image_7900.png,train
7901,7901,1299.0,lot43599,Scratch,wf_image_7901.png,train
7902,7902,845.0,lot42203,Donut,wf_image_7902.png,train
7903,7903,710.0,lot4409,Edge-Loc,wf_image_7903.png,train
7904,7904,515.0,lot36956,Center,wf_image_7904.png,train
7905,7905,1376.0,lot45687,Scratch,wf_image_7905.png,train
7906,7906,1421.0,lot44792,Loc,wf_image_7906.png,train
7907,7907,741.0,lot2406,Edge-Ring,wf_image_7907.png,train
7908,7908,1421.0,lot44816,Edge-Ring,wf_image_7908.png,train
7909,7909,1226.0,lot23603,Center,wf_image_7909.png,train
7910,7910,1075.0,lot2501,Edge-Ring,wf_image_7910.png,train
7911,7911,3927.0,lot9146,Edge-Ring,wf_image_7911.png,val
7912,7912,1060.0,lot47343,Scratch,wf_image_7912.png,train
7913,7913,1075.0,lot12907,Edge-Ring,wf_image_7913.png,test
7914,7914,1291.0,lot11671,Scratch,wf_image_7914.png,train
7915,7915,710.0,lot4800,Edge-Loc,wf_image_7915.png,train
7916,7916,516.0,lot42950,Random,wf_image_7916.png,train
7917,7917,1376.0,lot26625,Edge-Ring,wf_image_7917.png,train
7918,7918,516.0,lot42985,Edge-Loc,wf_image_7918.png,cal
7919,7919,1075.0,lot12909,Edge-Ring,wf_image_7919.png,train
7920,7920,1075.0,lot13966,Edge-Ring,wf_image_7920.png,train
7921,7921,3927.0,lot2153,Edge-Ring,wf_image_7921.png,train
7922,7922,2126.0,lot20728,Edge-Ring,wf_image_7922.png,train
7923,7923,1075.0,lot2521,Edge-Ring,wf_image_7923.png,val
7924,7924,1080.0,lot21758,Random,wf_image_7924.png,train
7925,7925,776.0,lot40787,Edge-Loc,wf_image_7925.png,test
7926,7926,741.0,lot44331,Scratch,wf_image_7926.png,test
7927,7927,1291.0,lot7397,Edge-Ring,wf_image_7927.png,train
7928,7928,844.0,lot42233,Scratch,wf_image_7928.png,train
7929,7929,733.0,lot39434,Center,wf_image_7929.png,train
7930,7930,2126.0,lot20909,Edge-Ring,wf_image_7930.png,cal
7931,7931,516.0,lot43578,Loc,wf_image_7931.png,train
7932,7932,846.0,lot36104,Loc,wf_image_7932.png,test
7933,7933,1075.0,lot13963,Edge-Ring,wf_image_7933.png,train
7934,7934,518.0,lot44032,Random,wf_image_7934.png,cal
7935,7935,12662.0,lot19852,Edge-Ring,wf_image_7935.png,cal
7936,7936,2126.0,lot20907,Edge-Ring,wf_image_7936.png,cal
7937,7937,1080.0,lot24205,Loc,wf_image_7937.png,train
7938,7938,1226.0,lot23658,Center,wf_image_7938.png,train
7939,7939,733.0,lot39451,Center,wf_image_7939.png,test
7940,7940,845.0,lot42208,Edge-Loc,wf_image_7940.png,cal
7941,7941,1129.0,lot11885,Edge-Ring,wf_image_7941.png,test
7942,7942,1658.0,lot18375,Edge-Ring,wf_image_7942.png,val
7943,7943,776.0,lot40797,Center,wf_image_7943.png,train
7944,7944,516.0,lot42895,Near-full,wf_image_7944.png,test
7945,7945,1291.0,lot12743,Edge-Ring,wf_image_7945.png,train
7946,7946,1109.0,lot45326,Edge-Loc,wf_image_7946.png,train
7947,7947,515.0,lot39653,Center,wf_image_7947.png,train
7948,7948,741.0,lot44304,Scratch,wf_image_7948.png,train
7949,7949,515.0,lot36674,Center,wf_image_7949.png,train
7950,7950,562.0,lot46935,Scratch,wf_image_7950.png,cal
7951,7951,515.0,lot36674,Center,wf_image_7951.png,train
7952,7952,1376.0,lot45738,Random,wf_image_7952.png,test
7953,7953,845.0,lot42310,Loc,wf_image_7953.png,cal
7954,7954,1334.0,lot17116,Donut,wf_image_7954.png,train
7955,7955,1349.0,lot2425,Random,wf_image_7955.png,test
7956,7956,1139.0,lot15563,Random,wf_image_7956.png,cal
7957,7957,1376.0,lot45882,Scratch,wf_image_7957.png,train
7958,7958,2126.0,lot21040,Edge-Ring,wf_image_7958.png,train
7959,7959,1334.0,lot17127,Donut,wf_image_7959.png,train
7960,7960,1060.0,lot47462,Center,wf_image_7960.png,test
7961,7961,515.0,lot37020,Center,wf_image_7961.png,train
7962,7962,710.0,lot33329,Edge-Loc,wf_image_7962.png,train
7963,7963,1075.0,lot2527,Edge-Ring,wf_image_7963.png,test
7964,7964,518.0,lot44002,Loc,wf_image_7964.png,test
7965,7965,1075.0,lot44163,Edge-Ring,wf_image_7965.png,train
7966,7966,1109.0,lot45569,Near-full,wf_image_7966.png,train
7967,7967,515.0,lot36696,Center,wf_image_7967.png,train
7968,7968,3036.0,lot12748,Edge-Ring,wf_image_7968.png,cal
7969,7969,1109.0,lot45344,Edge-Loc,wf_image_7969.png,train
7970,7970,533.0,lot42143,Scratch,wf_image_7970.png,val
7971,7971,1075.0,lot2508,Edge-Ring,wf_image_7971.png,train
7972,7972,1075.0,lot13960,Edge-Ring,wf_image_7972.png,test
7973,7973,2126.0,lot21043,Edge-Ring,wf_image_7973.png,test
7974,7974,533.0,lot42142,Loc,wf_image_7974.png,test
7975,7975,1075.0,lot2497,Edge-Ring,wf_image_7975.png,train
7976,7976,3036.0,lot12746,Edge-Ring,wf_image_7976.png,train
7977,7977,12662.0,lot19839,Edge-Ring,wf_image_7977.png,train
7978,7978,710.0,lot38442,Edge-Loc,wf_image_7978.png,train
7979,7979,3036.0,lot12747,Edge-Ring,wf_image_7979.png,train
7980,7980,1075.0,lot2514,Edge-Ring,wf_image_7980.png,test
7981,7981,3927.0,lot9155,Edge-Ring,wf_image_7981.png,train
7982,7982,904.0,lot45637,Loc,wf_image_7982.png,train
7983,7983,733.0,lot34957,Center,wf_image_7983.png,val
7984,7984,1658.0,lot19814,Edge-Ring,wf_image_7984.png,test
7985,7985,533.0,lot79,Loc,wf_image_7985.png,train
7986,7986,1075.0,lot2499,Edge-Ring,wf_image_7986.png,train
7987,7987,741.0,lot44530,Loc,wf_image_7987.png,cal
7988,7988,515.0,lot6153,Edge-Loc,wf_image_7988.png,train
7989,7989,515.0,lot36738,Center,wf_image_7989.png,train
7990,7990,12662.0,lot24524,Edge-Ring,wf_image_7990.png,val
7991,7991,3036.0,lot12766,Edge-Ring,wf_image_7991.png,train
7992,7992,533.0,lot40495,Near-full,wf_image_7992.png,train
7993,7993,1421.0,lot44786,Edge-Ring,wf_image_7993.png,val
7994,7994,515.0,lot36738,Center,wf_image_7994.png,train
7995,7995,1376.0,lot45770,Edge-Loc,wf_image_7995.png,val
7996,7996,533.0,lot40454,Scratch,wf_image_7996.png,cal
7997,7997,733.0,lot39444,Center,wf_image_7997.png,train
7998,7998,710.0,lot4233,Edge-Loc,wf_image_7998.png,train
7999,7999,3927.0,lot9149,Edge-Ring,wf_image_7999.png,train
8000,8000,776.0,lot2093,Edge-Loc,wf_image_8000.png,train
8001,8001,1349.0,lot2423,Random,wf_image_8001.png,val
8002,8002,1080.0,lot21741,Loc,wf_image_8002.png,train
8003,8003,3036.0,lot12745,Edge-Ring,wf_image_8003.png,val
8004,8004,562.0,lot47013,Edge-Ring,wf_image_8004.png,val
8005,8005,1075.0,lot23107,Edge-Ring,wf_image_8005.png,test
8006,8006,515.0,lot39609,Center,wf_image_8006.png,train
8007,8007,562.0,lot46912,Edge-Ring,wf_image_8007.png,train
8008,8008,600.0,lot47494,Loc,wf_image_8008.png,test
8009,8009,1075.0,lot2510,Edge-Ring,wf_image_8009.png,train
8010,8010,776.0,lot41104,Random,wf_image_8010.png,cal
8011,8011,1801.0,lot4724,Edge-Loc,wf_image_8011.png,train
8012,8012,515.0,lot36833,Center,wf_image_8012.png,train
8013,8013,1075.0,lot2436,Edge-Ring,wf_image_8013.png,train
8014,8014,518.0,lot43943,Loc,wf_image_8014.png,train
8015,8015,3927.0,lot9150,Edge-Ring,wf_image_8015.png,train
8016,8016,1075.0,lot44168,Near-full,wf_image_8016.png,test
8017,8017,562.0,lot46883,Edge-Loc,wf_image_8017.png,train
8018,8018,1129.0,lot11884,Edge-Ring,wf_image_8018.png,train
8019,8019,845.0,lot42230,Edge-Loc,wf_image_8019.png,cal
8020,8020,533.0,lot40450,Edge-Loc,wf_image_8020.png,train
8021,8021,516.0,lot43406,Random,wf_image_8021.png,test
8022,8022,1226.0,lot23658,Center,wf_image_8022.png,train
8023,8023,776.0,lot44092,Loc,wf_image_8023.png,train
8024,8024,1075.0,lot2436,Edge-Ring,wf_image_8024.png,cal
8025,8025,1801.0,lot4087,Edge-Loc,wf_image_8025.png,val
8026,8026,12662.0,lot24524,Edge-Ring,wf_image_8026.png,test
8027,8027,1334.0,lot17145,Donut,wf_image_8027.png,val
8028,8028,1129.0,lot11884,Edge-Ring,wf_image_8028.png,train
8029,8029,1109.0,lot45384,Donut,wf_image_8029.png,test
8030,8030,904.0,lot45623,Center,wf_image_8030.png,cal
8031,8031,518.0,lot44033,Center,wf_image_8031.png,train
8032,8032,1109.0,lot45576,Random,wf_image_8032.png,train
8033,8033,516.0,lot43542,Loc,wf_image_8033.png,train
8034,8034,2126.0,lot20903,Edge-Ring,wf_image_8034.png,train
8035,8035,844.0,lot42302,Loc,wf_image_8035.png,train
8036,8036,843.0,lot42322,Random,wf_image_8036.png,train
8037,8037,515.0,lot39512,Center,wf_image_8037.png,test
8038,8038,776.0,lot4140,Edge-Loc,wf_image_8038.png,test
8039,8039,1658.0,lot16607,Edge-Ring,wf_image_8039.png,val
8040,8040,1109.0,lot45584,Donut,wf_image_8040.png,train
8041,8041,1075.0,lot2503,Edge-Ring,wf_image_8041.png,test
8042,8042,2126.0,lot21578,Edge-Ring,wf_image_8042.png,train
8043,8043,712.0,lot41390,Random,wf_image_8043.png,train
8044,8044,12662.0,lot19856,Edge-Ring,wf_image_8044.png,train
8045,8045,600.0,lot47495,Edge-Loc,wf_image_8045.png,train
8046,8046,515.0,lot35913,Center,wf_image_8046.png,train
8047,8047,1075.0,lot2506,Edge-Ring,wf_image_8047.png,train
8048,8048,2126.0,lot21038,Edge-Ring,wf_image_8048.png,train
8049,8049,515.0,lot35905,Center,wf_image_8049.png,train
8050,8050,710.0,lot4789,Edge-Loc,wf_image_8050.png,train
8051,8051,3927.0,lot2155,Edge-Ring,wf_image_8051.png,val
8052,8052,1658.0,lot19814,Edge-Ring,wf_image_8052.png,train
8053,8053,3036.0,lot11967,Edge-Ring,wf_image_8053.png,test
8054,8054,1129.0,lot42660,Loc,wf_image_8054.png,train
8055,8055,515.0,lot39659,Center,wf_image_8055.png,train
8056,8056,515.0,lot36789,Center,wf_image_8056.png,val
8057,8057,1075.0,lot23097,Edge-Ring,wf_image_8057.png,train
8058,8058,776.0,lot41123,Random,wf_image_8058.png,train
8059,8059,776.0,lot40808,Edge-Loc,wf_image_8059.png,val
8060,8060,843.0,lot42337,Loc,wf_image_8060.png,test
8061,8061,1139.0,lot16895,Center,wf_image_8061.png,test
8062,8062,515.0,lot36982,Center,wf_image_8062.png,train
8063,8063,1075.0,lot2521,Edge-Ring,wf_image_8063.png,val
8064,8064,1075.0,lot2526,Edge-Ring,wf_image_8064.png,train
8065,8065,12662.0,lot19858,Edge-Ring,wf_image_8065.png,test
8066,8066,3036.0,lot9334,Edge-Ring,wf_image_8066.png,train
8067,8067,515.0,lot36662,Center,wf_image_8067.png,train
8068,8068,846.0,lot5623,Edge-Loc,wf_image_8068.png,cal
8069,8069,515.0,lot32896,Center,wf_image_8069.png,train
8070,8070,533.0,lot63,Random,wf_image_8070.png,train
8071,8071,1075.0,lot13961,Edge-Ring,wf_image_8071.png,cal
8072,8072,515.0,lot36898,Center,wf_image_8072.png,val
8073,8073,533.0,lot40496,Edge-Loc,wf_image_8073.png,train
8074,8074,2126.0,lot18023,Edge-Ring,wf_image_8074.png,cal
8075,8075,1304.0,lot4375,Edge-Ring,wf_image_8075.png,train
8076,8076,1658.0,lot16604,Edge-Ring,wf_image_8076.png,test
8077,8077,1109.0,lot45347,Center,wf_image_8077.png,cal
8078,8078,12662.0,lot19851,Edge-Ring,wf_image_8078.png,test
8079,8079,562.0,lot46996,Scratch,wf_image_8079.png,cal
8080,8080,516.0,lot42957,Near-full,wf_image_8080.png,cal
8081,8081,843.0,lot42193,Loc,wf_image_8081.png,train
8082,8082,2126.0,lot22490,Edge-Ring,wf_image_8082.png,test
8083,8083,843.0,lot42368,Edge-Loc,wf_image_8083.png,train
8084,8084,516.0,lot43584,Edge-Loc,wf_image_8084.png,test
8085,8085,710.0,lot38245,Edge-Loc,wf_image_8085.png,train
8086,8086,1334.0,lot17116,Donut,wf_image_8086.png,train
8087,8087,3036.0,lot9335,Edge-Ring,wf_image_8087.png,train
8088,8088,1060.0,lot47345,Edge-Ring,wf_image_8088.png,train
8089,8089,3036.0,lot10182,Edge-Ring,wf_image_8089.png,train
8090,8090,562.0,lot46806,Edge-Loc,wf_image_8090.png,train
8091,8091,2126.0,lot18020,Edge-Ring,wf_image_8091.png,train
8092,8092,2126.0,lot21559,Edge-Ring,wf_image_8092.png,train
8093,8093,3036.0,lot12748,Edge-Ring,wf_image_8093.png,train
8094,8094,904.0,lot45626,Random,wf_image_8094.png,train
8095,8095,776.0,lot40799,Loc,wf_image_8095.png,train
8096,8096,12662.0,lot19857,Edge-Ring,wf_image_8096.png,train
8097,8097,3036.0,lot11879,Edge-Ring,wf_image_8097.png,cal
8098,8098,1075.0,lot13962,Edge-Ring,wf_image_8098.png,test
8099,8099,1075.0,lot23097,Edge-Ring,wf_image_8099.png,cal
8100,8100,2126.0,lot22475,Edge-Ring,wf_image_8100.png,train
8101,8101,2126.0,lot18021,Edge-Ring,wf_image_8101.png,train
8102,8102,1658.0,lot20568,Edge-Ring,wf_image_8102.png,train
8103,8103,1109.0,lot45480,Center,wf_image_8103.png,train
8104,8104,515.0,lot39609,Center,wf_image_8104.png,train
8105,8105,12662.0,lot17286,Edge-Ring,wf_image_8105.png,val
8106,8106,2126.0,lot20732,Edge-Ring,wf_image_8106.png,val
8107,8107,515.0,lot36909,Center,wf_image_8107.png,val
8108,8108,515.0,lot36814,Center,wf_image_8108.png,test
8109,8109,736.0,lot42841,Random,wf_image_8109.png,cal
8110,8110,3036.0,lot11967,Edge-Ring,wf_image_8110.png,train
8111,8111,1109.0,lot45533,Center,wf_image_8111.png,train
8112,8112,3036.0,lot12765,Edge-Ring,wf_image_8112.png,train
8113,8113,776.0,lot44057,Edge-Loc,wf_image_8113.png,train
8114,8114,515.0,lot35945,Center,wf_image_8114.png,cal
8115,8115,741.0,lot44319,Loc,wf_image_8115.png,cal
8116,8116,515.0,lot10268,Center,wf_image_8116.png,train
8117,8117,1109.0,lot45332,Edge-Loc,wf_image_8117.png,train
8118,8118,2126.0,lot21560,Edge-Ring,wf_image_8118.png,val
8119,8119,845.0,lot42281,Loc,wf_image_8119.png,train
8120,8120,3036.0,lot12756,Edge-Ring,wf_image_8120.png,test
8121,8121,2126.0,lot20135,Edge-Ring,wf_image_8121.png,val
8122,8122,518.0,lot44028,Scratch,wf_image_8122.png,train
8123,8123,3036.0,lot11843,Edge-Ring,wf_image_8123.png,train
8124,8124,844.0,lot42305,Edge-Loc,wf_image_8124.png,train
8125,8125,845.0,lot7240,Loc,wf_image_8125.png,train
8126,8126,733.0,lot39452,Center,wf_image_8126.png,test
8127,8127,1109.0,lot45331,Edge-Loc,wf_image_8127.png,train
8128,8128,1075.0,lot2522,Edge-Ring,wf_image_8128.png,train
8129,8129,3036.0,lot12751,Edge-Ring,wf_image_8129.png,train
8130,8130,515.0,lot35961,Center,wf_image_8130.png,val
8131,8131,1109.0,lot45467,Loc,wf_image_8131.png,val
8132,8132,1658.0,lot23844,Edge-Ring,wf_image_8132.png,cal
8133,8133,1075.0,lot2515,Edge-Ring,wf_image_8133.png,train
8134,8134,2126.0,lot21563,Edge-Ring,wf_image_8134.png,train
8135,8135,1291.0,lot10942,Edge-Loc,wf_image_8135.png,val
8136,8136,533.0,lot40518,Loc,wf_image_8136.png,test
8137,8137,1291.0,lot13715,Edge-Ring,wf_image_8137.png,cal
8138,8138,562.0,lot47109,Loc,wf_image_8138.png,train
8139,8139,1334.0,lot17130,Donut,wf_image_8139.png,test
8140,8140,515.0,lot36656,Center,wf_image_8140.png,test
8141,8141,562.0,lot46952,Scratch,wf_image_8141.png,train
8142,8142,3036.0,lot10187,Edge-Ring,wf_image_8142.png,train
8143,8143,2126.0,lot20911,Edge-Ring,wf_image_8143.png,test
8144,8144,600.0,lot47503,Edge-Ring,wf_image_8144.png,train
8145,8145,2126.0,lot18021,Edge-Ring,wf_image_8145.png,val
8146,8146,904.0,lot45630,Center,wf_image_8146.png,val
8147,8147,1138.0,lot42769,Loc,wf_image_8147.png,val
8148,8148,1060.0,lot47330,Edge-Ring,wf_image_8148.png,val
8149,8149,1109.0,lot45355,Edge-Loc,wf_image_8149.png,val
8150,8150,1226.0,lot23640,Center,wf_image_8150.png,test
8151,8151,516.0,lot43268,Edge-Loc,wf_image_8151.png,train
8152,8152,3036.0,lot12767,Edge-Ring,wf_image_8152.png,test
8153,8153,842.0,lot42202,Loc,wf_image_8153.png,cal
8154,8154,3927.0,lot2534,Edge-Ring,wf_image_8154.png,train
8155,8155,776.0,lot41091,Scratch,wf_image_8155.png,train
8156,8156,1999.0,lot14768,Edge-Ring,wf_image_8156.png,cal
8157,8157,1075.0,lot44169,Edge-Ring,wf_image_8157.png,train
8158,8158,1421.0,lot44795,Edge-Ring,wf_image_8158.png,train
8159,8159,1075.0,lot25392,Edge-Ring,wf_image_8159.png,cal
8160,8160,3927.0,lot9146,Edge-Ring,wf_image_8160.png,test
8161,8161,710.0,lot4397,Donut,wf_image_8161.png,train
8162,8162,515.0,lot36674,Center,wf_image_8162.png,test
8163,8163,12662.0,lot24522,Edge-Ring,wf_image_8163.png,val
8164,8164,2126.0,lot18376,Edge-Ring,wf_image_8164.png,train
8165,8165,1999.0,lot14928,Edge-Ring,wf_image_8165.png,test
8166,8166,1376.0,lot45871,Edge-Ring,wf_image_8166.png,train
8167,8167,844.0,lot42336,Loc,wf_image_8167.png,train
8168,8168,2126.0,lot21042,Edge-Ring,wf_image_8168.png,train
8169,8169,515.0,lot39580,Center,wf_image_8169.png,cal
8170,8170,1080.0,lot18741,Edge-Ring,wf_image_8170.png,train
8171,8171,1334.0,lot17102,Random,wf_image_8171.png,train
8172,8172,1658.0,lot16601,Edge-Ring,wf_image_8172.png,train
8173,8173,741.0,lot44280,Loc,wf_image_8173.png,train
8174,8174,515.0,lot35907,Center,wf_image_8174.png,train
8175,8175,712.0,lot41566,Random,wf_image_8175.png,train
8176,8176,3927.0,lot11171,Edge-Ring,wf_image_8176.png,train
8177,8177,600.0,lot47541,Scratch,wf_image_8177.png,train
8178,8178,1226.0,lot23648,Center,wf_image_8178.png,train
8179,8179,600.0,lot47517,Edge-Loc,wf_image_8179.png,train
8180,8180,904.0,lot45628,Center,wf_image_8180.png,cal
8181,8181,515.0,lot10395,Center,wf_image_8181.png,val
8182,8182,12662.0,lot20610,Edge-Ring,wf_image_8182.png,train
8183,8183,518.0,lot45257,Loc,wf_image_8183.png,train
8184,8184,845.0,lot42218,Donut,wf_image_8184.png,train
8185,8185,562.0,lot46938,Edge-Ring,wf_image_8185.png,test
8186,8186,733.0,lot39434,Center,wf_image_8186.png,train
8187,8187,1109.0,lot45480,Center,wf_image_8187.png,cal
8188,8188,533.0,lot40484,Edge-Loc,wf_image_8188.png,train
8189,8189,904.0,lot9997,Center,wf_image_8189.png,train
8190,8190,3036.0,lot12746,Edge-Ring,wf_image_8190.png,train
8191,8191,515.0,lot39578,Center,wf_image_8191.png,train
8192,8192,1139.0,lot16915,Center,wf_image_8192.png,test
8193,8193,533.0,lot40493,Edge-Loc,wf_image_8193.png,train
8194,8194,3036.0,lot11856,Edge-Ring,wf_image_8194.png,train
8195,8195,515.0,lot36825,Center,wf_image_8195.png,train
8196,8196,1421.0,lot44810,Edge-Ring,wf_image_8196.png,test
8197,8197,1075.0,lot13963,Edge-Ring,wf_image_8197.png,test
8198,8198,516.0,lot42970,Center,wf_image_8198.png,cal
8199,8199,1304.0,lot4373,Edge-Loc,wf_image_8199.png,train
8200,8200,562.0,lot46831,Edge-Loc,wf_image_8200.png,train
8201,8201,1658.0,lot16603,Edge-Ring,wf_image_8201.png,train
8202,8202,515.0,lot32944,Center,wf_image_8202.png,val
8203,8203,845.0,lot7259,Loc,wf_image_8203.png,train
8204,8204,2126.0,lot22490,Edge-Ring,wf_image_8204.png,test
8205,8205,710.0,lot38286,Loc,wf_image_8205.png,train
8206,8206,518.0,lot44982,Scratch,wf_image_8206.png,train
8207,8207,1658.0,lot16606,Edge-Ring,wf_image_8207.png,train
8208,8208,1226.0,lot23657,Center,wf_image_8208.png,train
8209,8209,776.0,lot40890,Edge-Ring,wf_image_8209.png,test
8210,8210,776.0,lot40805,Loc,wf_image_8210.png,train
8211,8211,1075.0,lot44167,Edge-Ring,wf_image_8211.png,train
8212,8212,1291.0,lot7397,Edge-Ring,wf_image_8212.png,train
8213,8213,741.0,lot2464,Random,wf_image_8213.png,train
8214,8214,516.0,lot43578,Loc,wf_image_8214.png,cal
8215,8215,776.0,lot40767,Random,wf_image_8215.png,test
8216,8216,562.0,lot46963,Loc,wf_image_8216.png,train
8217,8217,3036.0,lot12745,Edge-Ring,wf_image_8217.png,test
8218,8218,515.0,lot39558,Center,wf_image_8218.png,train
8219,8219,1075.0,lot23103,Edge-Ring,wf_image_8219.png,train
8220,8220,741.0,lot44309,Loc,wf_image_8220.png,val
8221,8221,1075.0,lot25393,Edge-Ring,wf_image_8221.png,train
8222,8222,515.0,lot36694,Center,wf_image_8222.png,test
8223,8223,2126.0,lot21580,Edge-Ring,wf_image_8223.png,val
8224,8224,515.0,lot36695,Center,wf_image_8224.png,train
8225,8225,515.0,lot36565,Center,wf_image_8225.png,test
8226,8226,3036.0,lot12758,Edge-Ring,wf_image_8226.png,train
8227,8227,12662.0,lot19851,Edge-Ring,wf_image_8227.png,cal
8228,8228,3036.0,lot11971,Edge-Ring,wf_image_8228.png,cal
8229,8229,516.0,lot43131,Random,wf_image_8229.png,test
8230,8230,1109.0,lot45402,Center,wf_image_8230.png,train
8231,8231,741.0,lot44466,Scratch,wf_image_8231.png,train
8232,8232,515.0,lot36752,Center,wf_image_8232.png,train
8233,8233,518.0,lot43991,Edge-Ring,wf_image_8233.png,train
8234,8234,1080.0,lot26476,Edge-Loc,wf_image_8234.png,cal
8235,8235,3927.0,lot9154,Edge-Ring,wf_image_8235.png,test
8236,8236,733.0,lot39807,Loc,wf_image_8236.png,train
8237,8237,1109.0,lot45576,Near-full,wf_image_8237.png,val
8238,8238,1658.0,lot20569,Edge-Ring,wf_image_8238.png,cal
8239,8239,12662.0,lot19857,Edge-Ring,wf_image_8239.png,train
8240,8240,710.0,lot38351,Edge-Loc,wf_image_8240.png,val
8241,8241,1060.0,lot47471,Loc,wf_image_8241.png,train
8242,8242,515.0,lot36951,Center,wf_image_8242.png,train
8243,8243,1075.0,lot2518,Edge-Ring,wf_image_8243.png,val
8244,8244,562.0,lot46969,Center,wf_image_8244.png,train
8245,8245,562.0,lot47008,Edge-Loc,wf_image_8245.png,train
8246,8246,741.0,lot44287,Edge-Ring,wf_image_8246.png,train
8247,8247,1421.0,lot44797,Edge-Ring,wf_image_8247.png,val
8248,8248,516.0,lot43509,Edge-Loc,wf_image_8248.png,train
8249,8249,12662.0,lot17285,Edge-Ring,wf_image_8249.png,train
8250,8250,3036.0,lot2075,Edge-Ring,wf_image_8250.png,train
8251,8251,516.0,lot43507,Random,wf_image_8251.png,train
8252,8252,1075.0,lot13965,Edge-Ring,wf_image_8252.png,train
8253,8253,3036.0,lot3108,Donut,wf_image_8253.png,train
8254,8254,1421.0,lot44780,Edge-Ring,wf_image_8254.png,train
8255,8255,533.0,lot40388,Random,wf_image_8255.png,test
8256,8256,904.0,lot45629,Scratch,wf_image_8256.png,val
8257,8257,3036.0,lot12759,Edge-Ring,wf_image_8257.png,train
8258,8258,2126.0,lot20736,Edge-Ring,wf_image_8258.png,train
8259,8259,515.0,lot36845,Center,wf_image_8259.png,cal
8260,8260,1334.0,lot17137,Donut,wf_image_8260.png,cal
8261,8261,533.0,lot40617,Loc,wf_image_8261.png,cal
8262,8262,1334.0,lot17181,Center,wf_image_8262.png,test
8263,8263,533.0,lot40434,Edge-Loc,wf_image_8263.png,cal
8264,8264,1109.0,lot45549,Edge-Loc,wf_image_8264.png,train
8265,8265,1109.0,lot45573,Near-full,wf_image_8265.png,train
8266,8266,1334.0,lot17106,Donut,wf_image_8266.png,val
8267,8267,1060.0,lot47466,Edge-Loc,wf_image_8267.png,test
8268,8268,710.0,lot35418,Scratch,wf_image_8268.png,train
8269,8269,2126.0,lot21038,Edge-Ring,wf_image_8269.png,test
8270,8270,3036.0,lot11880,Edge-Ring,wf_image_8270.png,train
8271,8271,776.0,lot40995,Loc,wf_image_8271.png,test
8272,8272,515.0,lot36838,Center,wf_image_8272.png,test
8273,8273,741.0,lot44364,Edge-Loc,wf_image_8273.png,val
8274,8274,733.0,lot35096,Center,wf_image_8274.png,test
8275,8275,518.0,lot44859,Near-full,wf_image_8275.png,train
8276,8276,1080.0,lot21758,Random,wf_image_8276.png,train
8277,8277,904.0,lot45634,Random,wf_image_8277.png,train
8278,8278,515.0,lot39675,Center,wf_image_8278.png,val
8279,8279,2126.0,lot22473,Edge-Ring,wf_image_8279.png,test
8280,8280,533.0,lot40500,Loc,wf_image_8280.png,cal
8281,8281,1075.0,lot2494,Edge-Ring,wf_image_8281.png,train
8282,8282,515.0,lot36952,Center,wf_image_8282.png,test
8283,8283,904.0,lot45637,Loc,wf_image_8283.png,test
8284,8284,2126.0,lot20133,Edge-Ring,wf_image_8284.png,test
8285,8285,3036.0,lot12744,Edge-Ring,wf_image_8285.png,train
8286,8286,1421.0,lot44789,Edge-Ring,wf_image_8286.png,test
8287,8287,515.0,lot36722,Center,wf_image_8287.png,train
8288,8288,1080.0,lot21488,Loc,wf_image_8288.png,train
8289,8289,904.0,lot45638,Center,wf_image_8289.png,train
8290,8290,843.0,lot42321,Center,wf_image_8290.png,train
8291,8291,515.0,lot36639,Center,wf_image_8291.png,cal
8292,8292,533.0,lot211,Scratch,wf_image_8292.png,train
8293,8293,515.0,lot35913,Center,wf_image_8293.png,train
8294,8294,846.0,lot5290,Edge-Loc,wf_image_8294.png,test
8295,8295,515.0,lot36706,Center,wf_image_8295.png,train
8296,8296,776.0,lot44139,Center,wf_image_8296.png,train
8297,8297,2126.0,lot20907,Edge-Ring,wf_image_8297.png,test
8298,8298,562.0,lot46774,Loc,wf_image_8298.png,cal
8299,8299,515.0,lot36566,Center,wf_image_8299.png,test
8300,8300,845.0,lot7244,Loc,wf_image_8300.png,train
8301,8301,1376.0,lot45705,Edge-Loc,wf_image_8301.png,cal
8302,8302,1226.0,lot22260,Center,wf_image_8302.png,test
8303,8303,939.0,lot8006,Loc,wf_image_8303.png,test
8304,8304,1109.0,lot45340,Edge-Loc,wf_image_8304.png,cal
8305,8305,3036.0,lot11967,Edge-Ring,wf_image_8305.png,train
8306,8306,710.0,lot35351,Center,wf_image_8306.png,test
8307,8307,2126.0,lot18380,Edge-Ring,wf_image_8307.png,test
8308,8308,515.0,lot32947,Center,wf_image_8308.png,test
8309,8309,516.0,lot43548,Edge-Loc,wf_image_8309.png,test
8310,8310,776.0,lot41026,Loc,wf_image_8310.png,cal
8311,8311,2126.0,lot22477,Edge-Ring,wf_image_8311.png,cal
8312,8312,600.0,lot47527,Edge-Ring,wf_image_8312.png,cal
8313,8313,533.0,lot40556,Loc,wf_image_8313.png,test
8314,8314,516.0,lot43033,Center,wf_image_8314.png,train
8315,8315,516.0,lot43552,Loc,wf_image_8315.png,cal
8316,8316,1109.0,lot45328,Edge-Loc,wf_image_8316.png,train
8317,8317,1334.0,lot17141,Donut,wf_image_8317.png,train
8318,8318,904.0,lot45631,Center,wf_image_8318.png,test
8319,8319,1376.0,lot45769,Edge-Loc,wf_image_8319.png,val
8320,8320,3036.0,lot2074,Edge-Ring,wf_image_8320.png,train
8321,8321,1291.0,lot11150,Edge-Ring,wf_image_8321.png,train
8322,8322,1291.0,lot10049,Edge-Ring,wf_image_8322.png,train
8323,8323,1349.0,lot2425,Random,wf_image_8323.png,train
8324,8324,3036.0,lot12756,Edge-Ring,wf_image_8324.png,val
8325,8325,846.0,lot5389,Edge-Loc,wf_image_8325.png,train
8326,8326,518.0,lot45259,Random,wf_image_8326.png,train
8327,8327,3036.0,lot11878,Edge-Ring,wf_image_8327.png,train
8328,8328,1376.0,lot45719,Loc,wf_image_8328.png,test
8329,8329,1797.0,lot4724,Edge-Loc,wf_image_8329.png,train
8330,8330,516.0,lot43014,Loc,wf_image_8330.png,train
8331,8331,1421.0,lot44783,Edge-Ring,wf_image_8331.png,test
8332,8332,516.0,lot42931,Random,wf_image_8332.png,train
8333,8333,533.0,lot40566,Edge-Loc,wf_image_8333.png,val
8334,8334,2126.0,lot21578,Edge-Ring,wf_image_8334.png,cal
8335,8335,515.0,lot6177,Center,wf_image_8335.png,train
8336,8336,3927.0,lot9147,Edge-Ring,wf_image_8336.png,train
8337,8337,776.0,lot40959,Edge-Loc,wf_image_8337.png,test
8338,8338,1334.0,lot17149,Donut,wf_image_8338.png,train
8339,8339,533.0,lot40420,Edge-Loc,wf_image_8339.png,test
8340,8340,515.0,lot36597,Center,wf_image_8340.png,test
8341,8341,533.0,lot42145,Random,wf_image_8341.png,val
8342,8342,1109.0,lot45308,Edge-Loc,wf_image_8342.png,train
8343,8343,1075.0,lot23104,Edge-Ring,wf_image_8343.png,train
8344,8344,1129.0,lot42681,Edge-Loc,wf_image_8344.png,cal
8345,8345,776.0,lot4840,Edge-Loc,wf_image_8345.png,train
8346,8346,1060.0,lot47466,Edge-Loc,wf_image_8346.png,train
8347,8347,1334.0,lot17145,Donut,wf_image_8347.png,train
8348,8348,1334.0,lot45958,Edge-Loc,wf_image_8348.png,train
8349,8349,1421.0,lot44803,Edge-Ring,wf_image_8349.png,val
8350,8350,741.0,lot44477,Loc,wf_image_8350.png,train
8351,8351,741.0,lot44536,Edge-Loc,wf_image_8351.png,train
8352,8352,516.0,lot43487,Loc,wf_image_8352.png,train
8353,8353,939.0,lot6250,Edge-Loc,wf_image_8353.png,train
8354,8354,2126.0,lot22486,Edge-Ring,wf_image_8354.png,train
8355,8355,1349.0,lot2426,Random,wf_image_8355.png,test
8356,8356,1075.0,lot23103,Edge-Ring,wf_image_8356.png,train
8357,8357,1129.0,lot42636,Scratch,wf_image_8357.png,test
8358,8358,846.0,lot5347,Edge-Loc,wf_image_8358.png,test
8359,8359,515.0,lot36931,Center,wf_image_8359.png,train
8360,8360,562.0,lot47158,Scratch,wf_image_8360.png,train
8361,8361,600.0,lot47542,Edge-Loc,wf_image_8361.png,train
8362,8362,733.0,lot39504,Center,wf_image_8362.png,train
8363,8363,516.0,lot43539,Edge-Loc,wf_image_8363.png,test
8364,8364,1075.0,lot13969,Edge-Ring,wf_image_8364.png,train
8365,8365,516.0,lot43501,Edge-Loc,wf_image_8365.png,val
8366,8366,1129.0,lot42620,Loc,wf_image_8366.png,train
8367,8367,733.0,lot34953,Loc,wf_image_8367.png,val
8368,8368,1109.0,lot45424,Edge-Loc,wf_image_8368.png,cal
8369,8369,1060.0,lot47388,Random,wf_image_8369.png,train
8370,8370,2126.0,lot22479,Edge-Ring,wf_image_8370.png,train
8371,8371,533.0,lot108,Edge-Loc,wf_image_8371.png,test
8372,8372,3036.0,lot2076,Edge-Ring,wf_image_8372.png,train
8373,8373,1080.0,lot21654,Loc,wf_image_8373.png,val
8374,8374,1080.0,lot18737,Random,wf_image_8374.png,cal
8375,8375,845.0,lot7258,Loc,wf_image_8375.png,train
8376,8376,1075.0,lot23103,Edge-Ring,wf_image_8376.png,val
8377,8377,939.0,lot6227,Loc,wf_image_8377.png,val
8378,8378,515.0,lot36596,Center,wf_image_8378.png,train
8379,8379,1129.0,lot42646,Loc,wf_image_8379.png,train
8380,8380,3036.0,lot11437,Scratch,wf_image_8380.png,train
8381,8381,1109.0,lot45539,Center,wf_image_8381.png,cal
8382,8382,518.0,lot43994,Edge-Loc,wf_image_8382.png,cal
8383,8383,515.0,lot36695,Center,wf_image_8383.png,train
8384,8384,3927.0,lot9146,Edge-Ring,wf_image_8384.png,train
8385,8385,562.0,lot47051,Edge-Loc,wf_image_8385.png,test
8386,8386,1129.0,lot42695,Loc,wf_image_8386.png,cal
8387,8387,1421.0,lot44775,Edge-Ring,wf_image_8387.png,train
8388,8388,1376.0,lot45777,Scratch,wf_image_8388.png,train
8389,8389,515.0,lot36951,Center,wf_image_8389.png,train
8390,8390,776.0,lot41171,Scratch,wf_image_8390.png,val
8391,8391,515.0,lot36963,Center,wf_image_8391.png,cal
8392,8392,1376.0,lot45897,Edge-Loc,wf_image_8392.png,val
8393,8393,1658.0,lot23844,Edge-Ring,wf_image_8393.png,train
8394,8394,1334.0,lot23143,Random,wf_image_8394.png,test
8395,8395,2126.0,lot21040,Edge-Ring,wf_image_8395.png,test
8396,8396,2126.0,lot20909,Edge-Ring,wf_image_8396.png,val
8397,8397,1075.0,lot44171,Edge-Ring,wf_image_8397.png,train
8398,8398,1109.0,lot45346,Edge-Loc,wf_image_8398.png,train
8399,8399,3036.0,lot12745,Edge-Ring,wf_image_8399.png,train
8400,8400,12662.0,lot17000,Edge-Ring,wf_image_8400.png,cal
8401,8401,515.0,lot37012,Edge-Loc,wf_image_8401.png,train
8402,8402,1139.0,lot42804,Edge-Loc,wf_image_8402.png,cal
8403,8403,1658.0,lot16605,Edge-Ring,wf_image_8403.png,cal
8404,8404,1075.0,lot2437,Edge-Ring,wf_image_8404.png,train
8405,8405,1080.0,lot23518,Donut,wf_image_8405.png,train
8406,8406,1080.0,lot21463,Random,wf_image_8406.png,cal
8407,8407,533.0,lot40524,Edge-Loc,wf_image_8407.png,train
8408,8408,1060.0,lot47306,Center,wf_image_8408.png,val
8409,8409,1075.0,lot23109,Edge-Ring,wf_image_8409.png,train
8410,8410,1060.0,lot47470,Edge-Loc,wf_image_8410.png,train
8411,8411,3036.0,lot12759,Edge-Ring,wf_image_8411.png,cal
8412,8412,12662.0,lot19858,Edge-Ring,wf_image_8412.png,train
8413,8413,1139.0,lot15561,Random,wf_image_8413.png,train
8414,8414,515.0,lot11057,Random,wf_image_8414.png,cal
8415,8415,1134.0,lot42783,Loc,wf_image_8415.png,train
8416,8416,3927.0,lot9156,Edge-Ring,wf_image_8416.png,train
8417,8417,516.0,lot43560,Edge-Ring,wf_image_8417.png,val
8418,8418,3036.0,lot2076,Edge-Ring,wf_image_8418.png,cal
8419,8419,1334.0,lot17190,Loc,wf_image_8419.png,train
8420,8420,2126.0,lot20910,Edge-Ring,wf_image_8420.png,test
8421,8421,1075.0,lot13961,Edge-Ring,wf_image_8421.png,train
8422,8422,1636.0,lot24673,Edge-Loc,wf_image_8422.png,train
8423,8423,515.0,lot37014,Center,wf_image_8423.png,train
8424,8424,1075.0,lot23099,Edge-Ring,wf_image_8424.png,val
8425,8425,3036.0,lot11879,Edge-Ring,wf_image_8425.png,train
8426,8426,776.0,lot44140,Edge-Loc,wf_image_8426.png,cal
8427,8427,518.0,lot44014,Loc,wf_image_8427.png,test
8428,8428,1075.0,lot2505,Edge-Ring,wf_image_8428.png,train
8429,8429,1334.0,lot17154,Donut,wf_image_8429.png,val
8430,8430,1075.0,lot23098,Edge-Ring,wf_image_8430.png,train
8431,8431,518.0,lot43910,Center,wf_image_8431.png,train
8432,8432,533.0,lot64,Scratch,wf_image_8432.png,train
8433,8433,1291.0,lot10942,Edge-Loc,wf_image_8433.png,test
8434,8434,1129.0,lot42615,Loc,wf_image_8434.png,test
8435,8435,845.0,lot7240,Loc,wf_image_8435.png,test
8436,8436,2126.0,lot20737,Edge-Ring,wf_image_8436.png,val
8437,8437,3036.0,lot2076,Edge-Ring,wf_image_8437.png,train
8438,8438,710.0,lot38319,Edge-Loc,wf_image_8438.png,train
8439,8439,845.0,lot42301,Loc,wf_image_8439.png,cal
8440,8440,3036.0,lot12760,Edge-Ring,wf_image_8440.png,val
8441,8441,1376.0,lot45929,Donut,wf_image_8441.png,train
8442,8442,1801.0,lot4082,Edge-Loc,wf_image_8442.png,train
8443,8443,1421.0,lot44802,Edge-Ring,wf_image_8443.png,train
8444,8444,1999.0,lot14919,Edge-Ring,wf_image_8444.png,train
8445,8445,904.0,lot45642,Center,wf_image_8445.png,test
8446,8446,939.0,lot7994,Loc,wf_image_8446.png,test
8447,8447,1129.0,lot7464,Edge-Loc,wf_image_8447.png,test
8448,8448,1075.0,lot2527,Edge-Ring,wf_image_8448.png,test
8449,8449,844.0,lot42324,Loc,wf_image_8449.png,cal
8450,8450,844.0,lot42368,Edge-Loc,wf_image_8450.png,train
8451,8451,562.0,lot46960,Edge-Loc,wf_image_8451.png,train
8452,8452,533.0,lot40438,Random,wf_image_8452.png,train
8453,8453,600.0,lot47489,Scratch,wf_image_8453.png,cal
8454,8454,1060.0,lot47468,Edge-Loc,wf_image_8454.png,test
8455,8455,2126.0,lot18018,Edge-Ring,wf_image_8455.png,train
8456,8456,3036.0,lot12772,Edge-Ring,wf_image_8456.png,cal
8457,8457,1074.0,lot44169,Edge-Ring,wf_image_8457.png,test
8458,8458,939.0,lot6229,Loc,wf_image_8458.png,train
8459,8459,1060.0,lot47420,Scratch,wf_image_8459.png,train
8460,8460,1080.0,lot21444,Random,wf_image_8460.png,train
8461,8461,2126.0,lot20908,Edge-Ring,wf_image_8461.png,test
8462,8462,3927.0,lot9153,Edge-Ring,wf_image_8462.png,train
8463,8463,515.0,lot39565,Center,wf_image_8463.png,train
8464,8464,515.0,lot36765,Center,wf_image_8464.png,val
8465,8465,1421.0,lot44778,Edge-Ring,wf_image_8465.png,val
8466,8466,1349.0,lot2377,Random,wf_image_8466.png,cal
8467,8467,844.0,lot42368,Edge-Loc,wf_image_8467.png,test
8468,8468,1075.0,lot2517,Edge-Ring,wf_image_8468.png,train
8469,8469,1376.0,lot45801,Scratch,wf_image_8469.png,train
8470,8470,1999.0,lot14826,Edge-Ring,wf_image_8470.png,train
8471,8471,1376.0,lot45722,Scratch,wf_image_8471.png,train
8472,8472,904.0,lot45623,Loc,wf_image_8472.png,cal
8473,8473,1075.0,lot2149,Edge-Ring,wf_image_8473.png,val
8474,8474,1060.0,lot47433,Edge-Loc,wf_image_8474.png,train
8475,8475,2126.0,lot22477,Edge-Ring,wf_image_8475.png,test
8476,8476,776.0,lot41092,Edge-Loc,wf_image_8476.png,train
8477,8477,1376.0,lot45730,Edge-Loc,wf_image_8477.png,train
8478,8478,562.0,lot46740,Edge-Loc,wf_image_8478.png,train
8479,8479,1334.0,lot17191,Donut,wf_image_8479.png,val
8480,8480,1080.0,lot21715,Loc,wf_image_8480.png,train
8481,8481,3036.0,lot11232,Edge-Ring,wf_image_8481.png,val
8482,8482,1376.0,lot19252,Donut,wf_image_8482.png,val
8483,8483,710.0,lot38442,Edge-Loc,wf_image_8483.png,val
8484,8484,515.0,lot35917,Center,wf_image_8484.png,train
8485,8485,776.0,lot40951,Edge-Loc,wf_image_8485.png,test
8486,8486,600.0,lot47486,Edge-Loc,wf_image_8486.png,train
8487,8487,1060.0,lot47471,Loc,wf_image_8487.png,train
8488,8488,1800.0,lot4734,Edge-Loc,wf_image_8488.png,val
8489,8489,1074.0,lot44162,Edge-Ring,wf_image_8489.png,test
8490,8490,515.0,lot35960,Center,wf_image_8490.png,test
8491,8491,600.0,lot47491,Scratch,wf_image_8491.png,cal
8492,8492,1291.0,lot13709,Edge-Ring,wf_image_8492.png,train
8493,8493,515.0,lot36642,Center,wf_image_8493.png,train
8494,8494,12662.0,lot19856,Edge-Ring,wf_image_8494.png,train
8495,8495,1658.0,lot16536,Edge-Ring,wf_image_8495.png,cal
8496,8496,1075.0,lot23107,Edge-Ring,wf_image_8496.png,train
8497,8497,533.0,lot40425,Edge-Loc,wf_image_8497.png,train
8498,8498,515.0,lot36686,Center,wf_image_8498.png,train
8499,8499,1129.0,lot42633,Loc,wf_image_8499.png,test
8500,8500,904.0,lot45626,Center,wf_image_8500.png,train
8501,8501,515.0,lot36722,Center,wf_image_8501.png,test
8502,8502,3927.0,lot2153,Edge-Ring,wf_image_8502.png,train
8503,8503,516.0,lot43264,Random,wf_image_8503.png,train
8504,8504,515.0,lot36722,Center,wf_image_8504.png,train
8505,8505,497.0,lot45128,Loc,wf_image_8505.png,train
8506,8506,741.0,lot44545,Loc,wf_image_8506.png,train
8507,8507,1226.0,lot23664,Center,wf_image_8507.png,train
8508,8508,776.0,lot41026,Loc,wf_image_8508.png,train
8509,8509,776.0,lot40871,Scratch,wf_image_8509.png,test
8510,8510,1074.0,lot44166,Edge-Ring,wf_image_8510.png,cal
8511,8511,1376.0,lot45690,Loc,wf_image_8511.png,train
8512,8512,3927.0,lot2155,Edge-Ring,wf_image_8512.png,train
8513,8513,1075.0,lot44169,Edge-Ring,wf_image_8513.png,train
8514,8514,1129.0,lot42728,Loc,wf_image_8514.png,train
8515,8515,1080.0,lot18723,Random,wf_image_8515.png,train
8516,8516,710.0,lot4550,Scratch,wf_image_8516.png,train
8517,8517,1334.0,lot17178,Center,wf_image_8517.png,test
8518,8518,1075.0,lot13966,Edge-Ring,wf_image_8518.png,train
8519,8519,776.0,lot41057,Scratch,wf_image_8519.png,test
8520,8520,1080.0,lot21535,Random,wf_image_8520.png,test
8521,8521,904.0,lot45624,Center,wf_image_8521.png,test
8522,8522,515.0,lot35917,Center,wf_image_8522.png,test
8523,8523,1376.0,lot45762,Edge-Ring,wf_image_8523.png,train
8524,8524,1349.0,lot2429,Random,wf_image_8524.png,cal
8525,8525,1658.0,lot16606,Edge-Ring,wf_image_8525.png,train
8526,8526,12662.0,lot24523,Edge-Ring,wf_image_8526.png,train
8527,8527,1109.0,lot45566,Donut,wf_image_8527.png,cal
8528,8528,741.0,lot44243,Edge-Loc,wf_image_8528.png,train
8529,8529,741.0,lot44458,Loc,wf_image_8529.png,train
8530,8530,710.0,lot4203,Edge-Loc,wf_image_8530.png,train
8531,8531,1376.0,lot45756,Edge-Loc,wf_image_8531.png,test
8532,8532,1075.0,lot2511,Edge-Ring,wf_image_8532.png,train
8533,8533,562.0,lot46873,Edge-Loc,wf_image_8533.png,test
8534,8534,515.0,lot33078,Center,wf_image_8534.png,train
8535,8535,1291.0,lot10050,Edge-Ring,wf_image_8535.png,test
8536,8536,844.0,lot7241,Loc,wf_image_8536.png,train
8537,8537,710.0,lot35472,Center,wf_image_8537.png,train
8538,8538,904.0,lot45622,Center,wf_image_8538.png,train
8539,8539,1304.0,lot4371,Edge-Loc,wf_image_8539.png,train
8540,8540,2126.0,lot18017,Edge-Ring,wf_image_8540.png,train
8541,8541,1129.0,lot42718,Edge-Loc,wf_image_8541.png,train
8542,8542,12662.0,lot19852,Edge-Ring,wf_image_8542.png,val
8543,8543,515.0,lot36975,Center,wf_image_8543.png,test
8544,8544,1080.0,lot21611,Center,wf_image_8544.png,cal
8545,8545,1999.0,lot14760,Edge-Ring,wf_image_8545.png,test
8546,8546,1109.0,lot45573,Near-full,wf_image_8546.png,cal
8547,8547,516.0,lot43097,Edge-Loc,wf_image_8547.png,train
8548,8548,2126.0,lot20905,Edge-Ring,wf_image_8548.png,train
8549,8549,1075.0,lot2527,Edge-Ring,wf_image_8549.png,test
8550,8550,1109.0,lot45468,Center,wf_image_8550.png,test
8551,8551,12662.0,lot19842,Edge-Ring,wf_image_8551.png,test
8552,8552,1304.0,lot3298,Edge-Ring,wf_image_8552.png,cal
8553,8553,562.0,lot46800,Edge-Loc,wf_image_8553.png,train
8554,8554,1334.0,lot17150,Center,wf_image_8554.png,train
8555,8555,939.0,lot6022,Edge-Ring,wf_image_8555.png,train
8556,8556,515.0,lot36574,Center,wf_image_8556.png,train
8557,8557,2126.0,lot22486,Edge-Ring,wf_image_8557.png,train
8558,8558,12662.0,lot19848,Edge-Ring,wf_image_8558.png,train
8559,8559,904.0,lot45624,Center,wf_image_8559.png,train
8560,8560,3036.0,lot12748,Edge-Ring,wf_image_8560.png,train
8561,8561,939.0,lot6367,Loc,wf_image_8561.png,val
8562,8562,533.0,lot11000,Loc,wf_image_8562.png,train
8563,8563,2126.0,lot21042,Edge-Ring,wf_image_8563.png,train
8564,8564,516.0,lot42987,Loc,wf_image_8564.png,train
8565,8565,741.0,lot44215,Random,wf_image_8565.png,train
8566,8566,776.0,lot41041,Loc,wf_image_8566.png,test
8567,8567,844.0,lot42260,Random,wf_image_8567.png,cal
8568,8568,1075.0,lot2503,Edge-Ring,wf_image_8568.png,test
8569,8569,516.0,lot43568,Center,wf_image_8569.png,train
8570,8570,562.0,lot47086,Scratch,wf_image_8570.png,cal
8571,8571,516.0,lot43570,Loc,wf_image_8571.png,train
8572,8572,516.0,lot43256,Random,wf_image_8572.png,train
8573,8573,499.0,lot45216,Edge-Loc,wf_image_8573.png,cal
8574,8574,1075.0,lot13969,Edge-Ring,wf_image_8574.png,val
8575,8575,776.0,lot40838,Scratch,wf_image_8575.png,train
8576,8576,3036.0,lot11690,Edge-Ring,wf_image_8576.png,val
8577,8577,1291.0,lot12743,Edge-Ring,wf_image_8577.png,train
8578,8578,1334.0,lot17178,Donut,wf_image_8578.png,test
8579,8579,1334.0,lot17164,Loc,wf_image_8579.png,cal
8580,8580,776.0,lot41001,Edge-Loc,wf_image_8580.png,test
8581,8581,776.0,lot41065,Loc,wf_image_8581.png,cal
8582,8582,733.0,lot26836,Edge-Ring,wf_image_8582.png,val
8583,8583,515.0,lot36827,Center,wf_image_8583.png,train
8584,8584,1109.0,lot45403,Loc,wf_image_8584.png,val
8585,8585,2126.0,lot22490,Edge-Ring,wf_image_8585.png,val
8586,8586,741.0,lot44191,Edge-Loc,wf_image_8586.png,train
8587,8587,533.0,lot10590,Edge-Loc,wf_image_8587.png,cal
8588,8588,515.0,lot39691,Center,wf_image_8588.png,test
8589,8589,2126.0,lot22478,Edge-Ring,wf_image_8589.png,val
8590,8590,533.0,lot40625,Center,wf_image_8590.png,train
8591,8591,1421.0,lot44800,Edge-Ring,wf_image_8591.png,cal
8592,8592,1075.0,lot23101,Edge-Ring,wf_image_8592.png,test
8593,8593,845.0,lot42370,Donut,wf_image_8593.png,train
8594,8594,1421.0,lot44817,Edge-Ring,wf_image_8594.png,train
8595,8595,1075.0,lot12905,Edge-Ring,wf_image_8595.png,train
8596,8596,1075.0,lot2526,Edge-Ring,wf_image_8596.png,train
8597,8597,518.0,lot43988,Loc,wf_image_8597.png,train
8598,8598,1226.0,lot23595,Center,wf_image_8598.png,train
8599,8599,515.0,lot36994,Center,wf_image_8599.png,train
8600,8600,533.0,lot42157,Edge-Loc,wf_image_8600.png,train
8601,8601,939.0,lot7840,Random,wf_image_8601.png,train
8602,8602,843.0,lot42253,Donut,wf_image_8602.png,test
8603,8603,2126.0,lot21042,Edge-Ring,wf_image_8603.png,train
8604,8604,1658.0,lot23110,Edge-Ring,wf_image_8604.png,val
8605,8605,562.0,lot46800,Edge-Ring,wf_image_8605.png,train
8606,8606,1080.0,lot24207,Donut,wf_image_8606.png,test
8607,8607,1139.0,lot42778,Near-full,wf_image_8607.png,val
8608,8608,842.0,lot42271,Edge-Loc,wf_image_8608.png,train
8609,8609,939.0,lot7846,Loc,wf_image_8609.png,val
8610,8610,1075.0,lot12910,Edge-Ring,wf_image_8610.png,train
8611,8611,515.0,lot35898,Center,wf_image_8611.png,train
8612,8612,1075.0,lot2517,Edge-Ring,wf_image_8612.png,train
8613,8613,1129.0,lot42688,Center,wf_image_8613.png,train
8614,8614,3927.0,lot9152,Edge-Ring,wf_image_8614.png,train
8615,8615,518.0,lot43978,Edge-Loc,wf_image_8615.png,val
8616,8616,518.0,lot45275,Edge-Loc,wf_image_8616.png,train
8617,8617,1801.0,lot4647,Edge-Ring,wf_image_8617.png,train
8618,8618,845.0,lot42279,Donut,wf_image_8618.png,test
8619,8619,904.0,lot45624,Center,wf_image_8619.png,train
8620,8620,515.0,lot39622,Center,wf_image_8620.png,cal
8621,8621,1658.0,lot16606,Edge-Ring,wf_image_8621.png,train
8622,8622,1800.0,lot6697,Edge-Ring,wf_image_8622.png,train
8623,8623,1421.0,lot44807,Edge-Ring,wf_image_8623.png,test
8624,8624,1075.0,lot2505,Edge-Ring,wf_image_8624.png,cal
8625,8625,2126.0,lot20135,Edge-Ring,wf_image_8625.png,test
8626,8626,1376.0,lot45778,Edge-Loc,wf_image_8626.png,cal
8627,8627,518.0,lot43996,Edge-Ring,wf_image_8627.png,val
8628,8628,1109.0,lot45550,Scratch,wf_image_8628.png,cal
8629,8629,515.0,lot36826,Center,wf_image_8629.png,test
8630,8630,1075.0,lot13967,Edge-Ring,wf_image_8630.png,test
8631,8631,515.0,lot39556,Center,wf_image_8631.png,train
8632,8632,904.0,lot45646,Center,wf_image_8632.png,train
8633,8633,939.0,lot7939,Loc,wf_image_8633.png,train
8634,8634,1334.0,lot17148,Donut,wf_image_8634.png,train
8635,8635,515.0,lot36742,Center,wf_image_8635.png,test
8636,8636,1080.0,lot21649,Edge-Loc,wf_image_8636.png,train
8637,8637,515.0,lot33177,Center,wf_image_8637.png,val
8638,8638,1421.0,lot44811,Edge-Ring,wf_image_8638.png,test
8639,8639,776.0,lot44106,Edge-Loc,wf_image_8639.png,train
8640,8640,904.0,lot45624,Center,wf_image_8640.png,train
8641,8641,1109.0,lot45546,Edge-Loc,wf_image_8641.png,train
8642,8642,776.0,lot41020,Loc,wf_image_8642.png,train
8643,8643,1421.0,lot44795,Edge-Loc,wf_image_8643.png,train
8644,8644,562.0,lot46815,Edge-Loc,wf_image_8644.png,cal
8645,8645,776.0,lot40913,Edge-Loc,wf_image_8645.png,train
8646,8646,712.0,lot27615,Edge-Ring,wf_image_8646.png,cal
8647,8647,533.0,lot152,Random,wf_image_8647.png,val
8648,8648,1075.0,lot2519,Edge-Ring,wf_image_8648.png,train
8649,8649,562.0,lot47092,Scratch,wf_image_8649.png,train
8650,8650,518.0,lot45259,Random,wf_image_8650.png,train
8651,8651,1060.0,lot47407,Scratch,wf_image_8651.png,train
8652,8652,3927.0,lot2534,Edge-Ring,wf_image_8652.png,train
8653,8653,515.0,lot36809,Center,wf_image_8653.png,train
8654,8654,733.0,lot26846,Edge-Ring,wf_image_8654.png,cal
8655,8655,1075.0,lot2504,Edge-Ring,wf_image_8655.png,train
8656,8656,515.0,lot32893,Center,wf_image_8656.png,val
8657,8657,533.0,lot40665,Edge-Loc,wf_image_8657.png,cal
8658,8658,1075.0,lot13960,Edge-Ring,wf_image_8658.png,train
8659,8659,3036.0,lot12764,Edge-Ring,wf_image_8659.png,test
8660,8660,1109.0,lot45353,Edge-Loc,wf_image_8660.png,train
8661,8661,533.0,lot42158,Loc,wf_image_8661.png,train
8662,8662,1080.0,lot21748,Random,wf_image_8662.png,train
8663,8663,710.0,lot9295,Edge-Loc,wf_image_8663.png,cal
8664,8664,710.0,lot38650,Edge-Loc,wf_image_8664.png,cal
8665,8665,741.0,lot44524,Loc,wf_image_8665.png,test
8666,8666,1080.0,lot24200,Edge-Loc,wf_image_8666.png,val
8667,8667,533.0,lot40629,Center,wf_image_8667.png,train
8668,8668,533.0,lot40436,Edge-Loc,wf_image_8668.png,train
8669,8669,741.0,lot44315,Loc,wf_image_8669.png,train
8670,8670,741.0,lot2340,Edge-Ring,wf_image_8670.png,cal
8671,8671,515.0,lot36975,Center,wf_image_8671.png,cal
8672,8672,2126.0,lot22486,Edge-Ring,wf_image_8672.png,cal
8673,8673,1421.0,lot44778,Edge-Loc,wf_image_8673.png,test
8674,8674,1075.0,lot23098,Edge-Ring,wf_image_8674.png,val
8675,8675,1080.0,lot23498,Donut,wf_image_8675.png,test
8676,8676,1658.0,lot19814,Edge-Ring,wf_image_8676.png,train
8677,8677,776.0,lot41029,Edge-Loc,wf_image_8677.png,test
8678,8678,516.0,lot43390,Edge-Loc,wf_image_8678.png,cal
8679,8679,1658.0,lot20569,Edge-Ring,wf_image_8679.png,test
8680,8680,1226.0,lot15322,Edge-Loc,wf_image_8680.png,train
8681,8681,2126.0,lot20904,Edge-Ring,wf_image_8681.png,train
8682,8682,1658.0,lot16598,Edge-Ring,wf_image_8682.png,train
8683,8683,776.0,lot40908,Edge-Loc,wf_image_8683.png,test
8684,8684,1334.0,lot17169,Donut,wf_image_8684.png,train
8685,8685,1075.0,lot2436,Edge-Ring,wf_image_8685.png,train
8686,8686,939.0,lot6225,Loc,wf_image_8686.png,train
8687,8687,533.0,lot40434,Scratch,wf_image_8687.png,train
8688,8688,515.0,lot36669,Center,wf_image_8688.png,train
8689,8689,3036.0,lot12754,Edge-Ring,wf_image_8689.png,train
8690,8690,776.0,lot40949,Edge-Loc,wf_image_8690.png,test
8691,8691,3036.0,lot12747,Edge-Ring,wf_image_8691.png,train
8692,8692,2126.0,lot21039,Edge-Ring,wf_image_8692.png,train
8693,8693,564.0,lot24229,Center,wf_image_8693.png,train
8694,8694,518.0,lot45278,Loc,wf_image_8694.png,test
8695,8695,3036.0,lot12748,Edge-Ring,wf_image_8695.png,train
8696,8696,1226.0,lot22260,Center,wf_image_8696.png,train
8697,8697,776.0,lot40771,Edge-Loc,wf_image_8697.png,train
8698,8698,2126.0,lot18376,Edge-Ring,wf_image_8698.png,train
8699,8699,1376.0,lot45785,Loc,wf_image_8699.png,train
8700,8700,1075.0,lot2489,Edge-Ring,wf_image_8700.png,val
8701,8701,515.0,lot36669,Center,wf_image_8701.png,train
8702,8702,3036.0,lot11631,Edge-Ring,wf_image_8702.png,train
8703,8703,776.0,lot44085,Donut,wf_image_8703.png,train
8704,8704,1376.0,lot45870,Edge-Loc,wf_image_8704.png,train
8705,8705,845.0,lot42186,Edge-Loc,wf_image_8705.png,cal
8706,8706,2126.0,lot21044,Edge-Ring,wf_image_8706.png,train
8707,8707,1421.0,lot17374,Loc,wf_image_8707.png,cal
8708,8708,3036.0,lot9335,Edge-Ring,wf_image_8708.png,train
8709,8709,1075.0,lot23108,Edge-Ring,wf_image_8709.png,val
8710,8710,3036.0,lot11857,Edge-Ring,wf_image_8710.png,train
8711,8711,1334.0,lot17116,Donut,wf_image_8711.png,train
8712,8712,741.0,lot44308,Loc,wf_image_8712.png,train
8713,8713,1349.0,lot2425,Random,wf_image_8713.png,val
8714,8714,562.0,lot47122,Scratch,wf_image_8714.png,train
8715,8715,939.0,lot5944,Center,wf_image_8715.png,train
8716,8716,710.0,lot38606,Edge-Loc,wf_image_8716.png,test
8717,8717,515.0,lot39600,Center,wf_image_8717.png,cal
8718,8718,1801.0,lot6428,Edge-Loc,wf_image_8718.png,train
8719,8719,3036.0,lot12756,Edge-Ring,wf_image_8719.png,train
8720,8720,3036.0,lot12749,Edge-Ring,wf_image_8720.png,val
8721,8721,1080.0,lot18731,Edge-Ring,wf_image_8721.png,test
8722,8722,710.0,lot33400,Edge-Loc,wf_image_8722.png,train
8723,8723,939.0,lot3830,Loc,wf_image_8723.png,val
8724,8724,515.0,lot36599,Center,wf_image_8724.png,cal
8725,8725,1075.0,lot2495,Edge-Ring,wf_image_8725.png,cal
8726,8726,562.0,lot46869,Center,wf_image_8726.png,cal
8727,8727,939.0,lot6378,Center,wf_image_8727.png,cal
8728,8728,1349.0,lot2375,Random,wf_image_8728.png,val
8729,8729,776.0,lot4899,Edge-Loc,wf_image_8729.png,cal
8730,8730,1075.0,lot23104,Edge-Ring,wf_image_8730.png,test
8731,8731,904.0,lot45622,Center,wf_image_8731.png,test
8732,8732,741.0,lot44496,Loc,wf_image_8732.png,train
8733,8733,776.0,lot41172,Edge-Loc,wf_image_8733.png,cal
8734,8734,1658.0,lot16607,Edge-Ring,wf_image_8734.png,val
8735,8735,1636.0,lot17090,Center,wf_image_8735.png,test
8736,8736,3927.0,lot2155,Edge-Ring,wf_image_8736.png,train
8737,8737,515.0,lot6174,Center,wf_image_8737.png,val
8738,8738,1334.0,lot17137,Edge-Loc,wf_image_8738.png,cal
8739,8739,533.0,lot42157,Loc,wf_image_8739.png,train
8740,8740,12662.0,lot19864,Edge-Ring,wf_image_8740.png,train
8741,8741,515.0,lot32897,Center,wf_image_8741.png,train
8742,8742,776.0,lot4879,Edge-Loc,wf_image_8742.png,test
8743,8743,515.0,lot10362,Center,wf_image_8743.png,test
8744,8744,1334.0,lot17130,Donut,wf_image_8744.png,train
8745,8745,3036.0,lot11631,Edge-Ring,wf_image_8745.png,cal
8746,8746,533.0,lot123,Scratch,wf_image_8746.png,train
8747,8747,2126.0,lot21559,Edge-Ring,wf_image_8747.png,train
8748,8748,520.0,lot1639,Edge-Ring,wf_image_8748.png,train
8749,8749,710.0,lot4497,Edge-Loc,wf_image_8749.png,val
8750,8750,2126.0,lot20736,Edge-Ring,wf_image_8750.png,val
8751,8751,533.0,lot40650,Edge-Loc,wf_image_8751.png,val
8752,8752,1075.0,lot44171,Edge-Ring,wf_image_8752.png,train
8753,8753,1139.0,lot18868,Scratch,wf_image_8753.png,cal
8754,8754,1109.0,lot45474,Loc,wf_image_8754.png,test
8755,8755,515.0,lot36872,Center,wf_image_8755.png,train
8756,8756,12662.0,lot17285,Edge-Ring,wf_image_8756.png,train
8757,8757,904.0,lot45632,Center,wf_image_8757.png,test
8758,8758,3036.0,lot11878,Edge-Ring,wf_image_8758.png,train
8759,8759,2126.0,lot21044,Edge-Ring,wf_image_8759.png,test
8760,8760,846.0,lot36344,Edge-Loc,wf_image_8760.png,cal
8761,8761,1075.0,lot2504,Edge-Ring,wf_image_8761.png,test
8762,8762,776.0,lot8154,Center,wf_image_8762.png,test
8763,8763,2126.0,lot22478,Edge-Ring,wf_image_8763.png,cal
8764,8764,515.0,lot36838,Center,wf_image_8764.png,val
8765,8765,1349.0,lot2432,Random,wf_image_8765.png,train
8766,8766,600.0,lot47527,Loc,wf_image_8766.png,test
8767,8767,516.0,lot43178,Loc,wf_image_8767.png,train
8768,8768,1421.0,lot16404,Loc,wf_image_8768.png,test
8769,8769,1080.0,lot26301,Edge-Loc,wf_image_8769.png,train
8770,8770,845.0,lot42317,Loc,wf_image_8770.png,train
8771,8771,845.0,lot42233,Edge-Loc,wf_image_8771.png,train
8772,8772,2126.0,lot22488,Edge-Ring,wf_image_8772.png,train
8773,8773,562.0,lot47151,Edge-Loc,wf_image_8773.png,test
8774,8774,515.0,lot36710,Center,wf_image_8774.png,cal
8775,8775,1129.0,lot42636,Edge-Loc,wf_image_8775.png,cal
8776,8776,776.0,lot40856,Edge-Loc,wf_image_8776.png,test
8777,8777,533.0,lot40347,Edge-Loc,wf_image_8777.png,cal
8778,8778,3927.0,lot9154,Edge-Ring,wf_image_8778.png,cal
8779,8779,1074.0,lot44163,Edge-Ring,wf_image_8779.png,train
8780,8780,776.0,lot4139,Edge-Loc,wf_image_8780.png,train
8781,8781,515.0,lot36688,Center,wf_image_8781.png,train
8782,8782,1075.0,lot23102,Edge-Ring,wf_image_8782.png,val
8783,8783,1074.0,lot44162,Edge-Ring,wf_image_8783.png,test
8784,8784,1109.0,lot45307,Edge-Loc,wf_image_8784.png,test
8785,8785,1376.0,lot45860,Scratch,wf_image_8785.png,test
8786,8786,1658.0,lot16603,Edge-Ring,wf_image_8786.png,cal
8787,8787,533.0,lot40375,Random,wf_image_8787.png,cal
8788,8788,12662.0,lot17286,Edge-Ring,wf_image_8788.png,val
8789,8789,733.0,lot35025,Center,wf_image_8789.png,val
8790,8790,515.0,lot35960,Center,wf_image_8790.png,train
8791,8791,12662.0,lot19852,Edge-Ring,wf_image_8791.png,train
8792,8792,741.0,lot3073,Edge-Ring,wf_image_8792.png,train
8793,8793,1129.0,lot42627,Loc,wf_image_8793.png,train
8794,8794,1075.0,lot2500,Edge-Ring,wf_image_8794.png,train
8795,8795,1109.0,lot45417,Scratch,wf_image_8795.png,train
8796,8796,1109.0,lot45317,Random,wf_image_8796.png,train
8797,8797,1109.0,lot45336,Edge-Loc,wf_image_8797.png,train
8798,8798,1075.0,lot2499,Edge-Ring,wf_image_8798.png,test
8799,8799,562.0,lot47039,Scratch,wf_image_8799.png,train
8800,8800,939.0,lot7864,Loc,wf_image_8800.png,train
8801,8801,1109.0,lot45310,Edge-Loc,wf_image_8801.png,train
8802,8802,515.0,lot32972,Center,wf_image_8802.png,train
8803,8803,1109.0,lot45335,Edge-Loc,wf_image_8803.png,test
8804,8804,516.0,lot43460,Scratch,wf_image_8804.png,val
8805,8805,2126.0,lot22483,Edge-Ring,wf_image_8805.png,train
8806,8806,2126.0,lot21044,Edge-Ring,wf_image_8806.png,train
8807,8807,515.0,lot36914,Center,wf_image_8807.png,cal
8808,8808,1999.0,lot14768,Edge-Ring,wf_image_8808.png,cal
8809,8809,1080.0,lot23518,Donut,wf_image_8809.png,test
8810,8810,515.0,lot36671,Center,wf_image_8810.png,cal
8811,8811,1376.0,lot45876,Edge-Loc,wf_image_8811.png,val
8812,8812,904.0,lot45650,Loc,wf_image_8812.png,train
8813,8813,516.0,lot42976,Edge-Loc,wf_image_8813.png,train
8814,8814,1060.0,lot47464,Edge-Loc,wf_image_8814.png,test
8815,8815,515.0,lot36673,Center,wf_image_8815.png,test
8816,8816,710.0,lot4176,Edge-Loc,wf_image_8816.png,train
8817,8817,1226.0,lot19237,Center,wf_image_8817.png,test
8818,8818,1658.0,lot16605,Edge-Ring,wf_image_8818.png,train
8819,8819,1075.0,lot23098,Edge-Ring,wf_image_8819.png,train
8820,8820,1226.0,lot19237,Center,wf_image_8820.png,test
8821,8821,1075.0,lot2151,Edge-Ring,wf_image_8821.png,train
8822,8822,1421.0,lot44804,Edge-Loc,wf_image_8822.png,train
8823,8823,2126.0,lot20905,Edge-Ring,wf_image_8823.png,train
8824,8824,2126.0,lot21578,Edge-Ring,wf_image_8824.png,train
8825,8825,533.0,lot40641,Random,wf_image_8825.png,train
8826,8826,515.0,lot39610,Center,wf_image_8826.png,cal
8827,8827,1129.0,lot42718,Center,wf_image_8827.png,cal
8828,8828,515.0,lot32781,Center,wf_image_8828.png,test
8829,8829,518.0,lot43930,Edge-Loc,wf_image_8829.png,train
8830,8830,1133.0,lot42739,Loc,wf_image_8830.png,val
8831,8831,939.0,lot7847,Center,wf_image_8831.png,test
8832,8832,1109.0,lot45329,Edge-Loc,wf_image_8832.png,train
8833,8833,1075.0,lot23100,Edge-Ring,wf_image_8833.png,train
8834,8834,3036.0,lot12758,Edge-Ring,wf_image_8834.png,train
8835,8835,2126.0,lot22480,Edge-Ring,wf_image_8835.png,train
8836,8836,843.0,lot42291,Donut,wf_image_8836.png,test
8837,8837,533.0,lot40510,Edge-Loc,wf_image_8837.png,train
8838,8838,12662.0,lot24522,Edge-Ring,wf_image_8838.png,train
8839,8839,2126.0,lot20733,Edge-Ring,wf_image_8839.png,train
8840,8840,515.0,lot10395,Center,wf_image_8840.png,train
8841,8841,2126.0,lot20737,Edge-Ring,wf_image_8841.png,test
8842,8842,1421.0,lot44802,Edge-Ring,wf_image_8842.png,train
8843,8843,776.0,lot44126,Center,wf_image_8843.png,train
8844,8844,2126.0,lot21563,Edge-Ring,wf_image_8844.png,train
8845,8845,3927.0,lot9146,Edge-Ring,wf_image_8845.png,train
8846,8846,845.0,lot42234,Edge-Loc,wf_image_8846.png,test
8847,8847,1080.0,lot18714,Edge-Ring,wf_image_8847.png,cal
8848,8848,846.0,lot36079,Edge-Loc,wf_image_8848.png,train
8849,8849,518.0,lot43988,Edge-Ring,wf_image_8849.png,test
8850,8850,741.0,lot44352,Loc,wf_image_8850.png,train
8851,8851,776.0,lot41153,Loc,wf_image_8851.png,train
8852,8852,1376.0,lot24562,Edge-Loc,wf_image_8852.png,train
8853,8853,733.0,lot39440,Center,wf_image_8853.png,train
8854,8854,1226.0,lot20982,Center,wf_image_8854.png,val
8855,8855,515.0,lot35897,Center,wf_image_8855.png,cal
8856,8856,2126.0,lot18380,Edge-Ring,wf_image_8856.png,test
8857,8857,1080.0,lot23173,Center,wf_image_8857.png,train
8858,8858,846.0,lot40138,Loc,wf_image_8858.png,train
8859,8859,1291.0,lot13717,Edge-Ring,wf_image_8859.png,train
8860,8860,2126.0,lot22476,Edge-Ring,wf_image_8860.png,test
8861,8861,515.0,lot35911,Center,wf_image_8861.png,val
8862,8862,1334.0,lot17184,Donut,wf_image_8862.png,train
8863,8863,1226.0,lot19243,Center,wf_image_8863.png,test
8864,8864,515.0,lot39565,Center,wf_image_8864.png,train
8865,8865,2126.0,lot21580,Edge-Ring,wf_image_8865.png,train
8866,8866,1291.0,lot11150,Edge-Ring,wf_image_8866.png,test
8867,8867,518.0,lot44018,Center,wf_image_8867.png,cal
8868,8868,1109.0,lot45571,Random,wf_image_8868.png,train
8869,8869,515.0,lot36722,Center,wf_image_8869.png,train
8870,8870,2126.0,lot20732,Edge-Ring,wf_image_8870.png,val
8871,8871,844.0,lot42195,Loc,wf_image_8871.png,test
8872,8872,1060.0,lot47269,Scratch,wf_image_8872.png,train
8873,8873,939.0,lot6008,Loc,wf_image_8873.png,test
8874,8874,776.0,lot40887,Loc,wf_image_8874.png,train
8875,8875,844.0,lot42368,Edge-Loc,wf_image_8875.png,val
8876,8876,2126.0,lot21579,Edge-Ring,wf_image_8876.png,train
8877,8877,515.0,lot36974,Center,wf_image_8877.png,train
8878,8878,1334.0,lot17102,Random,wf_image_8878.png,test
8879,8879,1075.0,lot2521,Edge-Ring,wf_image_8879.png,cal
8880,8880,515.0,lot36947,Center,wf_image_8880.png,test
8881,8881,1075.0,lot2498,Edge-Ring,wf_image_8881.png,train
8882,8882,1421.0,lot44789,Edge-Ring,wf_image_8882.png,val
8883,8883,600.0,lot47532,Edge-Ring,wf_image_8883.png,train
8884,8884,12662.0,lot19849,Edge-Ring,wf_image_8884.png,test
8885,8885,845.0,lot42251,Scratch,wf_image_8885.png,val
8886,8886,600.0,lot47509,Edge-Ring,wf_image_8886.png,cal
8887,8887,3036.0,lot3108,Edge-Ring,wf_image_8887.png,train
8888,8888,600.0,lot47487,Edge-Loc,wf_image_8888.png,val
8889,8889,1334.0,lot17164,Edge-Loc,wf_image_8889.png,test
8890,8890,12662.0,lot17262,Edge-Ring,wf_image_8890.png,cal
8891,8891,1349.0,lot2426,Random,wf_image_8891.png,test
8892,8892,1139.0,lot15561,Random,wf_image_8892.png,train
8893,8893,844.0,lot7241,Loc,wf_image_8893.png,val
8894,8894,904.0,lot45635,Center,wf_image_8894.png,cal
8895,8895,776.0,lot44054,Center,wf_image_8895.png,test
8896,8896,1139.0,lot16936,Edge-Loc,wf_image_8896.png,test
8897,8897,518.0,lot44010,Edge-Ring,wf_image_8897.png,train
8898,8898,1376.0,lot45895,Edge-Loc,wf_image_8898.png,train
8899,8899,533.0,lot8343,Random,wf_image_8899.png,train
8900,8900,1109.0,lot45592,Loc,wf_image_8900.png,cal
8901,8901,533.0,lot10986,Edge-Loc,wf_image_8901.png,cal
8902,8902,515.0,lot35965,Center,wf_image_8902.png,cal
8903,8903,1658.0,lot16607,Edge-Ring,wf_image_8903.png,train
8904,8904,1080.0,lot21611,Random,wf_image_8904.png,train
8905,8905,776.0,lot2992,Edge-Loc,wf_image_8905.png,train
8906,8906,518.0,lot43957,Edge-Ring,wf_image_8906.png,train
8907,8907,12662.0,lot24522,Edge-Ring,wf_image_8907.png,val
8908,8908,515.0,lot36921,Center,wf_image_8908.png,train
8909,8909,515.0,lot36813,Center,wf_image_8909.png,train
8910,8910,515.0,lot36908,Center,wf_image_8910.png,train
8911,8911,1658.0,lot16536,Edge-Ring,wf_image_8911.png,train
8912,8912,2126.0,lot18021,Edge-Ring,wf_image_8912.png,test
8913,8913,1253.0,lot3241,Edge-Ring,wf_image_8913.png,test
8914,8914,515.0,lot35956,Center,wf_image_8914.png,test
8915,8915,1129.0,lot7464,Loc,wf_image_8915.png,train
8916,8916,562.0,lot46872,Loc,wf_image_8916.png,train
8917,8917,533.0,lot10991,Edge-Loc,wf_image_8917.png,train
8918,8918,1801.0,lot6693,Loc,wf_image_8918.png,cal
8919,8919,1226.0,lot23640,Center,wf_image_8919.png,cal
8920,8920,533.0,lot40408,Loc,wf_image_8920.png,train
8921,8921,1060.0,lot47447,Scratch,wf_image_8921.png,train
8922,8922,600.0,lot47534,Edge-Loc,wf_image_8922.png,train
8923,8923,12662.0,lot17285,Edge-Ring,wf_image_8923.png,test
8924,8924,1139.0,lot18851,Loc,wf_image_8924.png,train
8925,8925,3927.0,lot10008,Edge-Ring,wf_image_8925.png,train
8926,8926,1129.0,lot42622,Loc,wf_image_8926.png,train
8927,8927,1075.0,lot2514,Edge-Ring,wf_image_8927.png,train
8928,8928,776.0,lot41181,Loc,wf_image_8928.png,train
8929,8929,1421.0,lot44778,Edge-Ring,wf_image_8929.png,train
8930,8930,712.0,lot26738,Donut,wf_image_8930.png,test
8931,8931,776.0,lot41016,Loc,wf_image_8931.png,train
8932,8932,1075.0,lot2514,Edge-Ring,wf_image_8932.png,test
8933,8933,1075.0,lot11590,Edge-Ring,wf_image_8933.png,val
8934,8934,1349.0,lot2375,Random,wf_image_8934.png,cal
8935,8935,843.0,lot42187,Center,wf_image_8935.png,test
8936,8936,1075.0,lot2513,Edge-Ring,wf_image_8936.png,cal
8937,8937,1109.0,lot45366,Edge-Loc,wf_image_8937.png,cal
8938,8938,1138.0,lot42787,Random,wf_image_8938.png,train
8939,8939,776.0,lot44057,Scratch,wf_image_8939.png,train
8940,8940,515.0,lot36930,Center,wf_image_8940.png,train
8941,8941,1658.0,lot20568,Edge-Ring,wf_image_8941.png,val
8942,8942,1080.0,lot26479,Edge-Loc,wf_image_8942.png,val
8943,8943,1784.0,lot4734,Edge-Loc,wf_image_8943.png,train
8944,8944,12662.0,lot17286,Edge-Ring,wf_image_8944.png,test
8945,8945,1421.0,lot44803,Random,wf_image_8945.png,train
8946,8946,562.0,lot46826,Loc,wf_image_8946.png,train
8947,8947,515.0,lot39566,Center,wf_image_8947.png,val
8948,8948,516.0,lot43547,Loc,wf_image_8948.png,val
8949,8949,515.0,lot32781,Center,wf_image_8949.png,cal
8950,8950,1801.0,lot4082,Edge-Loc,wf_image_8950.png,train
8951,8951,1129.0,lot42680,Donut,wf_image_8951.png,train
8952,8952,1226.0,lot23598,Center,wf_image_8952.png,val
8953,8953,845.0,lot42234,Edge-Loc,wf_image_8953.png,train
8954,8954,518.0,lot45293,Edge-Loc,wf_image_8954.png,test
8955,8955,844.0,lot42216,Donut,wf_image_8955.png,train
8956,8956,518.0,lot44009,Edge-Ring,wf_image_8956.png,cal
8957,8957,733.0,lot39469,Center,wf_image_8957.png,train
8958,8958,1080.0,lot21535,Random,wf_image_8958.png,train
8959,8959,776.0,lot44100,Scratch,wf_image_8959.png,train
8960,8960,710.0,lot28773,Edge-Ring,wf_image_8960.png,val
8961,8961,1334.0,lot17155,Donut,wf_image_8961.png,cal
8962,8962,1075.0,lot2498,Edge-Ring,wf_image_8962.png,train
8963,8963,904.0,lot45636,Edge-Ring,wf_image_8963.png,train
8964,8964,515.0,lot12887,Center,wf_image_8964.png,test
8965,8965,1376.0,lot45768,Edge-Loc,wf_image_8965.png,train
8966,8966,2126.0,lot21579,Edge-Ring,wf_image_8966.png,cal
8967,8967,600.0,lot47541,Edge-Loc,wf_image_8967.png,train
8968,8968,3927.0,lot11172,Edge-Ring,wf_image_8968.png,cal
8969,8969,844.0,lot42250,Edge-Loc,wf_image_8969.png,train
8970,8970,776.0,lot40947,Edge-Loc,wf_image_8970.png,train
8971,8971,904.0,lot45635,Loc,wf_image_8971.png,val
8972,8972,741.0,lot44394,Scratch,wf_image_8972.png,train
8973,8973,3036.0,lot12768,Edge-Ring,wf_image_8973.png,test
8974,8974,845.0,lot42367,Donut,wf_image_8974.png,train
8975,8975,1129.0,lot9344,Edge-Ring,wf_image_8975.png,train
8976,8976,515.0,lot32779,Center,wf_image_8976.png,test
8977,8977,1658.0,lot16600,Edge-Ring,wf_image_8977.png,train
8978,8978,533.0,lot40573,Loc,wf_image_8978.png,train
8979,8979,1075.0,lot2495,Edge-Ring,wf_image_8979.png,test
8980,8980,2126.0,lot21580,Edge-Ring,wf_image_8980.png,train
8981,8981,1129.0,lot5686,Edge-Loc,wf_image_8981.png,train
8982,8982,741.0,lot44299,Scratch,wf_image_8982.png,test
8983,8983,844.0,lot42190,Edge-Loc,wf_image_8983.png,cal
8984,8984,1129.0,lot42710,Edge-Loc,wf_image_8984.png,train
8985,8985,2126.0,lot22476,Edge-Ring,wf_image_8985.png,train
8986,8986,1075.0,lot2504,Edge-Ring,wf_image_8986.png,val
8987,8987,2126.0,lot22486,Edge-Ring,wf_image_8987.png,train
8988,8988,1075.0,lot44164,Edge-Ring,wf_image_8988.png,val
8989,8989,741.0,lot44240,Center,wf_image_8989.png,test
8990,8990,3927.0,lot2534,Edge-Ring,wf_image_8990.png,train
8991,8991,515.0,lot6155,Edge-Loc,wf_image_8991.png,train
8992,8992,515.0,lot10396,Center,wf_image_8992.png,cal
8993,8993,939.0,lot6059,Center,wf_image_8993.png,val
8994,8994,1658.0,lot19814,Edge-Ring,wf_image_8994.png,test
8995,8995,533.0,lot12108,Loc,wf_image_8995.png,train
8996,8996,3036.0,lot11678,Edge-Ring,wf_image_8996.png,train
8997,8997,776.0,lot40840,Edge-Loc,wf_image_8997.png,test
8998,8998,741.0,lot44224,Scratch,wf_image_8998.png,train
8999,8999,712.0,lot41234,Loc,wf_image_8999.png,train
9000,9000,1075.0,lot2502,Edge-Ring,wf_image_9000.png,cal
9001,9001,1075.0,lot23105,Edge-Ring,wf_image_9001.png,cal
9002,9002,710.0,lot38323,Edge-Loc,wf_image_9002.png,cal
9003,9003,533.0,lot40584,Loc,wf_image_9003.png,val
9004,9004,515.0,lot39583,Center,wf_image_9004.png,test
9005,9005,1080.0,lot21797,Loc,wf_image_9005.png,test
9006,9006,776.0,lot40781,Edge-Loc,wf_image_9006.png,train
9007,9007,515.0,lot39609,Center,wf_image_9007.png,test
9008,9008,1109.0,lot45544,Center,wf_image_9008.png,cal
9009,9009,1060.0,lot47447,Edge-Loc,wf_image_9009.png,cal
9010,9010,845.0,lot42191,Scratch,wf_image_9010.png,train
9011,9011,939.0,lot3844,Edge-Loc,wf_image_9011.png,train
9012,9012,3036.0,lot12767,Edge-Ring,wf_image_9012.png,train
9013,9013,1349.0,lot2425,Random,wf_image_9013.png,val
9014,9014,1080.0,lot24212,Loc,wf_image_9014.png,train
9015,9015,515.0,lot39565,Center,wf_image_9015.png,cal
9016,9016,844.0,lot42348,Edge-Loc,wf_image_9016.png,cal
9017,9017,844.0,lot42289,Edge-Loc,wf_image_9017.png,test
9018,9018,12662.0,lot19841,Edge-Ring,wf_image_9018.png,train
9019,9019,2126.0,lot21559,Edge-Ring,wf_image_9019.png,train
9020,9020,1334.0,lot17137,Donut,wf_image_9020.png,val
9021,9021,1226.0,lot23597,Center,wf_image_9021.png,train
9022,9022,516.0,lot42888,Center,wf_image_9022.png,train
9023,9023,712.0,lot39193,Center,wf_image_9023.png,train
9024,9024,515.0,lot35915,Center,wf_image_9024.png,cal
9025,9025,846.0,lot29745,Edge-Ring,wf_image_9025.png,train
9026,9026,1075.0,lot23098,Edge-Ring,wf_image_9026.png,train
9027,9027,533.0,lot92,Random,wf_image_9027.png,val
9028,9028,1421.0,lot44788,Edge-Ring,wf_image_9028.png,train
9029,9029,516.0,lot43400,Random,wf_image_9029.png,test
9030,9030,741.0,lot3082,Edge-Ring,wf_image_9030.png,test
9031,9031,533.0,lot40406,Edge-Loc,wf_image_9031.png,train
9032,9032,1129.0,lot42616,Edge-Loc,wf_image_9032.png,train
9033,9033,712.0,lot27745,Edge-Ring,wf_image_9033.png,cal
9034,9034,516.0,lot43112,Edge-Loc,wf_image_9034.png,val
9035,9035,1376.0,lot45863,Edge-Loc,wf_image_9035.png,train
9036,9036,904.0,lot45642,Center,wf_image_9036.png,train
9037,9037,515.0,lot36673,Center,wf_image_9037.png,train
9038,9038,1109.0,lot45569,Donut,wf_image_9038.png,val
9039,9039,939.0,lot6225,Loc,wf_image_9039.png,train
9040,9040,1075.0,lot2510,Edge-Ring,wf_image_9040.png,train
9041,9041,1060.0,lot47354,Loc,wf_image_9041.png,train
9042,9042,515.0,lot36868,Center,wf_image_9042.png,cal
9043,9043,533.0,lot42176,Edge-Loc,wf_image_9043.png,test
9044,9044,12662.0,lot19856,Edge-Ring,wf_image_9044.png,cal
9045,9045,1075.0,lot13962,Edge-Ring,wf_image_9045.png,test
9046,9046,1334.0,lot17148,Donut,wf_image_9046.png,cal
9047,9047,515.0,lot39611,Center,wf_image_9047.png,cal
9048,9048,515.0,lot36825,Center,wf_image_9048.png,cal
9049,9049,518.0,lot45243,Near-full,wf_image_9049.png,train
9050,9050,2126.0,lot20903,Edge-Ring,wf_image_9050.png,train
9051,9051,844.0,lot42198,Loc,wf_image_9051.png,train
9052,9052,1109.0,lot45339,Random,wf_image_9052.png,train
9053,9053,515.0,lot39557,Center,wf_image_9053.png,test
9054,9054,845.0,lot42239,Donut,wf_image_9054.png,cal
9055,9055,1801.0,lot5917,Edge-Loc,wf_image_9055.png,train
9056,9056,3036.0,lot11855,Edge-Ring,wf_image_9056.png,train
9057,9057,3036.0,lot11880,Edge-Ring,wf_image_9057.png,train
9058,9058,562.0,lot47121,Scratch,wf_image_9058.png,train
9059,9059,3036.0,lot10188,Edge-Ring,wf_image_9059.png,cal
9060,9060,518.0,lot44851,Loc,wf_image_9060.png,val
9061,9061,1334.0,lot17155,Donut,wf_image_9061.png,cal
9062,9062,3036.0,lot11232,Edge-Ring,wf_image_9062.png,train
9063,9063,1291.0,lot11150,Edge-Ring,wf_image_9063.png,test
9064,9064,515.0,lot36592,Center,wf_image_9064.png,cal
9065,9065,3036.0,lot11970,Edge-Ring,wf_image_9065.png,train
9066,9066,1334.0,lot17184,Center,wf_image_9066.png,val
9067,9067,1075.0,lot2496,Edge-Ring,wf_image_9067.png,train
9068,9068,939.0,lot6367,Loc,wf_image_9068.png,test
9069,9069,515.0,lot39675,Center,wf_image_9069.png,cal
9070,9070,1080.0,lot26324,Random,wf_image_9070.png,val
9071,9071,2126.0,lot20733,Edge-Ring,wf_image_9071.png,test
9072,9072,1109.0,lot45480,Loc,wf_image_9072.png,train
9073,9073,2126.0,lot20904,Edge-Ring,wf_image_9073.png,train
9074,9074,515.0,lot36765,Center,wf_image_9074.png,val
9075,9075,564.0,lot24237,Loc,wf_image_9075.png,test
9076,9076,710.0,lot41845,Loc,wf_image_9076.png,train
9077,9077,3036.0,lot12767,Edge-Ring,wf_image_9077.png,test
9078,9078,3036.0,lot10186,Edge-Ring,wf_image_9078.png,val
9079,9079,845.0,lot42215,Scratch,wf_image_9079.png,train
9080,9080,1129.0,lot5175,Loc,wf_image_9080.png,val
9081,9081,1376.0,lot45709,Loc,wf_image_9081.png,val
9082,9082,776.0,lot4137,Edge-Loc,wf_image_9082.png,train
9083,9083,1376.0,lot45877,Edge-Loc,wf_image_9083.png,train
9084,9084,533.0,lot40458,Edge-Loc,wf_image_9084.png,val
9085,9085,1999.0,lot14768,Edge-Ring,wf_image_9085.png,test
9086,9086,516.0,lot43552,Scratch,wf_image_9086.png,train
9087,9087,1129.0,lot42673,Loc,wf_image_9087.png,val
9088,9088,533.0,lot40474,Edge-Loc,wf_image_9088.png,test
9089,9089,562.0,lot46738,Edge-Loc,wf_image_9089.png,val
9090,9090,515.0,lot32962,Center,wf_image_9090.png,train
9091,9091,712.0,lot27308,Edge-Loc,wf_image_9091.png,train
9092,9092,1999.0,lot14768,Edge-Ring,wf_image_9092.png,train
9093,9093,776.0,lot40960,Near-full,wf_image_9093.png,train
9094,9094,1075.0,lot44171,Edge-Ring,wf_image_9094.png,cal
9095,9095,600.0,lot47511,Edge-Ring,wf_image_9095.png,train
9096,9096,533.0,lot10638,Edge-Loc,wf_image_9096.png,train
9097,9097,1109.0,lot45499,Edge-Loc,wf_image_9097.png,val
9098,9098,518.0,lot44970,Edge-Loc,wf_image_9098.png,val
9099,9099,2126.0,lot18380,Edge-Ring,wf_image_9099.png,cal
9100,9100,939.0,lot3893,Edge-Loc,wf_image_9100.png,test
9101,9101,1801.0,lot4666,Edge-Loc,wf_image_9101.png,train
9102,9102,516.0,lot43311,Edge-Loc,wf_image_9102.png,test
9103,9103,844.0,lot41970,Loc,wf_image_9103.png,train
9104,9104,600.0,lot47537,Edge-Loc,wf_image_9104.png,cal
9105,9105,1226.0,lot19233,Loc,wf_image_9105.png,cal
9106,9106,1226.0,lot23639,Center,wf_image_9106.png,cal
9107,9107,776.0,lot44043,Scratch,wf_image_9107.png,cal
9108,9108,2126.0,lot21038,Edge-Ring,wf_image_9108.png,train
9109,9109,2126.0,lot18377,Edge-Ring,wf_image_9109.png,train
9110,9110,515.0,lot36825,Center,wf_image_9110.png,cal
9111,9111,12662.0,lot17285,Edge-Ring,wf_image_9111.png,cal
9112,9112,518.0,lot43973,Random,wf_image_9112.png,train
9113,9113,516.0,lot43190,Edge-Loc,wf_image_9113.png,test
9114,9114,2126.0,lot22471,Edge-Ring,wf_image_9114.png,train
9115,9115,3036.0,lot12754,Edge-Ring,wf_image_9115.png,train
9116,9116,844.0,lot42336,Donut,wf_image_9116.png,train
9117,9117,1376.0,lot45737,Edge-Loc,wf_image_9117.png,train
9118,9118,1139.0,lot15561,Random,wf_image_9118.png,train
9119,9119,843.0,lot42193,Donut,wf_image_9119.png,train
9120,9120,3036.0,lot12767,Edge-Ring,wf_image_9120.png,train
9121,9121,2126.0,lot20906,Edge-Ring,wf_image_9121.png,val
9122,9122,1109.0,lot45476,Center,wf_image_9122.png,val
9123,9123,741.0,lot44187,Near-full,wf_image_9123.png,train
9124,9124,1080.0,lot21500,Random,wf_image_9124.png,train
9125,9125,515.0,lot32959,Center,wf_image_9125.png,train
9126,9126,600.0,lot47485,Scratch,wf_image_9126.png,val
9127,9127,1109.0,lot45343,Scratch,wf_image_9127.png,train
9128,9128,2126.0,lot22473,Edge-Ring,wf_image_9128.png,train
9129,9129,2126.0,lot22475,Edge-Ring,wf_image_9129.png,cal
9130,9130,516.0,lot43119,Edge-Loc,wf_image_9130.png,train
9131,9131,1080.0,lot25449,Loc,wf_image_9131.png,train
9132,9132,710.0,lot38381,Edge-Loc,wf_image_9132.png,train
9133,9133,1075.0,lot12906,Edge-Ring,wf_image_9133.png,test
9134,9134,1658.0,lot16599,Edge-Ring,wf_image_9134.png,val
9135,9135,1080.0,lot23180,Edge-Loc,wf_image_9135.png,train
9136,9136,710.0,lot4195,Edge-Loc,wf_image_9136.png,train
9137,9137,1334.0,lot17192,Donut,wf_image_9137.png,train
9138,9138,741.0,lot44351,Edge-Loc,wf_image_9138.png,cal
9139,9139,518.0,lot43913,Edge-Loc,wf_image_9139.png,val
9140,9140,515.0,lot36770,Center,wf_image_9140.png,test
9141,9141,776.0,lot41115,Edge-Loc,wf_image_9141.png,test
9142,9142,533.0,lot40433,Loc,wf_image_9142.png,cal
9143,9143,12662.0,lot19864,Edge-Ring,wf_image_9143.png,train
9144,9144,1075.0,lot44166,Edge-Ring,wf_image_9144.png,train
9145,9145,533.0,lot12140,Random,wf_image_9145.png,train
9146,9146,1080.0,lot21535,Random,wf_image_9146.png,test
9147,9147,3927.0,lot2534,Edge-Ring,wf_image_9147.png,cal
9148,9148,12662.0,lot19849,Edge-Ring,wf_image_9148.png,train
9149,9149,1376.0,lot45729,Edge-Loc,wf_image_9149.png,train
9150,9150,1109.0,lot45373,Loc,wf_image_9150.png,train
9151,9151,776.0,lot40794,Edge-Loc,wf_image_9151.png,val
9152,9152,939.0,lot7934,Loc,wf_image_9152.png,train
9153,9153,3036.0,lot12746,Edge-Ring,wf_image_9153.png,val
9154,9154,1075.0,lot13491,Edge-Ring,wf_image_9154.png,train
9155,9155,3927.0,lot10008,Edge-Ring,wf_image_9155.png,train
9156,9156,515.0,lot39701,Center,wf_image_9156.png,train
9157,9157,1421.0,lot44817,Edge-Ring,wf_image_9157.png,train
9158,9158,1075.0,lot2523,Edge-Ring,wf_image_9158.png,test
9159,9159,515.0,lot10281,Center,wf_image_9159.png,train
9160,9160,515.0,lot36864,Center,wf_image_9160.png,train
9161,9161,3927.0,lot2156,Edge-Ring,wf_image_9161.png,test
9162,9162,2126.0,lot21580,Edge-Ring,wf_image_9162.png,train
9163,9163,533.0,lot102,Scratch,wf_image_9163.png,train
9164,9164,1080.0,lot23181,Loc,wf_image_9164.png,test
9165,9165,1376.0,lot45760,Random,wf_image_9165.png,val
9166,9166,3036.0,lot2074,Edge-Ring,wf_image_9166.png,train
9167,9167,3927.0,lot9148,Edge-Ring,wf_image_9167.png,train
9168,9168,1334.0,lot17127,Donut,wf_image_9168.png,train
9169,9169,515.0,lot36583,Center,wf_image_9169.png,val
9170,9170,741.0,lot44325,Edge-Loc,wf_image_9170.png,train
9171,9171,1334.0,lot17174,Donut,wf_image_9171.png,cal
9172,9172,515.0,lot36721,Center,wf_image_9172.png,train
9173,9173,1080.0,lot21646,Edge-Loc,wf_image_9173.png,test
9174,9174,3036.0,lot11232,Edge-Ring,wf_image_9174.png,test
9175,9175,776.0,lot8121,Center,wf_image_9175.png,train
9176,9176,3036.0,lot11970,Edge-Ring,wf_image_9176.png,test
9177,9177,1334.0,lot17174,Donut,wf_image_9177.png,val
9178,9178,1999.0,lot14768,Edge-Ring,wf_image_9178.png,test
9179,9179,3036.0,lot11856,Edge-Ring,wf_image_9179.png,test
9180,9180,1109.0,lot45360,Random,wf_image_9180.png,val
9181,9181,1075.0,lot2501,Edge-Ring,wf_image_9181.png,val
9182,9182,515.0,lot37013,Edge-Loc,wf_image_9182.png,test
9183,9183,2126.0,lot21559,Edge-Ring,wf_image_9183.png,test
9184,9184,1060.0,lot47363,Scratch,wf_image_9184.png,train
9185,9185,1109.0,lot45379,Loc,wf_image_9185.png,train
9186,9186,533.0,lot42166,Scratch,wf_image_9186.png,test
9187,9187,1800.0,lot5904,Edge-Loc,wf_image_9187.png,train
9188,9188,3927.0,lot9149,Edge-Ring,wf_image_9188.png,test
9189,9189,515.0,lot36990,Center,wf_image_9189.png,train
9190,9190,1129.0,lot11885,Edge-Ring,wf_image_9190.png,cal
9191,9191,564.0,lot24231,Loc,wf_image_9191.png,cal
9192,9192,1349.0,lot2428,Random,wf_image_9192.png,train
9193,9193,1109.0,lot45329,Edge-Loc,wf_image_9193.png,train
9194,9194,515.0,lot36723,Center,wf_image_9194.png,train
9195,9195,1334.0,lot17113,Donut,wf_image_9195.png,train
9196,9196,710.0,lot4521,Edge-Loc,wf_image_9196.png,train
9197,9197,1801.0,lot4082,Edge-Loc,wf_image_9197.png,train
9198,9198,515.0,lot36694,Center,wf_image_9198.png,val
9199,9199,1658.0,lot20568,Edge-Ring,wf_image_9199.png,test
9200,9200,533.0,lot215,Center,wf_image_9200.png,test
9201,9201,2126.0,lot21042,Edge-Ring,wf_image_9201.png,cal
9202,9202,1080.0,lot21777,Random,wf_image_9202.png,train
9203,9203,515.0,lot6160,Edge-Loc,wf_image_9203.png,test
9204,9204,1999.0,lot14527,Edge-Ring,wf_image_9204.png,train
9205,9205,1109.0,lot45355,Center,wf_image_9205.png,val
9206,9206,1139.0,lot15621,Near-full,wf_image_9206.png,train
9207,9207,3927.0,lot10009,Edge-Ring,wf_image_9207.png,train
9208,9208,600.0,lot47510,Edge-Ring,wf_image_9208.png,train
9209,9209,1075.0,lot13968,Edge-Ring,wf_image_9209.png,train
9210,9210,939.0,lot6467,Loc,wf_image_9210.png,train
9211,9211,1075.0,lot23097,Edge-Ring,wf_image_9211.png,cal
9212,9212,515.0,lot36829,Center,wf_image_9212.png,test
9213,9213,2126.0,lot20735,Edge-Ring,wf_image_9213.png,cal
9214,9214,741.0,lot44183,Near-full,wf_image_9214.png,train
9215,9215,1376.0,lot45887,Scratch,wf_image_9215.png,test
9216,9216,776.0,lot40952,Edge-Loc,wf_image_9216.png,train
9217,9217,2126.0,lot20911,Edge-Ring,wf_image_9217.png,train
9218,9218,1226.0,lot23640,Center,wf_image_9218.png,train
9219,9219,1075.0,lot12907,Edge-Ring,wf_image_9219.png,train
9220,9220,776.0,lot40791,Edge-Loc,wf_image_9220.png,cal
9221,9221,1334.0,lot17168,Donut,wf_image_9221.png,cal
9222,9222,776.0,lot40979,Scratch,wf_image_9222.png,train
9223,9223,515.0,lot36838,Center,wf_image_9223.png,test
9224,9224,533.0,lot152,Random,wf_image_9224.png,train
9225,9225,776.0,lot41012,Scratch,wf_image_9225.png,cal
9226,9226,1129.0,lot5158,Donut,wf_image_9226.png,val
9227,9227,1334.0,lot17149,Donut,wf_image_9227.png,test
9228,9228,1075.0,lot2521,Edge-Ring,wf_image_9228.png,train
9229,9229,515.0,lot39533,Center,wf_image_9229.png,train
9230,9230,2126.0,lot20135,Edge-Ring,wf_image_9230.png,train
9231,9231,2126.0,lot20903,Edge-Ring,wf_image_9231.png,cal
9232,9232,2126.0,lot21579,Edge-Ring,wf_image_9232.png,test
9233,9233,1226.0,lot20982,Center,wf_image_9233.png,train
9234,9234,1334.0,lot17181,Donut,wf_image_9234.png,train
9235,9235,2126.0,lot18021,Edge-Ring,wf_image_9235.png,train
9236,9236,600.0,lot47534,Edge-Loc,wf_image_9236.png,val
9237,9237,1291.0,lot13714,Edge-Ring,wf_image_9237.png,train
9238,9238,3927.0,lot9154,Edge-Ring,wf_image_9238.png,val
9239,9239,1080.0,lot21611,Random,wf_image_9239.png,train
9240,9240,939.0,lot3785,Edge-Loc,wf_image_9240.png,test
9241,9241,1376.0,lot45758,Center,wf_image_9241.png,val
9242,9242,776.0,lot41079,Loc,wf_image_9242.png,cal
9243,9243,1129.0,lot42620,Loc,wf_image_9243.png,train
9244,9244,515.0,lot36939,Center,wf_image_9244.png,train
9245,9245,1334.0,lot17102,Center,wf_image_9245.png,test
9246,9246,1349.0,lot2377,Random,wf_image_9246.png,test
9247,9247,2126.0,lot20135,Edge-Ring,wf_image_9247.png,test
9248,9248,1060.0,lot47356,Scratch,wf_image_9248.png,train
9249,9249,1349.0,lot2377,Random,wf_image_9249.png,train
9250,9250,1801.0,lot4648,Edge-Loc,wf_image_9250.png,train
9251,9251,1075.0,lot12905,Edge-Ring,wf_image_9251.png,test
9252,9252,776.0,lot41133,Scratch,wf_image_9252.png,train
9253,9253,516.0,lot43493,Center,wf_image_9253.png,train
9254,9254,562.0,lot46977,Edge-Loc,wf_image_9254.png,train
9255,9255,2126.0,lot20910,Edge-Ring,wf_image_9255.png,cal
9256,9256,1376.0,lot45881,Edge-Loc,wf_image_9256.png,train
9257,9257,533.0,lot25,Random,wf_image_9257.png,test
9258,9258,515.0,lot36721,Center,wf_image_9258.png,test
9259,9259,840.0,lot42307,Edge-Loc,wf_image_9259.png,test
9260,9260,733.0,lot39453,Center,wf_image_9260.png,train
9261,9261,776.0,lot40790,Loc,wf_image_9261.png,cal
9262,9262,12662.0,lot19842,Edge-Ring,wf_image_9262.png,train
9263,9263,515.0,lot10396,Center,wf_image_9263.png,test
9264,9264,776.0,lot40848,Loc,wf_image_9264.png,train
9265,9265,3927.0,lot10008,Edge-Ring,wf_image_9265.png,train
9266,9266,533.0,lot40490,Loc,wf_image_9266.png,train
9267,9267,1421.0,lot44793,Edge-Ring,wf_image_9267.png,train
9268,9268,1129.0,lot5685,Scratch,wf_image_9268.png,cal
9269,9269,533.0,lot40426,Random,wf_image_9269.png,train
9270,9270,1075.0,lot2506,Edge-Ring,wf_image_9270.png,train
9271,9271,1334.0,lot17169,Center,wf_image_9271.png,train
9272,9272,1129.0,lot11885,Edge-Ring,wf_image_9272.png,val
9273,9273,515.0,lot36933,Center,wf_image_9273.png,train
9274,9274,3927.0,lot11171,Edge-Ring,wf_image_9274.png,test
9275,9275,1109.0,lot45339,Edge-Loc,wf_image_9275.png,train
9276,9276,515.0,lot39512,Center,wf_image_9276.png,train
9277,9277,562.0,lot47130,Loc,wf_image_9277.png,val
9278,9278,515.0,lot39610,Center,wf_image_9278.png,train
9279,9279,3036.0,lot2075,Edge-Ring,wf_image_9279.png,test
9280,9280,3036.0,lot11631,Edge-Ring,wf_image_9280.png,train
9281,9281,1109.0,lot45564,Center,wf_image_9281.png,test
9282,9282,1080.0,lot18734,Random,wf_image_9282.png,train
9283,9283,1109.0,lot45316,Loc,wf_image_9283.png,train
9284,9284,1801.0,lot4671,Loc,wf_image_9284.png,cal
9285,9285,1349.0,lot2422,Random,wf_image_9285.png,val
9286,9286,939.0,lot5941,Edge-Loc,wf_image_9286.png,test
9287,9287,1080.0,lot21645,Loc,wf_image_9287.png,train
9288,9288,516.0,lot43507,Loc,wf_image_9288.png,train
9289,9289,904.0,lot45641,Loc,wf_image_9289.png,train
9290,9290,741.0,lot44283,Loc,wf_image_9290.png,train
9291,9291,904.0,lot45632,Center,wf_image_9291.png,test
9292,9292,600.0,lot47503,Scratch,wf_image_9292.png,train
9293,9293,1075.0,lot2521,Edge-Ring,wf_image_9293.png,val
9294,9294,1376.0,lot26625,Edge-Ring,wf_image_9294.png,val
9295,9295,1334.0,lot17174,Donut,wf_image_9295.png,train
9296,9296,562.0,lot46742,Edge-Loc,wf_image_9296.png,val
9297,9297,12662.0,lot19850,Edge-Ring,wf_image_9297.png,train
9298,9298,1291.0,lot13714,Edge-Ring,wf_image_9298.png,train
9299,9299,2126.0,lot22471,Edge-Ring,wf_image_9299.png,train
9300,9300,515.0,lot39511,Center,wf_image_9300.png,cal
9301,9301,710.0,lot4493,Edge-Loc,wf_image_9301.png,cal
9302,9302,844.0,lot42184,Donut,wf_image_9302.png,cal
9303,9303,600.0,lot47523,Edge-Loc,wf_image_9303.png,train
9304,9304,12662.0,lot17286,Edge-Ring,wf_image_9304.png,train
9305,9305,843.0,lot42302,Donut,wf_image_9305.png,train
9306,9306,515.0,lot36950,Center,wf_image_9306.png,val
9307,9307,515.0,lot36912,Center,wf_image_9307.png,train
9308,9308,2126.0,lot22477,Edge-Ring,wf_image_9308.png,test
9309,9309,1075.0,lot2437,Edge-Ring,wf_image_9309.png,val
9310,9310,1075.0,lot2506,Edge-Ring,wf_image_9310.png,train
9311,9311,564.0,lot23112,Loc,wf_image_9311.png,cal
9312,9312,1376.0,lot45842,Edge-Loc,wf_image_9312.png,train
9313,9313,712.0,lot27513,Edge-Ring,wf_image_9313.png,train
9314,9314,562.0,lot46821,Scratch,wf_image_9314.png,test
9315,9315,1075.0,lot2515,Edge-Ring,wf_image_9315.png,cal
9316,9316,533.0,lot40650,Loc,wf_image_9316.png,test
9317,9317,1376.0,lot45770,Edge-Loc,wf_image_9317.png,val
9318,9318,776.0,lot40746,Loc,wf_image_9318.png,cal
9319,9319,533.0,lot40476,Scratch,wf_image_9319.png,val
9320,9320,515.0,lot36673,Center,wf_image_9320.png,test
9321,9321,1075.0,lot2489,Edge-Ring,wf_image_9321.png,val
9322,9322,3036.0,lot12746,Edge-Ring,wf_image_9322.png,train
9323,9323,2126.0,lot18017,Edge-Ring,wf_image_9323.png,cal
9324,9324,712.0,lot41566,Random,wf_image_9324.png,test
9325,9325,600.0,lot47514,Edge-Loc,wf_image_9325.png,train
9326,9326,2126.0,lot18017,Edge-Ring,wf_image_9326.png,val
9327,9327,559.0,lot47187,Scratch,wf_image_9327.png,train
9328,9328,1075.0,lot44164,Edge-Ring,wf_image_9328.png,cal
9329,9329,600.0,lot47535,Edge-Loc,wf_image_9329.png,cal
9330,9330,2126.0,lot22474,Edge-Ring,wf_image_9330.png,cal
9331,9331,844.0,lot42217,Scratch,wf_image_9331.png,train
9332,9332,1075.0,lot15187,Edge-Ring,wf_image_9332.png,val
9333,9333,1080.0,lot20123,Edge-Ring,wf_image_9333.png,val
9334,9334,1075.0,lot2507,Edge-Ring,wf_image_9334.png,train
9335,9335,3036.0,lot10184,Edge-Ring,wf_image_9335.png,test
9336,9336,1075.0,lot13961,Edge-Ring,wf_image_9336.png,cal
9337,9337,3927.0,lot2153,Edge-Ring,wf_image_9337.png,cal
9338,9338,845.0,lot7259,Loc,wf_image_9338.png,train
9339,9339,1129.0,lot42677,Scratch,wf_image_9339.png,train
9340,9340,2126.0,lot18017,Edge-Ring,wf_image_9340.png,test
9341,9341,1060.0,lot47314,Center,wf_image_9341.png,test
9342,9342,3927.0,lot2153,Edge-Ring,wf_image_9342.png,train
9343,9343,533.0,lot193,Random,wf_image_9343.png,val
9344,9344,561.0,lot46932,Edge-Loc,wf_image_9344.png,train
9345,9345,516.0,lot43249,Loc,wf_image_9345.png,test
9346,9346,515.0,lot36898,Center,wf_image_9346.png,train
9347,9347,2126.0,lot20135,Edge-Ring,wf_image_9347.png,train
9348,9348,515.0,lot35897,Center,wf_image_9348.png,train
9349,9349,515.0,lot36643,Center,wf_image_9349.png,test
9350,9350,515.0,lot35954,Center,wf_image_9350.png,train
9351,9351,518.0,lot44852,Loc,wf_image_9351.png,test
9352,9352,1075.0,lot2489,Edge-Ring,wf_image_9352.png,test
9353,9353,1075.0,lot2512,Edge-Ring,wf_image_9353.png,test
9354,9354,1075.0,lot2503,Edge-Ring,wf_image_9354.png,train
9355,9355,515.0,lot36666,Center,wf_image_9355.png,val
9356,9356,1075.0,lot23101,Edge-Ring,wf_image_9356.png,test
9357,9357,515.0,lot32776,Center,wf_image_9357.png,val
9358,9358,1080.0,lot23512,Donut,wf_image_9358.png,test
9359,9359,12662.0,lot19864,Edge-Ring,wf_image_9359.png,train
9360,9360,939.0,lot6252,Edge-Loc,wf_image_9360.png,test
9361,9361,3036.0,lot11232,Edge-Ring,wf_image_9361.png,train
9362,9362,843.0,lot42368,Edge-Loc,wf_image_9362.png,train
9363,9363,1075.0,lot13965,Edge-Ring,wf_image_9363.png,cal
9364,9364,1226.0,lot23648,Center,wf_image_9364.png,test
9365,9365,1129.0,lot9343,Edge-Ring,wf_image_9365.png,cal
9366,9366,515.0,lot36694,Center,wf_image_9366.png,test
9367,9367,515.0,lot33144,Center,wf_image_9367.png,train
9368,9368,515.0,lot36721,Center,wf_image_9368.png,val
9369,9369,841.0,lot42283,Donut,wf_image_9369.png,train
9370,9370,741.0,lot44225,Edge-Loc,wf_image_9370.png,test
9371,9371,741.0,lot44182,Near-full,wf_image_9371.png,cal
9372,9372,533.0,lot40473,Loc,wf_image_9372.png,train
9373,9373,776.0,lot8150,Edge-Loc,wf_image_9373.png,train
9374,9374,1139.0,lot15492,Near-full,wf_image_9374.png,val
9375,9375,2126.0,lot21044,Edge-Ring,wf_image_9375.png,test
9376,9376,1129.0,lot11884,Edge-Ring,wf_image_9376.png,test
9377,9377,1334.0,lot17191,Donut,wf_image_9377.png,test
9378,9378,1109.0,lot45567,Random,wf_image_9378.png,train
9379,9379,3036.0,lot3108,Edge-Ring,wf_image_9379.png,test
9380,9380,1291.0,lot10049,Edge-Ring,wf_image_9380.png,train
9381,9381,845.0,lot42247,Donut,wf_image_9381.png,train
9382,9382,3036.0,lot9335,Edge-Ring,wf_image_9382.png,cal
9383,9383,733.0,lot39485,Center,wf_image_9383.png,val
9384,9384,2126.0,lot20904,Edge-Ring,wf_image_9384.png,val
9385,9385,516.0,lot42904,Random,wf_image_9385.png,train
9386,9386,1075.0,lot12906,Edge-Ring,wf_image_9386.png,cal
9387,9387,1139.0,lot15561,Random,wf_image_9387.png,train
9388,9388,516.0,lot43126,Center,wf_image_9388.png,train
9389,9389,1999.0,lot14527,Edge-Ring,wf_image_9389.png,train
9390,9390,1075.0,lot2488,Edge-Ring,wf_image_9390.png,train
9391,9391,1075.0,lot2523,Edge-Ring,wf_image_9391.png,val
9392,9392,533.0,lot40425,Loc,wf_image_9392.png,train
9393,9393,1421.0,lot44794,Edge-Ring,wf_image_9393.png,train
9394,9394,939.0,lot3781,Loc,wf_image_9394.png,val
9395,9395,3036.0,lot2074,Edge-Ring,wf_image_9395.png,train
9396,9396,1421.0,lot44800,Edge-Ring,wf_image_9396.png,train
9397,9397,515.0,lot39578,Center,wf_image_9397.png,train
9398,9398,1334.0,lot17184,Donut,wf_image_9398.png,test
9399,9399,904.0,lot45637,Loc,wf_image_9399.png,train
9400,9400,2126.0,lot20135,Edge-Ring,wf_image_9400.png,val
9401,9401,1075.0,lot2498,Edge-Ring,wf_image_9401.png,train
9402,9402,2126.0,lot18023,Edge-Ring,wf_image_9402.png,train
9403,9403,3036.0,lot11857,Edge-Ring,wf_image_9403.png,train
9404,9404,1129.0,lot11884,Edge-Ring,wf_image_9404.png,cal
9405,9405,1334.0,lot17116,Donut,wf_image_9405.png,test
9406,9406,562.0,lot47017,Edge-Loc,wf_image_9406.png,train
9407,9407,1060.0,lot47332,Scratch,wf_image_9407.png,train
9408,9408,1075.0,lot2513,Edge-Ring,wf_image_9408.png,train
9409,9409,3036.0,lot12766,Edge-Ring,wf_image_9409.png,test
9410,9410,1075.0,lot2512,Edge-Ring,wf_image_9410.png,cal
9411,9411,1376.0,lot45759,Edge-Loc,wf_image_9411.png,train
9412,9412,3036.0,lot11857,Edge-Ring,wf_image_9412.png,train
9413,9413,741.0,lot44352,Scratch,wf_image_9413.png,train
9414,9414,2126.0,lot18378,Edge-Ring,wf_image_9414.png,val
9415,9415,516.0,lot43209,Edge-Loc,wf_image_9415.png,train
9416,9416,1334.0,lot45985,Random,wf_image_9416.png,train
9417,9417,533.0,lot40493,Loc,wf_image_9417.png,test
9418,9418,1075.0,lot25393,Edge-Ring,wf_image_9418.png,val
9419,9419,1080.0,lot18739,Edge-Ring,wf_image_9419.png,train
9420,9420,1421.0,lot16330,Random,wf_image_9420.png,cal
9421,9421,3036.0,lot12768,Edge-Ring,wf_image_9421.png,cal
9422,9422,1075.0,lot2504,Edge-Ring,wf_image_9422.png,train
9423,9423,562.0,lot47207,Edge-Ring,wf_image_9423.png,cal
9424,9424,904.0,lot45642,Center,wf_image_9424.png,train
9425,9425,1075.0,lot23098,Edge-Ring,wf_image_9425.png,train
9426,9426,562.0,lot46941,Center,wf_image_9426.png,train
9427,9427,515.0,lot36782,Center,wf_image_9427.png,test
9428,9428,1075.0,lot2509,Edge-Ring,wf_image_9428.png,train
9429,9429,2126.0,lot18376,Edge-Ring,wf_image_9429.png,train
9430,9430,1075.0,lot2511,Edge-Ring,wf_image_9430.png,train
9431,9431,1075.0,lot44163,Edge-Ring,wf_image_9431.png,test
9432,9432,844.0,lot42202,Donut,wf_image_9432.png,train
9433,9433,844.0,lot42228,Edge-Loc,wf_image_9433.png,cal
9434,9434,904.0,lot45624,Center,wf_image_9434.png,test
9435,9435,533.0,lot42164,Scratch,wf_image_9435.png,train
9436,9436,939.0,lot6003,Loc,wf_image_9436.png,train
9437,9437,3036.0,lot2075,Edge-Ring,wf_image_9437.png,train
9438,9438,939.0,lot6331,Loc,wf_image_9438.png,train
9439,9439,515.0,lot32793,Center,wf_image_9439.png,train
9440,9440,904.0,lot45647,Edge-Loc,wf_image_9440.png,train
9441,9441,562.0,lot47044,Scratch,wf_image_9441.png,train
9442,9442,741.0,lot44236,Random,wf_image_9442.png,train
9443,9443,1109.0,lot45300,Random,wf_image_9443.png,cal
9444,9444,3927.0,lot9146,Edge-Ring,wf_image_9444.png,cal
9445,9445,1658.0,lot16606,Edge-Ring,wf_image_9445.png,val
9446,9446,776.0,lot40970,Scratch,wf_image_9446.png,test
9447,9447,1801.0,lot4082,Edge-Loc,wf_image_9447.png,train
9448,9448,1075.0,lot2521,Edge-Ring,wf_image_9448.png,train
9449,9449,515.0,lot36943,Center,wf_image_9449.png,train
9450,9450,515.0,lot36899,Center,wf_image_9450.png,val
9451,9451,561.0,lot46751,Loc,wf_image_9451.png,train
9452,9452,515.0,lot39611,Center,wf_image_9452.png,train
9453,9453,1129.0,lot9344,Edge-Ring,wf_image_9453.png,val
9454,9454,515.0,lot6173,Edge-Loc,wf_image_9454.png,train
9455,9455,3036.0,lot11232,Edge-Ring,wf_image_9455.png,cal
9456,9456,3036.0,lot11972,Edge-Ring,wf_image_9456.png,cal
9457,9457,710.0,lot35311,Scratch,wf_image_9457.png,val
9458,9458,1376.0,lot45836,Edge-Loc,wf_image_9458.png,train
9459,9459,1109.0,lot45565,Center,wf_image_9459.png,train
9460,9460,2126.0,lot21040,Edge-Ring,wf_image_9460.png,train
9461,9461,939.0,lot2256,Edge-Ring,wf_image_9461.png,train
9462,9462,1109.0,lot45384,Edge-Loc,wf_image_9462.png,train
9463,9463,712.0,lot41594,Random,wf_image_9463.png,test
9464,9464,1075.0,lot44163,Edge-Ring,wf_image_9464.png,test
9465,9465,533.0,lot40570,Random,wf_image_9465.png,train
9466,9466,904.0,lot45634,Edge-Loc,wf_image_9466.png,train
9467,9467,1109.0,lot45342,Random,wf_image_9467.png,train
9468,9468,12662.0,lot17263,Edge-Ring,wf_image_9468.png,train
9469,9469,515.0,lot36778,Center,wf_image_9469.png,test
9470,9470,1075.0,lot2504,Edge-Ring,wf_image_9470.png,train
9471,9471,533.0,lot40559,Center,wf_image_9471.png,train
9472,9472,1075.0,lot13964,Edge-Ring,wf_image_9472.png,train
9473,9473,515.0,lot32852,Center,wf_image_9473.png,train
9474,9474,3036.0,lot10183,Edge-Ring,wf_image_9474.png,train
9475,9475,533.0,lot40676,Center,wf_image_9475.png,train
9476,9476,1421.0,lot44790,Edge-Loc,wf_image_9476.png,cal
9477,9477,533.0,lot40543,Scratch,wf_image_9477.png,val
9478,9478,1075.0,lot2515,Edge-Ring,wf_image_9478.png,test
9479,9479,1334.0,lot16989,Center,wf_image_9479.png,train
9480,9480,741.0,lot3199,Loc,wf_image_9480.png,train
9481,9481,515.0,lot36970,Center,wf_image_9481.png,train
9482,9482,776.0,lot44065,Edge-Loc,wf_image_9482.png,val
9483,9483,515.0,lot36813,Center,wf_image_9483.png,train
9484,9484,2126.0,lot20730,Edge-Ring,wf_image_9484.png,test
9485,9485,3036.0,lot12746,Edge-Ring,wf_image_9485.png,val
9486,9486,518.0,lot45254,Loc,wf_image_9486.png,cal
9487,9487,515.0,lot36675,Center,wf_image_9487.png,train
9488,9488,515.0,lot10396,Center,wf_image_9488.png,train
9489,9489,515.0,lot36717,Center,wf_image_9489.png,test
9490,9490,1075.0,lot25393,Edge-Ring,wf_image_9490.png,train
9491,9491,1349.0,lot2425,Random,wf_image_9491.png,train
9492,9492,741.0,lot44354,Edge-Loc,wf_image_9492.png,train
9493,9493,1658.0,lot16606,Edge-Ring,wf_image_9493.png,train
9494,9494,533.0,lot40600,Loc,wf_image_9494.png,train
9495,9495,516.0,lot43227,Scratch,wf_image_9495.png,train
9496,9496,1060.0,lot47304,Edge-Ring,wf_image_9496.png,train
9497,9497,1080.0,lot21540,Edge-Ring,wf_image_9497.png,train
9498,9498,2126.0,lot22474,Edge-Ring,wf_image_9498.png,train
9499,9499,12662.0,lot17262,Edge-Ring,wf_image_9499.png,cal
9500,9500,1109.0,lot45541,Center,wf_image_9500.png,val
9501,9501,939.0,lot6467,Loc,wf_image_9501.png,train
9502,9502,846.0,lot5446,Edge-Loc,wf_image_9502.png,train
9503,9503,3036.0,lot12760,Edge-Ring,wf_image_9503.png,test
9504,9504,1298.0,lot8366,Center,wf_image_9504.png,test
9505,9505,600.0,lot47539,Scratch,wf_image_9505.png,train
9506,9506,3036.0,lot12767,Edge-Ring,wf_image_9506.png,train
9507,9507,533.0,lot12142,Random,wf_image_9507.png,val
9508,9508,515.0,lot39701,Center,wf_image_9508.png,cal
9509,9509,1658.0,lot16603,Edge-Ring,wf_image_9509.png,train
9510,9510,1226.0,lot22260,Center,wf_image_9510.png,train
9511,9511,1109.0,lot45579,Loc,wf_image_9511.png,train
9512,9512,1291.0,lot12743,Edge-Ring,wf_image_9512.png,val
9513,9513,2126.0,lot20733,Edge-Ring,wf_image_9513.png,train
9514,9514,1334.0,lot17178,Donut,wf_image_9514.png,test
9515,9515,1075.0,lot2512,Edge-Ring,wf_image_9515.png,val
9516,9516,515.0,lot36591,Center,wf_image_9516.png,test
9517,9517,1226.0,lot23640,Center,wf_image_9517.png,train
9518,9518,515.0,lot32870,Center,wf_image_9518.png,train
9519,9519,562.0,lot46954,Loc,wf_image_9519.png,train
9520,9520,533.0,lot40439,Edge-Loc,wf_image_9520.png,train
9521,9521,776.0,lot41166,Scratch,wf_image_9521.png,train
9522,9522,533.0,lot140,Loc,wf_image_9522.png,cal
9523,9523,1109.0,lot45326,Edge-Loc,wf_image_9523.png,test
9524,9524,1376.0,lot45907,Edge-Loc,wf_image_9524.png,train
9525,9525,516.0,lot43191,Center,wf_image_9525.png,test
9526,9526,1080.0,lot21722,Edge-Loc,wf_image_9526.png,train
9527,9527,1075.0,lot2511,Edge-Ring,wf_image_9527.png,train
9528,9528,1253.0,lot2693,Edge-Ring,wf_image_9528.png,train
9529,9529,1349.0,lot2425,Random,wf_image_9529.png,test
9530,9530,515.0,lot36722,Center,wf_image_9530.png,val
9531,9531,1658.0,lot16598,Edge-Ring,wf_image_9531.png,val
9532,9532,516.0,lot43548,Edge-Loc,wf_image_9532.png,train
9533,9533,1129.0,lot11885,Edge-Ring,wf_image_9533.png,train
9534,9534,515.0,lot39534,Center,wf_image_9534.png,test
9535,9535,518.0,lot45283,Edge-Loc,wf_image_9535.png,val
9536,9536,3036.0,lot12756,Edge-Ring,wf_image_9536.png,cal
9537,9537,1080.0,lot21476,Random,wf_image_9537.png,test
9538,9538,845.0,lot42278,Loc,wf_image_9538.png,cal
9539,9539,1109.0,lot45589,Donut,wf_image_9539.png,val
9540,9540,3036.0,lot11857,Edge-Ring,wf_image_9540.png,test
9541,9541,1075.0,lot13962,Edge-Ring,wf_image_9541.png,train
9542,9542,515.0,lot36630,Center,wf_image_9542.png,cal
9543,9543,3036.0,lot11855,Edge-Ring,wf_image_9543.png,cal
9544,9544,2126.0,lot22471,Edge-Ring,wf_image_9544.png,cal
9545,9545,2126.0,lot22480,Edge-Ring,wf_image_9545.png,val
9546,9546,741.0,lot44283,Edge-Loc,wf_image_9546.png,val
9547,9547,904.0,lot45635,Near-full,wf_image_9547.png,cal
9548,9548,533.0,lot40638,Center,wf_image_9548.png,train
9549,9549,1376.0,lot45735,Scratch,wf_image_9549.png,test
9550,9550,1109.0,lot45377,Loc,wf_image_9550.png,train
9551,9551,1421.0,lot44783,Edge-Ring,wf_image_9551.png,cal
9552,9552,600.0,lot47518,Edge-Loc,wf_image_9552.png,cal
9553,9553,1109.0,lot45360,Center,wf_image_9553.png,train
9554,9554,3927.0,lot9146,Edge-Ring,wf_image_9554.png,train
9555,9555,1334.0,lot17130,Donut,wf_image_9555.png,test
9556,9556,776.0,lot40936,Loc,wf_image_9556.png,train
9557,9557,776.0,lot40849,Edge-Loc,wf_image_9557.png,test
9558,9558,1421.0,lot44794,Edge-Loc,wf_image_9558.png,train
9559,9559,533.0,lot24460,Center,wf_image_9559.png,cal
9560,9560,12662.0,lot19855,Edge-Ring,wf_image_9560.png,train
9561,9561,939.0,lot6316,Loc,wf_image_9561.png,test
9562,9562,515.0,lot36946,Center,wf_image_9562.png,train
9563,9563,515.0,lot39530,Center,wf_image_9563.png,test
9564,9564,845.0,lot42367,Loc,wf_image_9564.png,train
9565,9565,1075.0,lot2513,Edge-Ring,wf_image_9565.png,val
9566,9566,939.0,lot7846,Loc,wf_image_9566.png,val
9567,9567,515.0,lot3694,Edge-Loc,wf_image_9567.png,train
9568,9568,1075.0,lot23104,Edge-Ring,wf_image_9568.png,train
9569,9569,1060.0,lot47392,Loc,wf_image_9569.png,train
9570,9570,1129.0,lot42696,Edge-Loc,wf_image_9570.png,val
9571,9571,3036.0,lot11966,Edge-Ring,wf_image_9571.png,test
9572,9572,1291.0,lot11150,Edge-Ring,wf_image_9572.png,test
9573,9573,600.0,lot47489,Scratch,wf_image_9573.png,cal
9574,9574,939.0,lot6367,Loc,wf_image_9574.png,cal
9575,9575,939.0,lot5998,Loc,wf_image_9575.png,cal
9576,9576,1334.0,lot17102,Random,wf_image_9576.png,cal
9577,9577,533.0,lot25,Center,wf_image_9577.png,val
9578,9578,1421.0,lot44796,Random,wf_image_9578.png,train
9579,9579,533.0,lot40448,Loc,wf_image_9579.png,test
9580,9580,733.0,lot39440,Center,wf_image_9580.png,train
9581,9581,2126.0,lot18376,Edge-Ring,wf_image_9581.png,cal
9582,9582,12662.0,lot16997,Random,wf_image_9582.png,cal
9583,9583,515.0,lot36781,Center,wf_image_9583.png,val
9584,9584,1074.0,lot44164,Edge-Ring,wf_image_9584.png,train
9585,9585,776.0,lot41074,Edge-Loc,wf_image_9585.png,test
9586,9586,1075.0,lot23098,Edge-Ring,wf_image_9586.png,train
9587,9587,3927.0,lot9155,Edge-Ring,wf_image_9587.png,test
9588,9588,1060.0,lot47389,Edge-Loc,wf_image_9588.png,cal
9589,9589,1129.0,lot5178,Edge-Loc,wf_image_9589.png,train
9590,9590,2126.0,lot18378,Edge-Ring,wf_image_9590.png,val
9591,9591,1421.0,lot44798,Edge-Ring,wf_image_9591.png,train
9592,9592,1109.0,lot45538,Center,wf_image_9592.png,train
9593,9593,1075.0,lot12905,Edge-Ring,wf_image_9593.png,test
9594,9594,1109.0,lot45306,Loc,wf_image_9594.png,test
9595,9595,846.0,lot5504,Loc,wf_image_9595.png,train
9596,9596,515.0,lot3693,Edge-Loc,wf_image_9596.png,train
9597,9597,562.0,lot47041,Scratch,wf_image_9597.png,val
9598,9598,1226.0,lot19242,Center,wf_image_9598.png,train
9599,9599,1349.0,lot2375,Random,wf_image_9599.png,test
9600,9600,776.0,lot44054,Scratch,wf_image_9600.png,train
9601,9601,1075.0,lot44168,Edge-Ring,wf_image_9601.png,test
9602,9602,1075.0,lot23097,Edge-Ring,wf_image_9602.png,test
9603,9603,600.0,lot47499,Edge-Ring,wf_image_9603.png,test
9604,9604,1075.0,lot23100,Edge-Ring,wf_image_9604.png,val
9605,9605,1376.0,lot45759,Near-full,wf_image_9605.png,train
9606,9606,710.0,lot38279,Edge-Loc,wf_image_9606.png,cal
9607,9607,1349.0,lot2426,Random,wf_image_9607.png,test
9608,9608,1334.0,lot17155,Donut,wf_image_9608.png,val
9609,9609,939.0,lot3877,Edge-Loc,wf_image_9609.png,train
9610,9610,1129.0,lot42693,Edge-Loc,wf_image_9610.png,train
9611,9611,1376.0,lot45733,Edge-Loc,wf_image_9611.png,train
9612,9612,600.0,lot47502,Scratch,wf_image_9612.png,train
9613,9613,515.0,lot36665,Center,wf_image_9613.png,cal
9614,9614,562.0,lot46922,Edge-Loc,wf_image_9614.png,val
9615,9615,533.0,lot200,Loc,wf_image_9615.png,test
9616,9616,1129.0,lot42693,Edge-Loc,wf_image_9616.png,test
9617,9617,832.0,lot42374,Edge-Loc,wf_image_9617.png,cal
9618,9618,2126.0,lot22479,Edge-Ring,wf_image_9618.png,train
9619,9619,600.0,lot47527,Edge-Ring,wf_image_9619.png,val
9620,9620,710.0,lot35576,Edge-Loc,wf_image_9620.png,train
9621,9621,1421.0,lot44802,Edge-Ring,wf_image_9621.png,train
9622,9622,741.0,lot44548,Scratch,wf_image_9622.png,train
9623,9623,776.0,lot7512,Loc,wf_image_9623.png,test
9624,9624,1226.0,lot23640,Center,wf_image_9624.png,cal
9625,9625,515.0,lot39610,Center,wf_image_9625.png,test
9626,9626,562.0,lot46921,Loc,wf_image_9626.png,test
9627,9627,600.0,lot47506,Loc,wf_image_9627.png,val
9628,9628,1109.0,lot45359,Loc,wf_image_9628.png,train
9629,9629,1658.0,lot16598,Edge-Ring,wf_image_9629.png,val
9630,9630,515.0,lot33083,Center,wf_image_9630.png,cal
9631,9631,1075.0,lot2526,Edge-Ring,wf_image_9631.png,test
9632,9632,904.0,lot45623,Loc,wf_image_9632.png,train
9633,9633,3036.0,lot2074,Edge-Ring,wf_image_9633.png,test
9634,9634,600.0,lot47542,Edge-Ring,wf_image_9634.png,train
9635,9635,1109.0,lot45329,Scratch,wf_image_9635.png,test
9636,9636,776.0,lot4877,Edge-Loc,wf_image_9636.png,cal
9637,9637,2126.0,lot21041,Edge-Ring,wf_image_9637.png,train
9638,9638,1137.0,lot42746,Loc,wf_image_9638.png,val
9639,9639,1658.0,lot23844,Edge-Ring,wf_image_9639.png,val
9640,9640,533.0,lot106,Loc,wf_image_9640.png,train
9641,9641,776.0,lot41002,Loc,wf_image_9641.png,test
9642,9642,2126.0,lot18020,Edge-Ring,wf_image_9642.png,train
9643,9643,1658.0,lot16603,Edge-Ring,wf_image_9643.png,test
9644,9644,1080.0,lot24214,Center,wf_image_9644.png,train
9645,9645,1080.0,lot21770,Edge-Loc,wf_image_9645.png,train
9646,9646,1080.0,lot21508,Center,wf_image_9646.png,val
9647,9647,12662.0,lot19864,Edge-Ring,wf_image_9647.png,train
9648,9648,1080.0,lot21748,Random,wf_image_9648.png,test
9649,9649,1109.0,lot45510,Loc,wf_image_9649.png,cal
9650,9650,2126.0,lot20134,Edge-Ring,wf_image_9650.png,train
9651,9651,1334.0,lot17102,Random,wf_image_9651.png,test
9652,9652,776.0,lot40876,Center,wf_image_9652.png,val
9653,9653,562.0,lot46907,Scratch,wf_image_9653.png,train
9654,9654,516.0,lot43330,Edge-Loc,wf_image_9654.png,test
9655,9655,1074.0,lot44170,Edge-Ring,wf_image_9655.png,test
9656,9656,710.0,lot38319,Edge-Loc,wf_image_9656.png,cal
9657,9657,515.0,lot35962,Center,wf_image_9657.png,train
9658,9658,1999.0,lot15000,Edge-Ring,wf_image_9658.png,test
9659,9659,533.0,lot40404,Loc,wf_image_9659.png,test
9660,9660,1349.0,lot2375,Random,wf_image_9660.png,train
9661,9661,846.0,lot5654,Loc,wf_image_9661.png,train
9662,9662,515.0,lot36752,Center,wf_image_9662.png,train
9663,9663,533.0,lot40386,Loc,wf_image_9663.png,train
9664,9664,600.0,lot47508,Edge-Ring,wf_image_9664.png,test
9665,9665,1075.0,lot11590,Edge-Ring,wf_image_9665.png,train
9666,9666,741.0,lot44300,Scratch,wf_image_9666.png,cal
9667,9667,2126.0,lot21581,Edge-Ring,wf_image_9667.png,test
9668,9668,741.0,lot44542,Edge-Loc,wf_image_9668.png,train
9669,9669,741.0,lot44307,Near-full,wf_image_9669.png,train
9670,9670,515.0,lot35966,Center,wf_image_9670.png,train
9671,9671,1060.0,lot47330,Loc,wf_image_9671.png,test
9672,9672,2126.0,lot18022,Edge-Ring,wf_image_9672.png,train
9673,9673,1421.0,lot44790,Edge-Ring,wf_image_9673.png,val
9674,9674,3036.0,lot10187,Edge-Ring,wf_image_9674.png,test
9675,9675,1291.0,lot13717,Edge-Ring,wf_image_9675.png,cal
9676,9676,1999.0,lot15009,Edge-Ring,wf_image_9676.png,val
9677,9677,776.0,lot3379,Edge-Ring,wf_image_9677.png,cal
9678,9678,1130.0,lot24478,Loc,wf_image_9678.png,train
9679,9679,600.0,lot47528,Edge-Ring,wf_image_9679.png,train
9680,9680,3036.0,lot2075,Edge-Ring,wf_image_9680.png,train
9681,9681,1109.0,lot45336,Scratch,wf_image_9681.png,train
9682,9682,562.0,lot46740,Loc,wf_image_9682.png,train
9683,9683,1334.0,lot17149,Loc,wf_image_9683.png,train
9684,9684,841.0,lot42322,Edge-Loc,wf_image_9684.png,val
9685,9685,741.0,lot44192,Donut,wf_image_9685.png,train
9686,9686,533.0,lot40526,Scratch,wf_image_9686.png,train
9687,9687,1376.0,lot45875,Scratch,wf_image_9687.png,train
9688,9688,939.0,lot5998,Loc,wf_image_9688.png,cal
9689,9689,1075.0,lot13965,Edge-Ring,wf_image_9689.png,train
9690,9690,518.0,lot45240,Loc,wf_image_9690.png,cal
9691,9691,3036.0,lot11857,Edge-Ring,wf_image_9691.png,test
9692,9692,3036.0,lot12754,Edge-Ring,wf_image_9692.png,train
9693,9693,1376.0,lot45710,Edge-Loc,wf_image_9693.png,train
9694,9694,1801.0,lot5916,Edge-Loc,wf_image_9694.png,train
9695,9695,736.0,lot12438,Center,wf_image_9695.png,train
9696,9696,3036.0,lot9337,Edge-Ring,wf_image_9696.png,val
9697,9697,741.0,lot44331,Scratch,wf_image_9697.png,test
9698,9698,1226.0,lot19237,Center,wf_image_9698.png,train
9699,9699,2126.0,lot20736,Edge-Ring,wf_image_9699.png,test
9700,9700,1999.0,lot15045,Edge-Ring,wf_image_9700.png,cal
9701,9701,2126.0,lot18020,Edge-Ring,wf_image_9701.png,train
9702,9702,12662.0,lot17263,Edge-Ring,wf_image_9702.png,train
9703,9703,515.0,lot36898,Center,wf_image_9703.png,train
9704,9704,1999.0,lot14826,Edge-Ring,wf_image_9704.png,train
9705,9705,533.0,lot242,Edge-Loc,wf_image_9705.png,cal
9706,9706,533.0,lot42125,Scratch,wf_image_9706.png,test
9707,9707,533.0,lot40567,Random,wf_image_9707.png,cal
9708,9708,518.0,lot43972,Edge-Ring,wf_image_9708.png,val
9709,9709,518.0,lot43901,Edge-Loc,wf_image_9709.png,train
9710,9710,515.0,lot35945,Center,wf_image_9710.png,test
9711,9711,1075.0,lot13965,Edge-Ring,wf_image_9711.png,train
9712,9712,1658.0,lot16604,Edge-Ring,wf_image_9712.png,test
9713,9713,1075.0,lot12907,Edge-Ring,wf_image_9713.png,val
9714,9714,515.0,lot36944,Center,wf_image_9714.png,train
9715,9715,1075.0,lot2523,Edge-Ring,wf_image_9715.png,cal
9716,9716,776.0,lot40954,Loc,wf_image_9716.png,train
9717,9717,776.0,lot40942,Loc,wf_image_9717.png,train
9718,9718,3036.0,lot11970,Edge-Ring,wf_image_9718.png,train
9719,9719,1080.0,lot25445,Edge-Ring,wf_image_9719.png,test
9720,9720,533.0,lot40381,Edge-Loc,wf_image_9720.png,train
9721,9721,1109.0,lot45541,Edge-Loc,wf_image_9721.png,train
9722,9722,516.0,lot42955,Edge-Loc,wf_image_9722.png,train
9723,9723,1075.0,lot23108,Edge-Ring,wf_image_9723.png,cal
9724,9724,1075.0,lot23100,Edge-Ring,wf_image_9724.png,train
9725,9725,1801.0,lot4668,Edge-Loc,wf_image_9725.png,train
9726,9726,515.0,lot33077,Center,wf_image_9726.png,train
9727,9727,1376.0,lot45756,Edge-Loc,wf_image_9727.png,test
9728,9728,533.0,lot40591,Scratch,wf_image_9728.png,train
9729,9729,2126.0,lot20730,Edge-Ring,wf_image_9729.png,val
9730,9730,1109.0,lot45378,Edge-Loc,wf_image_9730.png,train
9731,9731,3927.0,lot2157,Scratch,wf_image_9731.png,train
9732,9732,1658.0,lot23110,Edge-Ring,wf_image_9732.png,train
9733,9733,600.0,lot47523,Edge-Loc,wf_image_9733.png,train
9734,9734,904.0,lot45634,Random,wf_image_9734.png,train
9735,9735,1075.0,lot2515,Edge-Ring,wf_image_9735.png,train
9736,9736,515.0,lot39556,Center,wf_image_9736.png,test
9737,9737,1075.0,lot2524,Edge-Ring,wf_image_9737.png,train
9738,9738,518.0,lot44901,Edge-Loc,wf_image_9738.png,test
9739,9739,12662.0,lot17263,Edge-Ring,wf_image_9739.png,test
9740,9740,515.0,lot36954,Center,wf_image_9740.png,train
9741,9741,1129.0,lot11884,Edge-Ring,wf_image_9741.png,train
9742,9742,1226.0,lot20985,Loc,wf_image_9742.png,train
9743,9743,1075.0,lot44164,Edge-Ring,wf_image_9743.png,train
9744,9744,562.0,lot46798,Edge-Loc,wf_image_9744.png,test
9745,9745,3036.0,lot10186,Edge-Ring,wf_image_9745.png,train
9746,9746,533.0,lot40378,Random,wf_image_9746.png,train
9747,9747,3036.0,lot12766,Edge-Ring,wf_image_9747.png,val
9748,9748,562.0,lot47115,Loc,wf_image_9748.png,train
9749,9749,1376.0,lot45911,Edge-Loc,wf_image_9749.png,train
9750,9750,846.0,lot36378,Center,wf_image_9750.png,val
9751,9751,844.0,lot42199,Loc,wf_image_9751.png,val
9752,9752,1421.0,lot44788,Edge-Ring,wf_image_9752.png,val
9753,9753,3036.0,lot11969,Edge-Ring,wf_image_9753.png,val
9754,9754,2126.0,lot20135,Edge-Ring,wf_image_9754.png,train
9755,9755,1109.0,lot45529,Center,wf_image_9755.png,train
9756,9756,533.0,lot42159,Scratch,wf_image_9756.png,train
9757,9757,1226.0,lot23639,Center,wf_image_9757.png,cal
9758,9758,2126.0,lot21039,Edge-Ring,wf_image_9758.png,train
9759,9759,515.0,lot36783,Center,wf_image_9759.png,train
9760,9760,600.0,lot47497,Random,wf_image_9760.png,test
9761,9761,1075.0,lot12908,Edge-Ring,wf_image_9761.png,train
9762,9762,1376.0,lot45707,Edge-Loc,wf_image_9762.png,val
9763,9763,1075.0,lot23101,Edge-Ring,wf_image_9763.png,train
9764,9764,939.0,lot6260,Center,wf_image_9764.png,train
9765,9765,3927.0,lot9149,Edge-Ring,wf_image_9765.png,train
9766,9766,2126.0,lot20906,Edge-Ring,wf_image_9766.png,train
9767,9767,1080.0,lot23518,Donut,wf_image_9767.png,train
9768,9768,1075.0,lot13963,Edge-Ring,wf_image_9768.png,cal
9769,9769,2126.0,lot20903,Edge-Ring,wf_image_9769.png,train
9770,9770,843.0,lot42192,Donut,wf_image_9770.png,cal
9771,9771,1129.0,lot5677,Loc,wf_image_9771.png,train
9772,9772,1421.0,lot44786,Edge-Ring,wf_image_9772.png,val
9773,9773,1075.0,lot12905,Edge-Ring,wf_image_9773.png,val
9774,9774,939.0,lot6331,Loc,wf_image_9774.png,train
9775,9775,1060.0,lot47468,Edge-Loc,wf_image_9775.png,cal
9776,9776,516.0,lot43064,Edge-Loc,wf_image_9776.png,test
9777,9777,2126.0,lot20909,Edge-Ring,wf_image_9777.png,train
9778,9778,2126.0,lot22471,Edge-Ring,wf_image_9778.png,test
9779,9779,1074.0,lot44165,Edge-Ring,wf_image_9779.png,train
9780,9780,516.0,lot43583,Scratch,wf_image_9780.png,train
9781,9781,1253.0,lot2693,Edge-Ring,wf_image_9781.png,train
9782,9782,518.0,lot45293,Loc,wf_image_9782.png,val
9783,9783,1129.0,lot42673,Edge-Loc,wf_image_9783.png,test
9784,9784,12662.0,lot19852,Edge-Ring,wf_image_9784.png,train
9785,9785,518.0,lot45279,Edge-Loc,wf_image_9785.png,train
9786,9786,515.0,lot33078,Center,wf_image_9786.png,train
9787,9787,741.0,lot44352,Loc,wf_image_9787.png,train
9788,9788,515.0,lot36547,Center,wf_image_9788.png,train
9789,9789,515.0,lot36909,Center,wf_image_9789.png,train
9790,9790,1109.0,lot45464,Center,wf_image_9790.png,test
9791,9791,562.0,lot46918,Scratch,wf_image_9791.png,train
9792,9792,1334.0,lot17176,Donut,wf_image_9792.png,test
9793,9793,600.0,lot47482,Center,wf_image_9793.png,test
9794,9794,515.0,lot10295,Center,wf_image_9794.png,train
9795,9795,1075.0,lot13961,Edge-Ring,wf_image_9795.png,val
9796,9796,846.0,lot36209,Edge-Loc,wf_image_9796.png,test
9797,9797,1075.0,lot23109,Edge-Ring,wf_image_9797.png,cal
9798,9798,515.0,lot36644,Center,wf_image_9798.png,train
9799,9799,515.0,lot36825,Center,wf_image_9799.png,train
9800,9800,1060.0,lot47464,Edge-Loc,wf_image_9800.png,val
9801,9801,1075.0,lot23107,Edge-Ring,wf_image_9801.png,test
9802,9802,518.0,lot43960,Edge-Ring,wf_image_9802.png,test
9803,9803,846.0,lot5648,Edge-Loc,wf_image_9803.png,test
9804,9804,3036.0,lot10182,Edge-Ring,wf_image_9804.png,train
9805,9805,3036.0,lot11631,Edge-Ring,wf_image_9805.png,cal
9806,9806,12662.0,lot17262,Edge-Ring,wf_image_9806.png,train
9807,9807,741.0,lot44341,Loc,wf_image_9807.png,val
9808,9808,1075.0,lot2150,Edge-Ring,wf_image_9808.png,train
9809,9809,12662.0,lot24522,Edge-Ring,wf_image_9809.png,cal
9810,9810,515.0,lot36847,Center,wf_image_9810.png,train
9811,9811,562.0,lot47055,Scratch,wf_image_9811.png,val
9812,9812,1075.0,lot2500,Edge-Ring,wf_image_9812.png,train
9813,9813,12662.0,lot24524,Edge-Ring,wf_image_9813.png,train
9814,9814,600.0,lot47504,Loc,wf_image_9814.png,train
9815,9815,3036.0,lot11630,Edge-Ring,wf_image_9815.png,val
9816,9816,1658.0,lot16554,Edge-Ring,wf_image_9816.png,test
9817,9817,3036.0,lot3108,Edge-Ring,wf_image_9817.png,train
9818,9818,1789.0,lot4734,Edge-Loc,wf_image_9818.png,train
9819,9819,1376.0,lot45807,Loc,wf_image_9819.png,train
9820,9820,3927.0,lot2153,Edge-Ring,wf_image_9820.png,cal
9821,9821,845.0,lot7259,Edge-Loc,wf_image_9821.png,test
9822,9822,939.0,lot6262,Center,wf_image_9822.png,val
9823,9823,939.0,lot6097,Loc,wf_image_9823.png,test
9824,9824,1349.0,lot2423,Random,wf_image_9824.png,cal
9825,9825,1376.0,lot45899,Edge-Loc,wf_image_9825.png,val
9826,9826,1075.0,lot13491,Edge-Ring,wf_image_9826.png,train
9827,9827,2126.0,lot22477,Edge-Ring,wf_image_9827.png,train
9828,9828,741.0,lot2231,Edge-Loc,wf_image_9828.png,val
9829,9829,2126.0,lot20732,Edge-Ring,wf_image_9829.png,train
9830,9830,533.0,lot40573,Random,wf_image_9830.png,train
9831,9831,939.0,lot6331,Loc,wf_image_9831.png,train
9832,9832,518.0,lot44898,Edge-Loc,wf_image_9832.png,test
9833,9833,844.0,lot42212,Donut,wf_image_9833.png,cal
9834,9834,776.0,lot2993,Edge-Loc,wf_image_9834.png,train
9835,9835,2126.0,lot20903,Edge-Ring,wf_image_9835.png,val
9836,9836,516.0,lot43588,Center,wf_image_9836.png,cal
9837,9837,1334.0,lot17106,Random,wf_image_9837.png,test
9838,9838,533.0,lot40556,Random,wf_image_9838.png,val
9839,9839,1129.0,lot5677,Edge-Loc,wf_image_9839.png,train
9840,9840,1291.0,lot13715,Edge-Ring,wf_image_9840.png,train
9841,9841,2126.0,lot20911,Edge-Ring,wf_image_9841.png,val
9842,9842,533.0,lot40490,Scratch,wf_image_9842.png,val
9843,9843,1376.0,lot45781,Edge-Loc,wf_image_9843.png,test
9844,9844,1075.0,lot2510,Edge-Ring,wf_image_9844.png,val
9845,9845,1349.0,lot2377,Random,wf_image_9845.png,test
9846,9846,1075.0,lot2518,Edge-Ring,wf_image_9846.png,val
9847,9847,515.0,lot32047,Edge-Ring,wf_image_9847.png,cal
9848,9848,3036.0,lot2077,Edge-Ring,wf_image_9848.png,val
9849,9849,1080.0,lot18746,Edge-Ring,wf_image_9849.png,train
9850,9850,1334.0,lot17183,Loc,wf_image_9850.png,train
9851,9851,3036.0,lot11878,Edge-Ring,wf_image_9851.png,train
9852,9852,515.0,lot36950,Center,wf_image_9852.png,train
9853,9853,1129.0,lot42615,Edge-Loc,wf_image_9853.png,train
9854,9854,1129.0,lot42626,Loc,wf_image_9854.png,train
9855,9855,1799.0,lot4642,Edge-Loc,wf_image_9855.png,train
9856,9856,845.0,lot42368,Edge-Loc,wf_image_9856.png,train
9857,9857,1075.0,lot23103,Edge-Ring,wf_image_9857.png,val
9858,9858,3036.0,lot12769,Edge-Ring,wf_image_9858.png,train
9859,9859,1075.0,lot12909,Edge-Ring,wf_image_9859.png,train
9860,9860,3036.0,lot11630,Edge-Ring,wf_image_9860.png,cal
9861,9861,1658.0,lot16600,Edge-Ring,wf_image_9861.png,test
9862,9862,1075.0,lot25392,Edge-Ring,wf_image_9862.png,test
9863,9863,533.0,lot42156,Random,wf_image_9863.png,test
9864,9864,1135.0,lot42759,Scratch,wf_image_9864.png,cal
9865,9865,2126.0,lot20907,Edge-Ring,wf_image_9865.png,train
9866,9866,1334.0,lot17141,Donut,wf_image_9866.png,train
9867,9867,776.0,lot41170,Scratch,wf_image_9867.png,train
9868,9868,515.0,lot32899,Center,wf_image_9868.png,train
9869,9869,733.0,lot35029,Center,wf_image_9869.png,cal
9870,9870,3036.0,lot2075,Edge-Ring,wf_image_9870.png,test
9871,9871,3036.0,lot12765,Edge-Ring,wf_image_9871.png,train
9872,9872,1658.0,lot23844,Edge-Ring,wf_image_9872.png,train
9873,9873,904.0,lot45647,Edge-Loc,wf_image_9873.png,test
9874,9874,1421.0,lot44811,Edge-Ring,wf_image_9874.png,test
9875,9875,515.0,lot36944,Center,wf_image_9875.png,test
9876,9876,516.0,lot43567,Random,wf_image_9876.png,test
9877,9877,1291.0,lot13714,Edge-Ring,wf_image_9877.png,test
9878,9878,1109.0,lot45426,Center,wf_image_9878.png,test
9879,9879,1075.0,lot13966,Edge-Ring,wf_image_9879.png,train
9880,9880,3036.0,lot11877,Edge-Ring,wf_image_9880.png,train
9881,9881,1075.0,lot12909,Edge-Ring,wf_image_9881.png,val
9882,9882,1658.0,lot16600,Edge-Ring,wf_image_9882.png,train
9883,9883,1658.0,lot16600,Edge-Ring,wf_image_9883.png,train
9884,9884,776.0,lot44096,Donut,wf_image_9884.png,train
9885,9885,12662.0,lot24524,Edge-Ring,wf_image_9885.png,test
9886,9886,3927.0,lot9146,Edge-Ring,wf_image_9886.png,train
9887,9887,515.0,lot35939,Center,wf_image_9887.png,train
9888,9888,1075.0,lot23102,Edge-Ring,wf_image_9888.png,test
9889,9889,2126.0,lot22490,Edge-Ring,wf_image_9889.png,train
9890,9890,3036.0,lot12760,Edge-Ring,wf_image_9890.png,train
9891,9891,1376.0,lot45744,Edge-Loc,wf_image_9891.png,train
9892,9892,846.0,lot5648,Edge-Loc,wf_image_9892.png,train
9893,9893,776.0,lot40807,Center,wf_image_9893.png,test
9894,9894,516.0,lot43555,Edge-Loc,wf_image_9894.png,test
9895,9895,515.0,lot36989,Center,wf_image_9895.png,test
9896,9896,1075.0,lot12906,Edge-Ring,wf_image_9896.png,train
9897,9897,843.0,lot42358,Scratch,wf_image_9897.png,cal
9898,9898,12662.0,lot19862,Random,wf_image_9898.png,test
9899,9899,3927.0,lot11171,Edge-Ring,wf_image_9899.png,cal
9900,9900,516.0,lot42997,Edge-Loc,wf_image_9900.png,train
9901,9901,1349.0,lot2375,Random,wf_image_9901.png,train
9902,9902,1376.0,lot45891,Edge-Loc,wf_image_9902.png,test
9903,9903,2126.0,lot21581,Edge-Ring,wf_image_9903.png,train
9904,9904,1075.0,lot44171,Edge-Ring,wf_image_9904.png,train
9905,9905,515.0,lot39579,Center,wf_image_9905.png,test
9906,9906,844.0,lot42347,Loc,wf_image_9906.png,test
9907,9907,846.0,lot5496,Edge-Loc,wf_image_9907.png,train
9908,9908,515.0,lot36808,Center,wf_image_9908.png,test
9909,9909,515.0,lot36549,Center,wf_image_9909.png,test
9910,9910,515.0,lot36723,Center,wf_image_9910.png,train
9911,9911,741.0,lot3191,Edge-Ring,wf_image_9911.png,val
9912,9912,776.0,lot2993,Edge-Loc,wf_image_9912.png,train
9913,9913,518.0,lot43889,Edge-Ring,wf_image_9913.png,train
9914,9914,3036.0,lot11878,Edge-Ring,wf_image_9914.png,test
9915,9915,1075.0,lot2150,Edge-Ring,wf_image_9915.png,train
9916,9916,845.0,lot7258,Loc,wf_image_9916.png,train
9917,9917,1334.0,lot17106,Center,wf_image_9917.png,train
9918,9918,846.0,lot29747,Edge-Ring,wf_image_9918.png,train
9919,9919,2126.0,lot22474,Edge-Ring,wf_image_9919.png,train
9920,9920,1080.0,lot26300,Edge-Ring,wf_image_9920.png,train
9921,9921,515.0,lot10291,Center,wf_image_9921.png,train
9922,9922,939.0,lot2257,Edge-Ring,wf_image_9922.png,train
9923,9923,533.0,lot8342,Random,wf_image_9923.png,train
9924,9924,562.0,lot46797,Scratch,wf_image_9924.png,test
9925,9925,515.0,lot35958,Center,wf_image_9925.png,val
9926,9926,515.0,lot39525,Center,wf_image_9926.png,test
9927,9927,2126.0,lot18382,Edge-Ring,wf_image_9927.png,train
9928,9928,3036.0,lot10183,Edge-Ring,wf_image_9928.png,train
9929,9929,1658.0,lot16607,Edge-Ring,wf_image_9929.png,test
9930,9930,1060.0,lot47375,Loc,wf_image_9930.png,test
9931,9931,1421.0,lot44801,Scratch,wf_image_9931.png,test
9932,9932,515.0,lot35960,Center,wf_image_9932.png,cal
9933,9933,562.0,lot46895,Scratch,wf_image_9933.png,train
9934,9934,1075.0,lot2498,Edge-Ring,wf_image_9934.png,train
9935,9935,2126.0,lot21042,Edge-Ring,wf_image_9935.png,test
9936,9936,1080.0,lot26516,Loc,wf_image_9936.png,cal
9937,9937,1658.0,lot16554,Edge-Ring,wf_image_9937.png,train
9938,9938,1080.0,lot26441,Loc,wf_image_9938.png,train
9939,9939,846.0,lot36321,Edge-Loc,wf_image_9939.png,train
9940,9940,1129.0,lot11432,Random,wf_image_9940.png,cal
9941,9941,1109.0,lot45360,Loc,wf_image_9941.png,train
9942,9942,515.0,lot36547,Center,wf_image_9942.png,train
9943,9943,3036.0,lot11965,Edge-Ring,wf_image_9943.png,train
9944,9944,3036.0,lot12745,Edge-Ring,wf_image_9944.png,test
9945,9945,741.0,lot44176,Edge-Loc,wf_image_9945.png,train
9946,9946,2126.0,lot21560,Edge-Ring,wf_image_9946.png,cal
9947,9947,2126.0,lot18376,Edge-Ring,wf_image_9947.png,cal
9948,9948,3036.0,lot12746,Edge-Ring,wf_image_9948.png,val
9949,9949,939.0,lot6498,Loc,wf_image_9949.png,train
9950,9950,562.0,lot46999,Edge-Loc,wf_image_9950.png,val
9951,9951,1334.0,lot17190,Loc,wf_image_9951.png,cal
9952,9952,710.0,lot4409,Edge-Loc,wf_image_9952.png,train
9953,9953,3036.0,lot11843,Edge-Ring,wf_image_9953.png,train
9954,9954,939.0,lot7838,Random,wf_image_9954.png,train
9955,9955,515.0,lot39704,Center,wf_image_9955.png,test
9956,9956,515.0,lot35919,Center,wf_image_9956.png,val
9957,9957,710.0,lot38319,Edge-Loc,wf_image_9957.png,cal
9958,9958,845.0,lot42205,Loc,wf_image_9958.png,val
9959,9959,533.0,lot40642,Random,wf_image_9959.png,val
9960,9960,3927.0,lot2534,Edge-Ring,wf_image_9960.png,test
9961,9961,1075.0,lot44170,Edge-Ring,wf_image_9961.png,test
9962,9962,1075.0,lot2511,Edge-Ring,wf_image_9962.png,test
9963,9963,1349.0,lot2423,Random,wf_image_9963.png,train
9964,9964,515.0,lot36826,Center,wf_image_9964.png,test
9965,9965,846.0,lot36526,Edge-Loc,wf_image_9965.png,val
9966,9966,515.0,lot36990,Center,wf_image_9966.png,cal
9967,9967,515.0,lot33064,Center,wf_image_9967.png,cal
9968,9968,1376.0,lot45736,Edge-Loc,wf_image_9968.png,train
9969,9969,533.0,lot48,Random,wf_image_9969.png,test
9970,9970,12662.0,lot19856,Edge-Ring,wf_image_9970.png,test
9971,9971,515.0,lot36781,Center,wf_image_9971.png,train
9972,9972,3036.0,lot11631,Edge-Ring,wf_image_9972.png,cal
9973,9973,845.0,lot42352,Scratch,wf_image_9973.png,train
9974,9974,1075.0,lot2522,Edge-Ring,wf_image_9974.png,val
9975,9975,515.0,lot36825,Center,wf_image_9975.png,train
9976,9976,515.0,lot35967,Center,wf_image_9976.png,train
9977,9977,3927.0,lot11171,Edge-Ring,wf_image_9977.png,train
9978,9978,3036.0,lot12748,Edge-Ring,wf_image_9978.png,cal
9979,9979,1109.0,lot45336,Edge-Loc,wf_image_9979.png,test
9980,9980,516.0,lot43014,Edge-Loc,wf_image_9980.png,train
9981,9981,1291.0,lot13714,Edge-Ring,wf_image_9981.png,train
9982,9982,562.0,lot46811,Scratch,wf_image_9982.png,val
9983,9983,1060.0,lot47444,Near-full,wf_image_9983.png,train
9984,9984,533.0,lot42141,Loc,wf_image_9984.png,val
9985,9985,515.0,lot36839,Center,wf_image_9985.png,test
9986,9986,3036.0,lot11965,Edge-Ring,wf_image_9986.png,test
9987,9987,939.0,lot6367,Loc,wf_image_9987.png,test
9988,9988,600.0,lot47500,Scratch,wf_image_9988.png,cal
9989,9989,518.0,lot43989,Edge-Ring,wf_image_9989.png,test
9990,9990,1075.0,lot2525,Edge-Ring,wf_image_9990.png,cal
9991,9991,2126.0,lot22488,Edge-Ring,wf_image_9991.png,cal
9992,9992,1376.0,lot45857,Edge-Loc,wf_image_9992.png,cal
9993,9993,533.0,lot250,Edge-Loc,wf_image_9993.png,test
9994,9994,515.0,lot36857,Center,wf_image_9994.png,test
9995,9995,904.0,lot2064,Loc,wf_image_9995.png,test
9996,9996,3036.0,lot2075,Edge-Ring,wf_image_9996.png,train
9997,9997,1376.0,lot45862,Edge-Loc,wf_image_9997.png,train
9998,9998,515.0,lot36634,Center,wf_image_9998.png,val
9999,9999,515.0,lot8217,Random,wf_image_9999.png,train
10000,10000,515.0,lot39512,Center,wf_image_10000.png,test
10001,10001,1060.0,lot47428,Edge-Loc,wf_image_10001.png,train
10002,10002,1080.0,lot21797,Loc,wf_image_10002.png,train
10003,10003,1801.0,lot4642,Edge-Loc,wf_image_10003.png,train
10004,10004,3036.0,lot11971,Edge-Ring,wf_image_10004.png,val
10005,10005,1801.0,lot5917,Edge-Loc,wf_image_10005.png,val
10006,10006,1075.0,lot2527,Edge-Ring,wf_image_10006.png,cal
10007,10007,1349.0,lot2423,Random,wf_image_10007.png,test
10008,10008,846.0,lot5307,Edge-Loc,wf_image_10008.png,train
10009,10009,1109.0,lot45322,Edge-Loc,wf_image_10009.png,train
10010,10010,741.0,lot44274,Scratch,wf_image_10010.png,train
10011,10011,1075.0,lot23099,Edge-Ring,wf_image_10011.png,cal
10012,10012,776.0,lot40826,Loc,wf_image_10012.png,train
10013,10013,776.0,lot40872,Loc,wf_image_10013.png,train
10014,10014,1421.0,lot44811,Edge-Ring,wf_image_10014.png,test
10015,10015,515.0,lot32793,Center,wf_image_10015.png,train
10016,10016,2126.0,lot22479,Edge-Ring,wf_image_10016.png,train
10017,10017,518.0,lot45256,Loc,wf_image_10017.png,train
10018,10018,1109.0,lot45429,Edge-Loc,wf_image_10018.png,train
10019,10019,776.0,lot40732,Loc,wf_image_10019.png,train
10020,10020,843.0,lot42244,Edge-Loc,wf_image_10020.png,cal
10021,10021,3927.0,lot9152,Edge-Ring,wf_image_10021.png,train
10022,10022,515.0,lot36922,Center,wf_image_10022.png,cal
10023,10023,1129.0,lot42714,Loc,wf_image_10023.png,train
10024,10024,2126.0,lot20903,Edge-Ring,wf_image_10024.png,val
10025,10025,516.0,lot43374,Edge-Loc,wf_image_10025.png,train
10026,10026,1658.0,lot16602,Edge-Ring,wf_image_10026.png,cal
10027,10027,776.0,lot41148,Random,wf_image_10027.png,train
10028,10028,562.0,lot47059,Scratch,wf_image_10028.png,cal
10029,10029,733.0,lot26853,Edge-Ring,wf_image_10029.png,train
10030,10030,1075.0,lot23106,Edge-Ring,wf_image_10030.png,train
10031,10031,3036.0,lot11880,Edge-Ring,wf_image_10031.png,val
10032,10032,1421.0,lot44770,Edge-Loc,wf_image_10032.png,train
10033,10033,1334.0,lot17116,Donut,wf_image_10033.png,train
10034,10034,2126.0,lot20904,Edge-Ring,wf_image_10034.png,cal
10035,10035,515.0,lot36813,Center,wf_image_10035.png,train
10036,10036,1109.0,lot45559,Center,wf_image_10036.png,train
10037,10037,741.0,lot2232,Scratch,wf_image_10037.png,cal
10038,10038,1080.0,lot21646,Donut,wf_image_10038.png,cal
10039,10039,518.0,lot15596,Random,wf_image_10039.png,test
10040,10040,3036.0,lot11878,Edge-Ring,wf_image_10040.png,train
10041,10041,741.0,lot44190,Near-full,wf_image_10041.png,train
10042,10042,1421.0,lot44786,Edge-Ring,wf_image_10042.png,train
10043,10043,2126.0,lot18377,Edge-Ring,wf_image_10043.png,val
10044,10044,1658.0,lot16598,Edge-Ring,wf_image_10044.png,cal
10045,10045,1291.0,lot13716,Edge-Ring,wf_image_10045.png,cal
10046,10046,1109.0,lot45341,Edge-Loc,wf_image_10046.png,train
10047,10047,1999.0,lot15009,Edge-Ring,wf_image_10047.png,train
10048,10048,844.0,lot42207,Loc,wf_image_10048.png,test
10049,10049,516.0,lot43326,Edge-Loc,wf_image_10049.png,train
10050,10050,518.0,lot44917,Edge-Loc,wf_image_10050.png,train
10051,10051,516.0,lot43529,Loc,wf_image_10051.png,train
10052,10052,1421.0,lot44772,Edge-Ring,wf_image_10052.png,train
10053,10053,515.0,lot32221,Edge-Ring,wf_image_10053.png,train
10054,10054,1334.0,lot17169,Donut,wf_image_10054.png,train
10055,10055,533.0,lot285,Edge-Loc,wf_image_10055.png,test
10056,10056,533.0,lot40517,Edge-Loc,wf_image_10056.png,train
10057,10057,1109.0,lot45316,Edge-Loc,wf_image_10057.png,val
10058,10058,1999.0,lot14928,Edge-Ring,wf_image_10058.png,train
10059,10059,518.0,lot43937,Loc,wf_image_10059.png,cal
10060,10060,1075.0,lot2517,Edge-Ring,wf_image_10060.png,cal
10061,10061,1376.0,lot45707,Loc,wf_image_10061.png,train
10062,10062,515.0,lot36670,Center,wf_image_10062.png,val
10063,10063,533.0,lot61,Edge-Loc,wf_image_10063.png,test
10064,10064,846.0,lot5503,Edge-Loc,wf_image_10064.png,train
10065,10065,1334.0,lot23171,Random,wf_image_10065.png,train
10066,10066,600.0,lot47519,Edge-Ring,wf_image_10066.png,test
10067,10067,1080.0,lot21777,Random,wf_image_10067.png,train
10068,10068,3036.0,lot12754,Edge-Ring,wf_image_10068.png,train
10069,10069,1658.0,lot16598,Edge-Ring,wf_image_10069.png,val
10070,10070,518.0,lot43947,Center,wf_image_10070.png,train
10071,10071,518.0,lot45282,Loc,wf_image_10071.png,train
10072,10072,904.0,lot45648,Center,wf_image_10072.png,train
10073,10073,1376.0,lot45751,Edge-Loc,wf_image_10073.png,train
10074,10074,1109.0,lot45334,Edge-Loc,wf_image_10074.png,test
10075,10075,1080.0,lot26511,Edge-Loc,wf_image_10075.png,train
10076,10076,741.0,lot44322,Edge-Loc,wf_image_10076.png,test
10077,10077,1800.0,lot5906,Edge-Loc,wf_image_10077.png,test
10078,10078,515.0,lot39560,Center,wf_image_10078.png,train
10079,10079,710.0,lot40036,Random,wf_image_10079.png,train
10080,10080,1376.0,lot45764,Edge-Loc,wf_image_10080.png,train
10081,10081,12662.0,lot19849,Edge-Ring,wf_image_10081.png,train
10082,10082,1999.0,lot14822,Edge-Ring,wf_image_10082.png,test
10083,10083,533.0,lot40559,Edge-Loc,wf_image_10083.png,train
10084,10084,1075.0,lot25391,Edge-Ring,wf_image_10084.png,test
10085,10085,1658.0,lot16605,Edge-Ring,wf_image_10085.png,train
10086,10086,515.0,lot36919,Center,wf_image_10086.png,train
10087,10087,2126.0,lot21578,Edge-Ring,wf_image_10087.png,val
10088,10088,600.0,lot47510,Edge-Loc,wf_image_10088.png,train
10089,10089,3036.0,lot12754,Edge-Ring,wf_image_10089.png,test
10090,10090,1999.0,lot14928,Edge-Ring,wf_image_10090.png,test
10091,10091,2126.0,lot20910,Edge-Ring,wf_image_10091.png,train
10092,10092,3927.0,lot10008,Edge-Ring,wf_image_10092.png,train
10093,10093,710.0,lot38080,Edge-Loc,wf_image_10093.png,train
10094,10094,1349.0,lot2425,Random,wf_image_10094.png,train
10095,10095,845.0,lot42302,Edge-Loc,wf_image_10095.png,train
10096,10096,1658.0,lot16607,Edge-Ring,wf_image_10096.png,val
10097,10097,1075.0,lot44163,Edge-Ring,wf_image_10097.png,val
10098,10098,846.0,lot5376,Edge-Loc,wf_image_10098.png,test
10099,10099,1291.0,lot13709,Edge-Ring,wf_image_10099.png,cal
10100,10100,1421.0,lot44786,Edge-Ring,wf_image_10100.png,cal
10101,10101,1075.0,lot2498,Edge-Ring,wf_image_10101.png,train
10102,10102,3036.0,lot2074,Edge-Ring,wf_image_10102.png,train
10103,10103,562.0,lot47084,Loc,wf_image_10103.png,train
10104,10104,1109.0,lot45432,Edge-Loc,wf_image_10104.png,train
10105,10105,1075.0,lot44169,Edge-Ring,wf_image_10105.png,cal
10106,10106,741.0,lot44521,Near-full,wf_image_10106.png,train
10107,10107,741.0,lot2456,Edge-Loc,wf_image_10107.png,train
10108,10108,515.0,lot36675,Center,wf_image_10108.png,cal
10109,10109,1080.0,lot26491,Edge-Loc,wf_image_10109.png,test
10110,10110,904.0,lot45632,Center,wf_image_10110.png,train
10111,10111,533.0,lot10587,Edge-Loc,wf_image_10111.png,test
10112,10112,733.0,lot35076,Center,wf_image_10112.png,test
10113,10113,1376.0,lot45789,Loc,wf_image_10113.png,test
10114,10114,1376.0,lot45729,Edge-Loc,wf_image_10114.png,cal
10115,10115,1658.0,lot20569,Edge-Ring,wf_image_10115.png,train
10116,10116,1075.0,lot2507,Edge-Ring,wf_image_10116.png,train
10117,10117,776.0,lot5826,Edge-Loc,wf_image_10117.png,train
10118,10118,776.0,lot44134,Scratch,wf_image_10118.png,test
10119,10119,1999.0,lot14527,Edge-Ring,wf_image_10119.png,test
10120,10120,1129.0,lot11884,Edge-Ring,wf_image_10120.png,test
10121,10121,1060.0,lot47441,Edge-Ring,wf_image_10121.png,train
10122,10122,1109.0,lot45311,Edge-Loc,wf_image_10122.png,test
10123,10123,710.0,lot41852,Loc,wf_image_10123.png,cal
10124,10124,3927.0,lot11172,Edge-Ring,wf_image_10124.png,train
10125,10125,515.0,lot36765,Center,wf_image_10125.png,val
10126,10126,515.0,lot37021,Center,wf_image_10126.png,train
10127,10127,1226.0,lot22223,Center,wf_image_10127.png,test
10128,10128,845.0,lot42370,Donut,wf_image_10128.png,train
10129,10129,1291.0,lot13715,Edge-Ring,wf_image_10129.png,test
10130,10130,533.0,lot40387,Scratch,wf_image_10130.png,cal
10131,10131,904.0,lot45641,Center,wf_image_10131.png,test
10132,10132,515.0,lot10374,Random,wf_image_10132.png,val
10133,10133,776.0,lot44112,Loc,wf_image_10133.png,train
10134,10134,516.0,lot43301,Edge-Loc,wf_image_10134.png,train
10135,10135,2126.0,lot20728,Edge-Ring,wf_image_10135.png,test
10136,10136,533.0,lot40484,Loc,wf_image_10136.png,test
10137,10137,1075.0,lot25391,Edge-Ring,wf_image_10137.png,test
10138,10138,1421.0,lot44817,Edge-Ring,wf_image_10138.png,train
10139,10139,1658.0,lot18375,Edge-Ring,wf_image_10139.png,test
10140,10140,515.0,lot36723,Center,wf_image_10140.png,test
10141,10141,515.0,lot32162,Scratch,wf_image_10141.png,train
10142,10142,533.0,lot40637,Loc,wf_image_10142.png,val
10143,10143,3927.0,lot9156,Edge-Ring,wf_image_10143.png,test
10144,10144,776.0,lot40765,Edge-Loc,wf_image_10144.png,cal
10145,10145,1801.0,lot4082,Edge-Loc,wf_image_10145.png,train
10146,10146,776.0,lot41163,Edge-Loc,wf_image_10146.png,train
10147,10147,3036.0,lot12757,Edge-Ring,wf_image_10147.png,cal
10148,10148,1080.0,lot18741,Edge-Ring,wf_image_10148.png,cal
10149,10149,939.0,lot7846,Loc,wf_image_10149.png,cal
10150,10150,1421.0,lot44804,Edge-Loc,wf_image_10150.png,cal
10151,10151,562.0,lot46797,Edge-Loc,wf_image_10151.png,train
10152,10152,1109.0,lot45578,Donut,wf_image_10152.png,test
10153,10153,1376.0,lot45715,Edge-Loc,wf_image_10153.png,cal
10154,10154,741.0,lot44496,Loc,wf_image_10154.png,val
10155,10155,1075.0,lot23105,Edge-Ring,wf_image_10155.png,test
10156,10156,515.0,lot36709,Center,wf_image_10156.png,test
10157,10157,1334.0,lot17134,Donut,wf_image_10157.png,cal
10158,10158,1334.0,lot17130,Donut,wf_image_10158.png,train
10159,10159,518.0,lot43973,Loc,wf_image_10159.png,train
10160,10160,741.0,lot44317,Loc,wf_image_10160.png,train
10161,10161,562.0,lot46979,Scratch,wf_image_10161.png,train
10162,10162,939.0,lot3830,Loc,wf_image_10162.png,train
10163,10163,1999.0,lot15045,Edge-Ring,wf_image_10163.png,cal
10164,10164,516.0,lot43213,Loc,wf_image_10164.png,train
10165,10165,736.0,lot42845,Edge-Loc,wf_image_10165.png,val
10166,10166,1421.0,lot44789,Edge-Ring,wf_image_10166.png,test
10167,10167,518.0,lot43975,Edge-Ring,wf_image_10167.png,train
10168,10168,1109.0,lot45327,Edge-Loc,wf_image_10168.png,train
10169,10169,904.0,lot45622,Center,wf_image_10169.png,val
10170,10170,2126.0,lot18022,Edge-Ring,wf_image_10170.png,train
10171,10171,516.0,lot43009,Loc,wf_image_10171.png,train
10172,10172,844.0,lot42254,Random,wf_image_10172.png,train
10173,10173,1421.0,lot44816,Edge-Ring,wf_image_10173.png,test
10174,10174,846.0,lot5225,Edge-Loc,wf_image_10174.png,test
10175,10175,600.0,lot47485,Edge-Loc,wf_image_10175.png,cal
10176,10176,515.0,lot36989,Center,wf_image_10176.png,val
10177,10177,2126.0,lot21044,Edge-Ring,wf_image_10177.png,cal
10178,10178,533.0,lot85,Random,wf_image_10178.png,val
10179,10179,939.0,lot5998,Loc,wf_image_10179.png,train
10180,10180,1075.0,lot25392,Edge-Ring,wf_image_10180.png,test
10181,10181,1075.0,lot23101,Edge-Ring,wf_image_10181.png,train
10182,10182,1106.0,lot10954,Scratch,wf_image_10182.png,train
10183,10183,776.0,lot4893,Edge-Loc,wf_image_10183.png,cal
10184,10184,1075.0,lot2504,Edge-Ring,wf_image_10184.png,test
10185,10185,1073.0,lot44163,Edge-Ring,wf_image_10185.png,cal
10186,10186,1376.0,lot45743,Edge-Loc,wf_image_10186.png,test
10187,10187,1334.0,lot45960,Scratch,wf_image_10187.png,val
10188,10188,776.0,lot41178,Scratch,wf_image_10188.png,test
10189,10189,1075.0,lot25393,Edge-Ring,wf_image_10189.png,train
10190,10190,515.0,lot6173,Center,wf_image_10190.png,test
10191,10191,939.0,lot3936,Edge-Loc,wf_image_10191.png,cal
10192,10192,1075.0,lot44169,Edge-Ring,wf_image_10192.png,train
10193,10193,845.0,lot42252,Edge-Loc,wf_image_10193.png,test
10194,10194,846.0,lot5372,Edge-Loc,wf_image_10194.png,cal
10195,10195,600.0,lot47481,Edge-Loc,wf_image_10195.png,train
10196,10196,1658.0,lot23110,Edge-Ring,wf_image_10196.png,test
10197,10197,1658.0,lot16601,Edge-Ring,wf_image_10197.png,test
10198,10198,1075.0,lot44164,Edge-Ring,wf_image_10198.png,val
10199,10199,1334.0,lot17178,Donut,wf_image_10199.png,train
10200,10200,1376.0,lot45791,Edge-Loc,wf_image_10200.png,val
10201,10201,1075.0,lot2525,Edge-Ring,wf_image_10201.png,cal
10202,10202,1075.0,lot2522,Edge-Ring,wf_image_10202.png,test
10203,10203,939.0,lot3850,Edge-Loc,wf_image_10203.png,test
10204,10204,533.0,lot40389,Center,wf_image_10204.png,train
10205,10205,3036.0,lot12760,Edge-Ring,wf_image_10205.png,cal
10206,10206,1080.0,lot21778,Random,wf_image_10206.png,train
10207,10207,1376.0,lot45719,Edge-Loc,wf_image_10207.png,train
10208,10208,515.0,lot36722,Center,wf_image_10208.png,test
10209,10209,2126.0,lot22476,Edge-Ring,wf_image_10209.png,train
10210,10210,518.0,lot44945,Scratch,wf_image_10210.png,train
10211,10211,1291.0,lot10942,Edge-Loc,wf_image_10211.png,train
10212,10212,776.0,lot44053,Loc,wf_image_10212.png,train
10213,10213,515.0,lot35905,Center,wf_image_10213.png,cal
10214,10214,2126.0,lot20738,Edge-Ring,wf_image_10214.png,train
10215,10215,2126.0,lot20729,Edge-Ring,wf_image_10215.png,cal
10216,10216,515.0,lot39622,Center,wf_image_10216.png,cal
10217,10217,1060.0,lot47315,Center,wf_image_10217.png,test
10218,10218,3036.0,lot11967,Edge-Ring,wf_image_10218.png,train
10219,10219,939.0,lot7846,Loc,wf_image_10219.png,train
10220,10220,2126.0,lot20907,Edge-Ring,wf_image_10220.png,train
10221,10221,1291.0,lot13717,Edge-Ring,wf_image_10221.png,train
10222,10222,1075.0,lot44168,Near-full,wf_image_10222.png,train
10223,10223,1376.0,lot45731,Edge-Loc,wf_image_10223.png,train
10224,10224,1139.0,lot16894,Center,wf_image_10224.png,train
10225,10225,1075.0,lot12907,Edge-Ring,wf_image_10225.png,train
10226,10226,2126.0,lot18019,Edge-Ring,wf_image_10226.png,val
10227,10227,562.0,lot47025,Edge-Ring,wf_image_10227.png,test
10228,10228,1075.0,lot13966,Edge-Ring,wf_image_10228.png,cal
10229,10229,776.0,lot40784,Edge-Loc,wf_image_10229.png,test
10230,10230,710.0,lot35254,Loc,wf_image_10230.png,train
10231,10231,3036.0,lot12749,Edge-Ring,wf_image_10231.png,train
10232,10232,1349.0,lot2425,Random,wf_image_10232.png,train
10233,10233,3927.0,lot9152,Edge-Ring,wf_image_10233.png,train
10234,10234,712.0,lot41365,Random,wf_image_10234.png,train
10235,10235,533.0,lot40569,Near-full,wf_image_10235.png,test
10236,10236,1109.0,lot45320,Edge-Loc,wf_image_10236.png,train
10237,10237,1376.0,lot45778,Scratch,wf_image_10237.png,train
10238,10238,518.0,lot43893,Near-full,wf_image_10238.png,cal
10239,10239,1334.0,lot17158,Donut,wf_image_10239.png,train
10240,10240,845.0,lot7311,Loc,wf_image_10240.png,train
10241,10241,1129.0,lot42736,Edge-Loc,wf_image_10241.png,test
10242,10242,1074.0,lot44162,Edge-Ring,wf_image_10242.png,train
10243,10243,939.0,lot6233,Loc,wf_image_10243.png,train
10244,10244,710.0,lot35537,Center,wf_image_10244.png,train
10245,10245,515.0,lot32893,Center,wf_image_10245.png,train
10246,10246,1109.0,lot45532,Center,wf_image_10246.png,cal
10247,10247,1801.0,lot4733,Edge-Loc,wf_image_10247.png,cal
10248,10248,1226.0,lot19243,Center,wf_image_10248.png,test
10249,10249,2126.0,lot22474,Edge-Ring,wf_image_10249.png,test
10250,10250,844.0,lot7256,Loc,wf_image_10250.png,train
10251,10251,1075.0,lot23104,Edge-Ring,wf_image_10251.png,val
10252,10252,3036.0,lot12757,Edge-Ring,wf_image_10252.png,cal
10253,10253,1801.0,lot6430,Edge-Ring,wf_image_10253.png,test
10254,10254,1376.0,lot19251,Loc,wf_image_10254.png,val
10255,10255,515.0,lot36670,Center,wf_image_10255.png,test
10256,10256,2126.0,lot20133,Edge-Ring,wf_image_10256.png,test
10257,10257,1075.0,lot23098,Edge-Ring,wf_image_10257.png,train
10258,10258,2126.0,lot20733,Edge-Ring,wf_image_10258.png,train
10259,10259,710.0,lot38177,Edge-Loc,wf_image_10259.png,train
10260,10260,1075.0,lot2519,Edge-Ring,wf_image_10260.png,train
10261,10261,1421.0,lot44778,Edge-Ring,wf_image_10261.png,val
10262,10262,776.0,lot44091,Edge-Loc,wf_image_10262.png,train
10263,10263,1075.0,lot12910,Edge-Ring,wf_image_10263.png,train
10264,10264,1060.0,lot47351,Loc,wf_image_10264.png,train
10265,10265,1080.0,lot26300,Center,wf_image_10265.png,train
10266,10266,741.0,lot44459,Scratch,wf_image_10266.png,val
10267,10267,1376.0,lot26624,Edge-Ring,wf_image_10267.png,train
10268,10268,562.0,lot46921,Edge-Loc,wf_image_10268.png,train
10269,10269,515.0,lot36942,Center,wf_image_10269.png,train
10270,10270,1129.0,lot42634,Loc,wf_image_10270.png,train
10271,10271,1129.0,lot42716,Center,wf_image_10271.png,cal
10272,10272,1129.0,lot42674,Loc,wf_image_10272.png,train
10273,10273,1376.0,lot45704,Loc,wf_image_10273.png,test
10274,10274,515.0,lot36597,Center,wf_image_10274.png,train
10275,10275,12662.0,lot19842,Edge-Ring,wf_image_10275.png,train
10276,10276,1109.0,lot45395,Edge-Loc,wf_image_10276.png,train
10277,10277,1376.0,lot45818,Donut,wf_image_10277.png,train
10278,10278,515.0,lot36830,Center,wf_image_10278.png,train
10279,10279,1075.0,lot2507,Edge-Ring,wf_image_10279.png,test
10280,10280,776.0,lot44107,Loc,wf_image_10280.png,train
10281,10281,533.0,lot40348,Edge-Loc,wf_image_10281.png,val
10282,10282,516.0,lot43530,Random,wf_image_10282.png,cal
10283,10283,2126.0,lot21039,Edge-Ring,wf_image_10283.png,train
10284,10284,1376.0,lot45821,Scratch,wf_image_10284.png,cal
10285,10285,1109.0,lot45366,Edge-Loc,wf_image_10285.png,train
10286,10286,1075.0,lot2524,Edge-Ring,wf_image_10286.png,test
10287,10287,533.0,lot42164,Scratch,wf_image_10287.png,cal
10288,10288,776.0,lot40784,Edge-Loc,wf_image_10288.png,cal
10289,10289,1376.0,lot45777,Edge-Loc,wf_image_10289.png,train
10290,10290,3036.0,lot11968,Edge-Ring,wf_image_10290.png,cal
10291,10291,600.0,lot47534,Edge-Loc,wf_image_10291.png,val
10292,10292,515.0,lot35914,Center,wf_image_10292.png,train
10293,10293,3036.0,lot12744,Edge-Ring,wf_image_10293.png,train
10294,10294,515.0,lot36674,Center,wf_image_10294.png,train
10295,10295,1075.0,lot2520,Edge-Ring,wf_image_10295.png,train
10296,10296,1226.0,lot23604,Edge-Loc,wf_image_10296.png,train
10297,10297,733.0,lot39436,Center,wf_image_10297.png,cal
10298,10298,1075.0,lot13968,Edge-Ring,wf_image_10298.png,test
10299,10299,710.0,lot9222,Edge-Loc,wf_image_10299.png,train
10300,10300,2126.0,lot20730,Edge-Ring,wf_image_10300.png,train
10301,10301,1075.0,lot2499,Edge-Ring,wf_image_10301.png,train
10302,10302,515.0,lot39610,Center,wf_image_10302.png,train
10303,10303,3036.0,lot12761,Edge-Ring,wf_image_10303.png,train
10304,10304,842.0,lot42352,Scratch,wf_image_10304.png,train
10305,10305,516.0,lot43239,Random,wf_image_10305.png,val
10306,10306,1999.0,lot14527,Edge-Ring,wf_image_10306.png,train
10307,10307,516.0,lot43273,Edge-Loc,wf_image_10307.png,test
10308,10308,1658.0,lot16598,Edge-Ring,wf_image_10308.png,train
10309,10309,516.0,lot43247,Edge-Loc,wf_image_10309.png,cal
10310,10310,2126.0,lot21559,Edge-Ring,wf_image_10310.png,train
10311,10311,562.0,lot46997,Edge-Loc,wf_image_10311.png,test
10312,10312,2126.0,lot20911,Edge-Ring,wf_image_10312.png,train
10313,10313,515.0,lot36786,Center,wf_image_10313.png,cal
10314,10314,562.0,lot46778,Loc,wf_image_10314.png,train
10315,10315,1658.0,lot16601,Edge-Ring,wf_image_10315.png,cal
10316,10316,2126.0,lot22486,Edge-Ring,wf_image_10316.png,test
10317,10317,515.0,lot32163,Scratch,wf_image_10317.png,cal
10318,10318,1129.0,lot7464,Loc,wf_image_10318.png,cal
10319,10319,12662.0,lot19850,Edge-Ring,wf_image_10319.png,val
10320,10320,1376.0,lot26624,Edge-Ring,wf_image_10320.png,test
10321,10321,3927.0,lot2154,Edge-Ring,wf_image_10321.png,val
10322,10322,515.0,lot36830,Center,wf_image_10322.png,test
10323,10323,1109.0,lot45344,Loc,wf_image_10323.png,train
10324,10324,1334.0,lot17131,Random,wf_image_10324.png,train
10325,10325,776.0,lot5825,Edge-Loc,wf_image_10325.png,cal
10326,10326,562.0,lot47173,Loc,wf_image_10326.png,val
10327,10327,2126.0,lot20731,Edge-Ring,wf_image_10327.png,train
10328,10328,504.0,lot45163,Near-full,wf_image_10328.png,test
10329,10329,939.0,lot7994,Loc,wf_image_10329.png,train
10330,10330,515.0,lot35937,Center,wf_image_10330.png,val
10331,10331,846.0,lot5646,Edge-Loc,wf_image_10331.png,cal
10332,10332,1075.0,lot2507,Edge-Ring,wf_image_10332.png,val
10333,10333,3036.0,lot11690,Edge-Ring,wf_image_10333.png,train
10334,10334,1075.0,lot25391,Edge-Ring,wf_image_10334.png,train
10335,10335,3036.0,lot10186,Edge-Ring,wf_image_10335.png,train
10336,10336,3036.0,lot12768,Edge-Ring,wf_image_10336.png,val
10337,10337,533.0,lot194,Edge-Loc,wf_image_10337.png,val
10338,10338,741.0,lot44432,Edge-Loc,wf_image_10338.png,val
10339,10339,564.0,lot24232,Loc,wf_image_10339.png,train
10340,10340,515.0,lot32457,Edge-Ring,wf_image_10340.png,cal
10341,10341,1075.0,lot2518,Edge-Ring,wf_image_10341.png,val
10342,10342,2126.0,lot21581,Edge-Ring,wf_image_10342.png,cal
10343,10343,1376.0,lot45913,Scratch,wf_image_10343.png,test
10344,10344,2126.0,lot20133,Edge-Ring,wf_image_10344.png,train
10345,10345,1139.0,lot42774,Scratch,wf_image_10345.png,val
10346,10346,2126.0,lot21042,Edge-Ring,wf_image_10346.png,test
10347,10347,3927.0,lot9151,Edge-Ring,wf_image_10347.png,cal
10348,10348,1421.0,lot44795,Edge-Ring,wf_image_10348.png,train
10349,10349,1304.0,lot4357,Edge-Loc,wf_image_10349.png,train
10350,10350,515.0,lot36858,Center,wf_image_10350.png,train
10351,10351,1376.0,lot45866,Edge-Loc,wf_image_10351.png,test
10352,10352,710.0,lot35533,Random,wf_image_10352.png,train
10353,10353,1109.0,lot45315,Edge-Loc,wf_image_10353.png,train
10354,10354,710.0,lot4240,Edge-Loc,wf_image_10354.png,train
10355,10355,1334.0,lot17137,Donut,wf_image_10355.png,train
10356,10356,844.0,lot42231,Loc,wf_image_10356.png,cal
10357,10357,2126.0,lot20905,Edge-Ring,wf_image_10357.png,train
10358,10358,710.0,lot4195,Edge-Loc,wf_image_10358.png,train
10359,10359,533.0,lot40570,Random,wf_image_10359.png,cal
10360,10360,2126.0,lot21579,Edge-Ring,wf_image_10360.png,train
10361,10361,2126.0,lot22477,Edge-Ring,wf_image_10361.png,train
10362,10362,515.0,lot36707,Center,wf_image_10362.png,train
10363,10363,733.0,lot39440,Center,wf_image_10363.png,train
10364,10364,1334.0,lot17139,Donut,wf_image_10364.png,val
10365,10365,776.0,lot40866,Loc,wf_image_10365.png,test
10366,10366,846.0,lot36116,Edge-Loc,wf_image_10366.png,test
10367,10367,515.0,lot39700,Center,wf_image_10367.png,cal
10368,10368,939.0,lot7941,Edge-Ring,wf_image_10368.png,train
10369,10369,515.0,lot36694,Center,wf_image_10369.png,cal
10370,10370,2126.0,lot18018,Edge-Ring,wf_image_10370.png,val
10371,10371,1075.0,lot23109,Edge-Ring,wf_image_10371.png,train
10372,10372,2126.0,lot21579,Edge-Ring,wf_image_10372.png,train
10373,10373,3036.0,lot12751,Edge-Ring,wf_image_10373.png,cal
10374,10374,1334.0,lot16991,Edge-Loc,wf_image_10374.png,train
10375,10375,844.0,lot42358,Donut,wf_image_10375.png,train
10376,10376,3036.0,lot11857,Edge-Ring,wf_image_10376.png,cal
10377,10377,12662.0,lot17263,Edge-Ring,wf_image_10377.png,train
10378,10378,515.0,lot36974,Center,wf_image_10378.png,cal
10379,10379,12662.0,lot17000,Edge-Ring,wf_image_10379.png,train
10380,10380,3036.0,lot11972,Edge-Ring,wf_image_10380.png,train
10381,10381,2126.0,lot20735,Edge-Ring,wf_image_10381.png,test
10382,10382,1075.0,lot13960,Edge-Ring,wf_image_10382.png,test
10383,10383,1075.0,lot13960,Edge-Ring,wf_image_10383.png,test
10384,10384,518.0,lot45277,Loc,wf_image_10384.png,val
10385,10385,1658.0,lot16605,Edge-Ring,wf_image_10385.png,train
10386,10386,600.0,lot47513,Edge-Loc,wf_image_10386.png,train
10387,10387,776.0,lot40822,Loc,wf_image_10387.png,train
10388,10388,1060.0,lot47265,Scratch,wf_image_10388.png,train
10389,10389,776.0,lot40740,Scratch,wf_image_10389.png,train
10390,10390,1376.0,lot45810,Edge-Loc,wf_image_10390.png,cal
10391,10391,939.0,lot6105,Center,wf_image_10391.png,train
10392,10392,2126.0,lot22473,Edge-Ring,wf_image_10392.png,test
10393,10393,515.0,lot36681,Center,wf_image_10393.png,train
10394,10394,3036.0,lot11232,Edge-Ring,wf_image_10394.png,train
10395,10395,2126.0,lot22483,Edge-Ring,wf_image_10395.png,val
10396,10396,515.0,lot36608,Center,wf_image_10396.png,test
10397,10397,564.0,lot24235,Center,wf_image_10397.png,train
10398,10398,516.0,lot43189,Loc,wf_image_10398.png,val
10399,10399,3036.0,lot10185,Edge-Ring,wf_image_10399.png,cal
10400,10400,516.0,lot43193,Edge-Loc,wf_image_10400.png,train
10401,10401,12662.0,lot24521,Edge-Loc,wf_image_10401.png,train
10402,10402,562.0,lot46783,Edge-Ring,wf_image_10402.png,train
10403,10403,1376.0,lot45714,Edge-Loc,wf_image_10403.png,train
10404,10404,2126.0,lot22474,Edge-Ring,wf_image_10404.png,cal
10405,10405,533.0,lot11003,Loc,wf_image_10405.png,cal
10406,10406,518.0,lot43969,Edge-Ring,wf_image_10406.png,train
10407,10407,939.0,lot3868,Loc,wf_image_10407.png,train
10408,10408,1109.0,lot45383,Edge-Loc,wf_image_10408.png,train
10409,10409,904.0,lot45633,Loc,wf_image_10409.png,train
10410,10410,600.0,lot47534,Edge-Loc,wf_image_10410.png,train
10411,10411,12662.0,lot24524,Edge-Ring,wf_image_10411.png,train
10412,10412,515.0,lot6173,Edge-Loc,wf_image_10412.png,train
10413,10413,1658.0,lot16554,Edge-Ring,wf_image_10413.png,test
10414,10414,12662.0,lot17000,Edge-Ring,wf_image_10414.png,test
10415,10415,844.0,lot42263,Loc,wf_image_10415.png,train
10416,10416,1075.0,lot2509,Edge-Ring,wf_image_10416.png,cal
10417,10417,1334.0,lot17123,Edge-Loc,wf_image_10417.png,train
10418,10418,3036.0,lot10187,Edge-Ring,wf_image_10418.png,val
10419,10419,562.0,lot47172,Near-full,wf_image_10419.png,train
10420,10420,1075.0,lot12910,Edge-Ring,wf_image_10420.png,train
10421,10421,1075.0,lot2503,Edge-Ring,wf_image_10421.png,val
10422,10422,515.0,lot32780,Center,wf_image_10422.png,train
10423,10423,710.0,lot35569,Edge-Loc,wf_image_10423.png,train
10424,10424,1139.0,lot17486,Scratch,wf_image_10424.png,cal
10425,10425,710.0,lot38206,Loc,wf_image_10425.png,val
10426,10426,1075.0,lot44164,Edge-Ring,wf_image_10426.png,cal
10427,10427,12662.0,lot19851,Edge-Ring,wf_image_10427.png,val
10428,10428,1109.0,lot45395,Edge-Loc,wf_image_10428.png,cal
10429,10429,520.0,lot1639,Edge-Ring,wf_image_10429.png,train
10430,10430,1334.0,lot17184,Donut,wf_image_10430.png,test
10431,10431,1075.0,lot13968,Edge-Ring,wf_image_10431.png,train
10432,10432,1334.0,lot17181,Center,wf_image_10432.png,test
10433,10433,1334.0,lot17168,Donut,wf_image_10433.png,train
10434,10434,844.0,lot42372,Donut,wf_image_10434.png,train
10435,10435,562.0,lot47117,Scratch,wf_image_10435.png,train
10436,10436,1080.0,lot23498,Center,wf_image_10436.png,train
10437,10437,600.0,lot47542,Edge-Ring,wf_image_10437.png,train
10438,10438,533.0,lot40409,Loc,wf_image_10438.png,val
10439,10439,516.0,lot43015,Near-full,wf_image_10439.png,test
10440,10440,1075.0,lot23102,Edge-Ring,wf_image_10440.png,cal
10441,10441,1060.0,lot47470,Edge-Loc,wf_image_10441.png,cal
10442,10442,505.0,lot45101,Center,wf_image_10442.png,train
10443,10443,515.0,lot39611,Center,wf_image_10443.png,val
10444,10444,562.0,lot47032,Loc,wf_image_10444.png,train
10445,10445,1421.0,lot44798,Edge-Ring,wf_image_10445.png,train
10446,10446,533.0,lot40582,Scratch,wf_image_10446.png,test
10447,10447,515.0,lot39601,Center,wf_image_10447.png,train
10448,10448,1075.0,lot2505,Edge-Ring,wf_image_10448.png,train
10449,10449,1060.0,lot47342,Loc,wf_image_10449.png,test
10450,10450,844.0,lot42326,Loc,wf_image_10450.png,train
10451,10451,1080.0,lot21622,Scratch,wf_image_10451.png,test
10452,10452,1075.0,lot2513,Edge-Ring,wf_image_10452.png,train
10453,10453,1109.0,lot45327,Edge-Loc,wf_image_10453.png,train
10454,10454,1226.0,lot23639,Center,wf_image_10454.png,val
10455,10455,562.0,lot47211,Edge-Loc,wf_image_10455.png,train
10456,10456,776.0,lot40997,Edge-Loc,wf_image_10456.png,test
10457,10457,12662.0,lot19852,Edge-Ring,wf_image_10457.png,train
10458,10458,710.0,lot33398,Edge-Loc,wf_image_10458.png,train
10459,10459,515.0,lot39557,Center,wf_image_10459.png,cal
10460,10460,776.0,lot40880,Random,wf_image_10460.png,train
10461,10461,3036.0,lot11879,Edge-Ring,wf_image_10461.png,cal
10462,10462,1075.0,lot23098,Edge-Ring,wf_image_10462.png,train
10463,10463,1075.0,lot2151,Edge-Ring,wf_image_10463.png,cal
10464,10464,533.0,lot40,Random,wf_image_10464.png,train
10465,10465,1075.0,lot13969,Edge-Ring,wf_image_10465.png,val
10466,10466,1421.0,lot44775,Edge-Ring,wf_image_10466.png,val
10467,10467,1421.0,lot44810,Edge-Ring,wf_image_10467.png,train
10468,10468,1658.0,lot16603,Edge-Ring,wf_image_10468.png,train
10469,10469,1658.0,lot16598,Edge-Ring,wf_image_10469.png,train
10470,10470,1291.0,lot10051,Edge-Ring,wf_image_10470.png,train
10471,10471,844.0,lot42280,Loc,wf_image_10471.png,cal
10472,10472,1129.0,lot42684,Edge-Loc,wf_image_10472.png,test
10473,10473,515.0,lot33144,Edge-Loc,wf_image_10473.png,train
10474,10474,846.0,lot5600,Edge-Loc,wf_image_10474.png,train
10475,10475,516.0,lot43002,Scratch,wf_image_10475.png,cal
10476,10476,1334.0,lot17192,Donut,wf_image_10476.png,train
10477,10477,3927.0,lot9156,Edge-Ring,wf_image_10477.png,train
10478,10478,1291.0,lot12743,Edge-Ring,wf_image_10478.png,train
10479,10479,776.0,lot40756,Scratch,wf_image_10479.png,train
10480,10480,845.0,lot7310,Loc,wf_image_10480.png,train
10481,10481,1080.0,lot23180,Edge-Loc,wf_image_10481.png,val
10482,10482,904.0,lot45631,Center,wf_image_10482.png,train
10483,10483,776.0,lot44097,Edge-Loc,wf_image_10483.png,cal
10484,10484,776.0,lot41093,Edge-Loc,wf_image_10484.png,test
10485,10485,1109.0,lot45436,Center,wf_image_10485.png,cal
10486,10486,2126.0,lot21042,Edge-Ring,wf_image_10486.png,test
10487,10487,515.0,lot36682,Center,wf_image_10487.png,train
10488,10488,846.0,lot5382,Edge-Loc,wf_image_10488.png,test
10489,10489,1075.0,lot23102,Edge-Ring,wf_image_10489.png,train
10490,10490,1376.0,lot26624,Edge-Ring,wf_image_10490.png,train
10491,10491,515.0,lot36717,Center,wf_image_10491.png,train
10492,10492,2126.0,lot21042,Edge-Ring,wf_image_10492.png,train
10493,10493,1421.0,lot44793,Edge-Ring,wf_image_10493.png,test
10494,10494,1129.0,lot5713,Edge-Loc,wf_image_10494.png,train
10495,10495,515.0,lot39655,Center,wf_image_10495.png,train
10496,10496,2126.0,lot21039,Edge-Ring,wf_image_10496.png,train
10497,10497,1376.0,lot24566,Edge-Loc,wf_image_10497.png,test
10498,10498,1334.0,lot17176,Donut,wf_image_10498.png,train
10499,10499,3036.0,lot11968,Edge-Ring,wf_image_10499.png,train
10500,10500,3036.0,lot9334,Edge-Ring,wf_image_10500.png,train
10501,10501,2126.0,lot21041,Edge-Ring,wf_image_10501.png,test
10502,10502,1334.0,lot45974,Edge-Loc,wf_image_10502.png,val
10503,10503,741.0,lot44498,Edge-Loc,wf_image_10503.png,train
10504,10504,516.0,lot43410,Edge-Loc,wf_image_10504.png,train
10505,10505,904.0,lot45641,Center,wf_image_10505.png,train
10506,10506,533.0,lot40449,Scratch,wf_image_10506.png,test
10507,10507,1109.0,lot45436,Random,wf_image_10507.png,test
10508,10508,1349.0,lot2426,Random,wf_image_10508.png,train
10509,10509,515.0,lot36781,Center,wf_image_10509.png,test
10510,10510,3036.0,lot11856,Edge-Ring,wf_image_10510.png,val
10511,10511,562.0,lot47216,Near-full,wf_image_10511.png,train
10512,10512,846.0,lot7338,Edge-Ring,wf_image_10512.png,train
10513,10513,533.0,lot40679,Edge-Loc,wf_image_10513.png,test
10514,10514,2126.0,lot22479,Edge-Ring,wf_image_10514.png,train
10515,10515,12662.0,lot24522,Edge-Ring,wf_image_10515.png,train
10516,10516,3927.0,lot9150,Edge-Ring,wf_image_10516.png,train
10517,10517,1075.0,lot2506,Edge-Ring,wf_image_10517.png,train
10518,10518,1334.0,lot17184,Donut,wf_image_10518.png,train
10519,10519,1109.0,lot45395,Edge-Loc,wf_image_10519.png,train
10520,10520,3036.0,lot11971,Edge-Ring,wf_image_10520.png,test
10521,10521,1075.0,lot2437,Edge-Ring,wf_image_10521.png,test
10522,10522,518.0,lot43949,Loc,wf_image_10522.png,train
10523,10523,515.0,lot36917,Center,wf_image_10523.png,train
10524,10524,1075.0,lot13961,Edge-Ring,wf_image_10524.png,val
10525,10525,1075.0,lot2436,Edge-Ring,wf_image_10525.png,train
10526,10526,533.0,lot40408,Loc,wf_image_10526.png,test
10527,10527,1129.0,lot42714,Edge-Loc,wf_image_10527.png,train
10528,10528,1075.0,lot2150,Edge-Ring,wf_image_10528.png,train
10529,10529,845.0,lot42207,Donut,wf_image_10529.png,test
10530,10530,904.0,lot45635,Loc,wf_image_10530.png,test
10531,10531,710.0,lot2899,Random,wf_image_10531.png,test
10532,10532,845.0,lot7256,Center,wf_image_10532.png,train
10533,10533,712.0,lot41457,Edge-Ring,wf_image_10533.png,test
10534,10534,1080.0,lot24209,Donut,wf_image_10534.png,train
10535,10535,1334.0,lot45944,Loc,wf_image_10535.png,train
10536,10536,1080.0,lot20126,Random,wf_image_10536.png,train
10537,10537,1411.0,lot15567,Near-full,wf_image_10537.png,train
10538,10538,1658.0,lot23110,Edge-Ring,wf_image_10538.png,test
10539,10539,776.0,lot41123,Loc,wf_image_10539.png,test
10540,10540,844.0,lot42343,Donut,wf_image_10540.png,train
10541,10541,1421.0,lot44789,Edge-Ring,wf_image_10541.png,val
10542,10542,844.0,lot42359,Donut,wf_image_10542.png,train
10543,10543,1075.0,lot44163,Edge-Ring,wf_image_10543.png,train
10544,10544,515.0,lot39611,Center,wf_image_10544.png,val
10545,10545,1109.0,lot45355,Edge-Loc,wf_image_10545.png,cal
10546,10546,1129.0,lot42727,Center,wf_image_10546.png,train
10547,10547,600.0,lot47541,Edge-Loc,wf_image_10547.png,cal
10548,10548,1075.0,lot2507,Edge-Ring,wf_image_10548.png,train
10549,10549,741.0,lot44498,Edge-Loc,wf_image_10549.png,train
10550,10550,515.0,lot36985,Center,wf_image_10550.png,test
10551,10551,515.0,lot39534,Center,wf_image_10551.png,train
10552,10552,2126.0,lot20135,Edge-Ring,wf_image_10552.png,test
10553,10553,515.0,lot36822,Center,wf_image_10553.png,train
10554,10554,1129.0,lot42622,Edge-Loc,wf_image_10554.png,train
10555,10555,2126.0,lot22486,Edge-Ring,wf_image_10555.png,train
10556,10556,939.0,lot7839,Random,wf_image_10556.png,train
10557,10557,3036.0,lot11965,Edge-Ring,wf_image_10557.png,train
10558,10558,2126.0,lot20909,Edge-Ring,wf_image_10558.png,test
10559,10559,515.0,lot36810,Center,wf_image_10559.png,test
10560,10560,1080.0,lot18746,Edge-Ring,wf_image_10560.png,train
10561,10561,1060.0,lot47282,Scratch,wf_image_10561.png,train
10562,10562,533.0,lot153,Edge-Loc,wf_image_10562.png,train
10563,10563,844.0,lot42289,Donut,wf_image_10563.png,train
10564,10564,3927.0,lot10009,Edge-Ring,wf_image_10564.png,train
10565,10565,515.0,lot36809,Center,wf_image_10565.png,test
10566,10566,1109.0,lot45560,Center,wf_image_10566.png,train
10567,10567,776.0,lot41002,Loc,wf_image_10567.png,test
10568,10568,3036.0,lot12749,Edge-Ring,wf_image_10568.png,train
10569,10569,904.0,lot45635,Edge-Ring,wf_image_10569.png,val
10570,10570,518.0,lot43912,Scratch,wf_image_10570.png,train
10571,10571,533.0,lot50,Edge-Loc,wf_image_10571.png,test
10572,10572,518.0,lot43920,Loc,wf_image_10572.png,test
10573,10573,2126.0,lot20732,Edge-Ring,wf_image_10573.png,val
10574,10574,1075.0,lot13967,Edge-Ring,wf_image_10574.png,test
10575,10575,515.0,lot32781,Center,wf_image_10575.png,train
10576,10576,2126.0,lot18378,Edge-Ring,wf_image_10576.png,test
10577,10577,1109.0,lot45300,Edge-Loc,wf_image_10577.png,train
10578,10578,1129.0,lot42696,Edge-Ring,wf_image_10578.png,train
10579,10579,515.0,lot10396,Center,wf_image_10579.png,train
10580,10580,533.0,lot42167,Scratch,wf_image_10580.png,train
10581,10581,1658.0,lot16536,Edge-Ring,wf_image_10581.png,cal
10582,10582,1999.0,lot14760,Edge-Ring,wf_image_10582.png,train
10583,10583,1291.0,lot10051,Edge-Ring,wf_image_10583.png,train
10584,10584,2126.0,lot20907,Edge-Ring,wf_image_10584.png,cal
10585,10585,1075.0,lot2526,Edge-Ring,wf_image_10585.png,test
10586,10586,1349.0,lot2377,Random,wf_image_10586.png,cal
10587,10587,842.0,lot42364,Loc,wf_image_10587.png,val
10588,10588,2126.0,lot18378,Edge-Ring,wf_image_10588.png,cal
10589,10589,1139.0,lot21375,Center,wf_image_10589.png,train
10590,10590,3036.0,lot10187,Edge-Ring,wf_image_10590.png,train
10591,10591,710.0,lot38286,Loc,wf_image_10591.png,val
10592,10592,3036.0,lot10184,Edge-Ring,wf_image_10592.png,train
10593,10593,562.0,lot47072,Scratch,wf_image_10593.png,train
10594,10594,741.0,lot44177,Loc,wf_image_10594.png,val
10595,10595,1139.0,lot21399,Edge-Loc,wf_image_10595.png,train
10596,10596,776.0,lot41170,Edge-Loc,wf_image_10596.png,train
10597,10597,2126.0,lot22471,Edge-Ring,wf_image_10597.png,test
10598,10598,516.0,lot43050,Near-full,wf_image_10598.png,train
10599,10599,1421.0,lot44798,Edge-Ring,wf_image_10599.png,train
10600,10600,939.0,lot6331,Loc,wf_image_10600.png,train
10601,10601,12662.0,lot17285,Edge-Ring,wf_image_10601.png,train
10602,10602,710.0,lot4802,Edge-Loc,wf_image_10602.png,train
10603,10603,1109.0,lot45517,Loc,wf_image_10603.png,train
10604,10604,843.0,lot42236,Edge-Loc,wf_image_10604.png,train
10605,10605,2126.0,lot21041,Edge-Ring,wf_image_10605.png,test
10606,10606,2126.0,lot18023,Edge-Ring,wf_image_10606.png,train
10607,10607,2126.0,lot20738,Edge-Ring,wf_image_10607.png,train
10608,10608,1075.0,lot2496,Edge-Ring,wf_image_10608.png,train
10609,10609,904.0,lot45627,Center,wf_image_10609.png,train
10610,10610,533.0,lot42148,Center,wf_image_10610.png,cal
10611,10611,1334.0,lot17192,Loc,wf_image_10611.png,test
10612,10612,1129.0,lot11432,Random,wf_image_10612.png,cal
10613,10613,2126.0,lot21043,Edge-Ring,wf_image_10613.png,val
10614,10614,1075.0,lot23103,Edge-Ring,wf_image_10614.png,train
10615,10615,1421.0,lot44777,Edge-Loc,wf_image_10615.png,cal
10616,10616,776.0,lot40813,Center,wf_image_10616.png,train
10617,10617,733.0,lot35095,Center,wf_image_10617.png,train
10618,10618,2126.0,lot18376,Edge-Ring,wf_image_10618.png,train
10619,10619,2126.0,lot20732,Edge-Ring,wf_image_10619.png,train
10620,10620,1658.0,lot16554,Edge-Ring,wf_image_10620.png,test
10621,10621,1109.0,lot45316,Edge-Loc,wf_image_10621.png,train
10622,10622,12662.0,lot19864,Edge-Ring,wf_image_10622.png,test
10623,10623,1075.0,lot23103,Edge-Ring,wf_image_10623.png,train
10624,10624,1800.0,lot6697,Edge-Ring,wf_image_10624.png,train
10625,10625,515.0,lot36718,Center,wf_image_10625.png,train
10626,10626,1075.0,lot23102,Edge-Ring,wf_image_10626.png,test
10627,10627,1060.0,lot47446,Near-full,wf_image_10627.png,train
10628,10628,1075.0,lot2150,Edge-Ring,wf_image_10628.png,cal
10629,10629,1334.0,lot17182,Center,wf_image_10629.png,train
10630,10630,3036.0,lot12758,Edge-Ring,wf_image_10630.png,cal
10631,10631,515.0,lot36761,Center,wf_image_10631.png,cal
10632,10632,533.0,lot40338,Edge-Loc,wf_image_10632.png,val
10633,10633,776.0,lot7494,Edge-Loc,wf_image_10633.png,train
10634,10634,1291.0,lot12743,Edge-Ring,wf_image_10634.png,train
10635,10635,1080.0,lot21758,Random,wf_image_10635.png,val
10636,10636,518.0,lot45242,Loc,wf_image_10636.png,test
10637,10637,3036.0,lot3108,Edge-Ring,wf_image_10637.png,test
10638,10638,1075.0,lot44169,Edge-Ring,wf_image_10638.png,cal
10639,10639,1060.0,lot47446,Center,wf_image_10639.png,train
10640,10640,1109.0,lot45317,Center,wf_image_10640.png,train
10641,10641,518.0,lot43956,Edge-Loc,wf_image_10641.png,test
10642,10642,12662.0,lot20604,Edge-Ring,wf_image_10642.png,test
10643,10643,533.0,lot277,Edge-Loc,wf_image_10643.png,train
10644,10644,939.0,lot3822,Scratch,wf_image_10644.png,train
10645,10645,1109.0,lot45329,Edge-Loc,wf_image_10645.png,test
10646,10646,1074.0,lot44167,Edge-Ring,wf_image_10646.png,train
10647,10647,1226.0,lot23658,Center,wf_image_10647.png,test
10648,10648,2126.0,lot22480,Edge-Ring,wf_image_10648.png,train
10649,10649,12662.0,lot19858,Edge-Ring,wf_image_10649.png,cal
10650,10650,515.0,lot10353,Center,wf_image_10650.png,train
10651,10651,2126.0,lot20736,Edge-Ring,wf_image_10651.png,train
10652,10652,710.0,lot4397,Donut,wf_image_10652.png,val
10653,10653,3036.0,lot11877,Edge-Ring,wf_image_10653.png,train
10654,10654,1421.0,lot44803,Edge-Ring,wf_image_10654.png,train
10655,10655,741.0,lot2367,Edge-Ring,wf_image_10655.png,train
10656,10656,518.0,lot44020,Loc,wf_image_10656.png,train
10657,10657,600.0,lot47537,Edge-Ring,wf_image_10657.png,train
10658,10658,1060.0,lot47340,Scratch,wf_image_10658.png,train
10659,10659,3036.0,lot11843,Edge-Ring,wf_image_10659.png,train
10660,10660,2126.0,lot20903,Edge-Ring,wf_image_10660.png,test
10661,10661,1109.0,lot45379,Edge-Loc,wf_image_10661.png,train
10662,10662,1109.0,lot45540,Loc,wf_image_10662.png,test
10663,10663,1291.0,lot13709,Edge-Ring,wf_image_10663.png,test
10664,10664,843.0,lot42347,Center,wf_image_10664.png,train
10665,10665,776.0,lot40758,Scratch,wf_image_10665.png,test
10666,10666,3036.0,lot2074,Edge-Ring,wf_image_10666.png,train
10667,10667,741.0,lot44469,Loc,wf_image_10667.png,test
10668,10668,1080.0,lot24209,Donut,wf_image_10668.png,train
10669,10669,1801.0,lot4713,Edge-Ring,wf_image_10669.png,train
10670,10670,562.0,lot47003,Near-full,wf_image_10670.png,train
10671,10671,776.0,lot5800,Edge-Loc,wf_image_10671.png,test
10672,10672,846.0,lot36126,Edge-Loc,wf_image_10672.png,train
10673,10673,2126.0,lot21040,Edge-Ring,wf_image_10673.png,train
10674,10674,741.0,lot44241,Scratch,wf_image_10674.png,test
10675,10675,1421.0,lot44808,Edge-Loc,wf_image_10675.png,train
10676,10676,12662.0,lot19857,Edge-Ring,wf_image_10676.png,train
10677,10677,12662.0,lot20610,Edge-Ring,wf_image_10677.png,test
10678,10678,1291.0,lot10051,Edge-Ring,wf_image_10678.png,train
10679,10679,2126.0,lot22490,Edge-Ring,wf_image_10679.png,val
10680,10680,904.0,lot45634,Near-full,wf_image_10680.png,train
10681,10681,1226.0,lot15322,Center,wf_image_10681.png,test
10682,10682,1999.0,lot14768,Edge-Ring,wf_image_10682.png,train
10683,10683,1080.0,lot21777,Random,wf_image_10683.png,test
10684,10684,1075.0,lot2527,Edge-Ring,wf_image_10684.png,cal
10685,10685,1421.0,lot44803,Edge-Ring,wf_image_10685.png,train
10686,10686,3036.0,lot12763,Edge-Ring,wf_image_10686.png,test
10687,10687,1658.0,lot23110,Edge-Ring,wf_image_10687.png,test
10688,10688,515.0,lot35921,Center,wf_image_10688.png,train
10689,10689,710.0,lot38076,Edge-Loc,wf_image_10689.png,cal
10690,10690,515.0,lot36973,Center,wf_image_10690.png,train
10691,10691,3927.0,lot9148,Edge-Ring,wf_image_10691.png,test
10692,10692,518.0,lot44851,Edge-Loc,wf_image_10692.png,test
10693,10693,741.0,lot44315,Random,wf_image_10693.png,test
10694,10694,776.0,lot41005,Edge-Loc,wf_image_10694.png,val
10695,10695,1060.0,lot47364,Loc,wf_image_10695.png,cal
10696,10696,3036.0,lot12769,Edge-Ring,wf_image_10696.png,val
10697,10697,1226.0,lot22193,Loc,wf_image_10697.png,cal
10698,10698,518.0,lot45241,Loc,wf_image_10698.png,test
10699,10699,562.0,lot47115,Donut,wf_image_10699.png,train
10700,10700,2126.0,lot18380,Edge-Ring,wf_image_10700.png,test
10701,10701,776.0,lot40778,Loc,wf_image_10701.png,test
10702,10702,518.0,lot43980,Loc,wf_image_10702.png,train
10703,10703,1075.0,lot2524,Edge-Ring,wf_image_10703.png,test
10704,10704,1060.0,lot47381,Edge-Ring,wf_image_10704.png,test
10705,10705,564.0,lot24232,Loc,wf_image_10705.png,test
10706,10706,846.0,lot36472,Edge-Loc,wf_image_10706.png,train
10707,10707,3036.0,lot11878,Edge-Ring,wf_image_10707.png,train
10708,10708,1109.0,lot45567,Loc,wf_image_10708.png,test
10709,10709,846.0,lot5621,Edge-Loc,wf_image_10709.png,train
10710,10710,845.0,lot42337,Scratch,wf_image_10710.png,train
10711,10711,3036.0,lot9334,Edge-Ring,wf_image_10711.png,val
10712,10712,1075.0,lot2525,Edge-Ring,wf_image_10712.png,cal
10713,10713,561.0,lot47164,Scratch,wf_image_10713.png,train
10714,10714,533.0,lot40492,Edge-Loc,wf_image_10714.png,cal
10715,10715,562.0,lot46789,Edge-Loc,wf_image_10715.png,train
10716,10716,776.0,lot40761,Edge-Loc,wf_image_10716.png,train
10717,10717,600.0,lot47495,Scratch,wf_image_10717.png,train
10718,10718,776.0,lot40754,Edge-Loc,wf_image_10718.png,train
10719,10719,3927.0,lot2534,Edge-Ring,wf_image_10719.png,train
10720,10720,515.0,lot39698,Center,wf_image_10720.png,train
10721,10721,776.0,lot44055,Edge-Loc,wf_image_10721.png,train
10722,10722,1421.0,lot44804,Edge-Ring,wf_image_10722.png,train
10723,10723,776.0,lot40821,Scratch,wf_image_10723.png,cal
10724,10724,844.0,lot42183,Center,wf_image_10724.png,train
10725,10725,904.0,lot45634,Random,wf_image_10725.png,train
10726,10726,939.0,lot11036,Edge-Loc,wf_image_10726.png,cal
10727,10727,533.0,lot215,Edge-Loc,wf_image_10727.png,val
10728,10728,1376.0,lot45737,Edge-Loc,wf_image_10728.png,train
10729,10729,3036.0,lot12748,Edge-Ring,wf_image_10729.png,train
10730,10730,1801.0,lot4728,Scratch,wf_image_10730.png,train
10731,10731,3036.0,lot12756,Edge-Ring,wf_image_10731.png,test
10732,10732,562.0,lot46937,Edge-Loc,wf_image_10732.png,val
10733,10733,515.0,lot36626,Center,wf_image_10733.png,val
10734,10734,533.0,lot40471,Edge-Loc,wf_image_10734.png,cal
10735,10735,1334.0,lot17158,Donut,wf_image_10735.png,train
10736,10736,845.0,lot42241,Edge-Loc,wf_image_10736.png,test
10737,10737,842.0,lot42269,Donut,wf_image_10737.png,cal
10738,10738,1075.0,lot23106,Edge-Ring,wf_image_10738.png,train
10739,10739,516.0,lot43152,Center,wf_image_10739.png,train
10740,10740,3036.0,lot11971,Edge-Ring,wf_image_10740.png,cal
10741,10741,939.0,lot7868,Loc,wf_image_10741.png,train
10742,10742,515.0,lot36674,Center,wf_image_10742.png,train
10743,10743,1658.0,lot16604,Edge-Ring,wf_image_10743.png,cal
10744,10744,564.0,lot24238,Center,wf_image_10744.png,train
10745,10745,1291.0,lot13703,Edge-Ring,wf_image_10745.png,cal
10746,10746,562.0,lot47117,Edge-Loc,wf_image_10746.png,test
10747,10747,1075.0,lot23108,Edge-Ring,wf_image_10747.png,test
10748,10748,904.0,lot45638,Center,wf_image_10748.png,train
10749,10749,710.0,lot9241,Edge-Loc,wf_image_10749.png,train
10750,10750,1075.0,lot2509,Edge-Ring,wf_image_10750.png,train
10751,10751,1376.0,lot45740,Edge-Loc,wf_image_10751.png,train
10752,10752,600.0,lot47534,Loc,wf_image_10752.png,cal
10753,10753,3036.0,lot11856,Edge-Ring,wf_image_10753.png,train
10754,10754,2126.0,lot21043,Edge-Ring,wf_image_10754.png,val
10755,10755,1334.0,lot17130,Donut,wf_image_10755.png,train
10756,10756,710.0,lot38617,Edge-Loc,wf_image_10756.png,train
10757,10757,1075.0,lot13969,Edge-Ring,wf_image_10757.png,train
10758,10758,3036.0,lot11855,Edge-Ring,wf_image_10758.png,train
10759,10759,562.0,lot46864,Loc,wf_image_10759.png,val
10760,10760,2126.0,lot22480,Edge-Ring,wf_image_10760.png,cal
10761,10761,3036.0,lot2076,Edge-Ring,wf_image_10761.png,train
10762,10762,1999.0,lot14928,Edge-Ring,wf_image_10762.png,cal
10763,10763,3036.0,lot12751,Edge-Ring,wf_image_10763.png,test
10764,10764,515.0,lot36673,Center,wf_image_10764.png,train
10765,10765,1349.0,lot2375,Random,wf_image_10765.png,val
10766,10766,562.0,lot46812,Edge-Ring,wf_image_10766.png,cal
10767,10767,3036.0,lot12756,Edge-Ring,wf_image_10767.png,test
10768,10768,846.0,lot36174,Edge-Loc,wf_image_10768.png,val
10769,10769,1109.0,lot45504,Center,wf_image_10769.png,train
10770,10770,515.0,lot36821,Center,wf_image_10770.png,test
10771,10771,515.0,lot36777,Edge-Loc,wf_image_10771.png,train
10772,10772,2126.0,lot18376,Edge-Ring,wf_image_10772.png,test
10773,10773,2126.0,lot22471,Edge-Ring,wf_image_10773.png,train
10774,10774,515.0,lot36830,Center,wf_image_10774.png,cal
10775,10775,776.0,lot40885,Random,wf_image_10775.png,test
10776,10776,733.0,lot39479,Center,wf_image_10776.png,train
10777,10777,564.0,lot24229,Center,wf_image_10777.png,train
10778,10778,518.0,lot20776,Edge-Loc,wf_image_10778.png,train
10779,10779,939.0,lot6009,Center,wf_image_10779.png,train
10780,10780,741.0,lot44491,Edge-Loc,wf_image_10780.png,test
10781,10781,515.0,lot36897,Center,wf_image_10781.png,train
10782,10782,844.0,lot42257,Donut,wf_image_10782.png,train
10783,10783,515.0,lot10239,Center,wf_image_10783.png,train
10784,10784,1226.0,lot17034,Edge-Loc,wf_image_10784.png,cal
10785,10785,844.0,lot42230,Donut,wf_image_10785.png,train
10786,10786,1060.0,lot47311,Loc,wf_image_10786.png,train
10787,10787,2126.0,lot21038,Edge-Ring,wf_image_10787.png,train
10788,10788,1349.0,lot2429,Random,wf_image_10788.png,test
10789,10789,1075.0,lot2149,Edge-Ring,wf_image_10789.png,cal
10790,10790,515.0,lot36721,Edge-Loc,wf_image_10790.png,train
10791,10791,741.0,lot44493,Loc,wf_image_10791.png,train
10792,10792,844.0,lot42364,Center,wf_image_10792.png,train
10793,10793,3036.0,lot12754,Edge-Ring,wf_image_10793.png,train
10794,10794,845.0,lot42262,Donut,wf_image_10794.png,val
10795,10795,3036.0,lot11965,Edge-Ring,wf_image_10795.png,train
10796,10796,710.0,lot35565,Edge-Loc,wf_image_10796.png,test
10797,10797,2126.0,lot20735,Edge-Ring,wf_image_10797.png,train
10798,10798,1334.0,lot45965,Scratch,wf_image_10798.png,test
10799,10799,1334.0,lot45967,Loc,wf_image_10799.png,val
10800,10800,1075.0,lot2496,Edge-Ring,wf_image_10800.png,train
10801,10801,1226.0,lot19236,Center,wf_image_10801.png,train
10802,10802,533.0,lot40407,Random,wf_image_10802.png,val
10803,10803,516.0,lot43519,Loc,wf_image_10803.png,test
10804,10804,1376.0,lot45708,Loc,wf_image_10804.png,train
10805,10805,518.0,lot44899,Edge-Loc,wf_image_10805.png,cal
10806,10806,1999.0,lot14527,Edge-Ring,wf_image_10806.png,train
10807,10807,600.0,lot47488,Edge-Loc,wf_image_10807.png,train
10808,10808,533.0,lot40595,Center,wf_image_10808.png,train
10809,10809,1060.0,lot47343,Edge-Loc,wf_image_10809.png,train
10810,10810,12662.0,lot24524,Edge-Ring,wf_image_10810.png,cal
10811,10811,846.0,lot5368,Edge-Loc,wf_image_10811.png,train
10812,10812,1376.0,lot45734,Loc,wf_image_10812.png,train
10813,10813,515.0,lot36865,Center,wf_image_10813.png,train
10814,10814,939.0,lot6225,Loc,wf_image_10814.png,train
10815,10815,776.0,lot41049,Loc,wf_image_10815.png,test
10816,10816,515.0,lot36742,Center,wf_image_10816.png,test
10817,10817,562.0,lot46842,Loc,wf_image_10817.png,train
10818,10818,1075.0,lot23098,Edge-Ring,wf_image_10818.png,train
10819,10819,515.0,lot32899,Center,wf_image_10819.png,cal
10820,10820,3036.0,lot10184,Edge-Ring,wf_image_10820.png,test
10821,10821,1075.0,lot23098,Edge-Ring,wf_image_10821.png,val
10822,10822,1376.0,lot45767,Scratch,wf_image_10822.png,train
10823,10823,741.0,lot44184,Near-full,wf_image_10823.png,train
10824,10824,776.0,lot41014,Edge-Loc,wf_image_10824.png,train
10825,10825,12662.0,lot19842,Edge-Ring,wf_image_10825.png,train
10826,10826,1304.0,lot3299,Edge-Ring,wf_image_10826.png,test
10827,10827,1075.0,lot2498,Edge-Ring,wf_image_10827.png,val
10828,10828,2126.0,lot22478,Edge-Ring,wf_image_10828.png,train
10829,10829,776.0,lot2735,Random,wf_image_10829.png,train
10830,10830,518.0,lot43885,Loc,wf_image_10830.png,train
10831,10831,1109.0,lot45596,Center,wf_image_10831.png,train
10832,10832,3036.0,lot2076,Edge-Ring,wf_image_10832.png,train
10833,10833,2126.0,lot20737,Edge-Ring,wf_image_10833.png,train
10834,10834,1226.0,lot22222,Center,wf_image_10834.png,test
10835,10835,12662.0,lot19856,Edge-Ring,wf_image_10835.png,test
10836,10836,515.0,lot36665,Center,wf_image_10836.png,cal
10837,10837,515.0,lot35917,Center,wf_image_10837.png,train
10838,10838,600.0,lot47503,Edge-Loc,wf_image_10838.png,train
10839,10839,1075.0,lot2516,Edge-Ring,wf_image_10839.png,cal
10840,10840,2126.0,lot18382,Edge-Ring,wf_image_10840.png,test
10841,10841,516.0,lot43505,Scratch,wf_image_10841.png,cal
10842,10842,518.0,lot45246,Edge-Loc,wf_image_10842.png,train
10843,10843,1421.0,lot44789,Edge-Ring,wf_image_10843.png,cal
10844,10844,2126.0,lot20728,Edge-Ring,wf_image_10844.png,test
10845,10845,2126.0,lot18377,Edge-Ring,wf_image_10845.png,test
10846,10846,741.0,lot44259,Edge-Loc,wf_image_10846.png,train
10847,10847,533.0,lot40659,Loc,wf_image_10847.png,test
10848,10848,533.0,lot40383,Scratch,wf_image_10848.png,train
10849,10849,562.0,lot47194,Scratch,wf_image_10849.png,train
10850,10850,515.0,lot39623,Center,wf_image_10850.png,cal
10851,10851,1291.0,lot7397,Edge-Ring,wf_image_10851.png,val
10852,10852,1075.0,lot12910,Edge-Ring,wf_image_10852.png,cal
10853,10853,1334.0,lot17150,Donut,wf_image_10853.png,train
10854,10854,562.0,lot47008,Edge-Loc,wf_image_10854.png,train
10855,10855,1075.0,lot2509,Edge-Ring,wf_image_10855.png,train
10856,10856,1075.0,lot23106,Edge-Ring,wf_image_10856.png,train
10857,10857,3036.0,lot12749,Edge-Ring,wf_image_10857.png,train
10858,10858,776.0,lot40794,Scratch,wf_image_10858.png,test
10859,10859,518.0,lot44958,Edge-Loc,wf_image_10859.png,train
